code,name,slug,brand,category,price,qty,skillLevel,imageFileName,shortDescription,isDuplicate
ADVSLEEP-BLK,Adv Sound Silicone Unibody Earbuds Black,adv-sound-silicone-unibody-earbuds-black,ADV Sound,Pro Audio,360.0,165,Beginner,NONE,,
ADVSLEEP-BLU,Adv Sound Silicone Unibody Earbuds Blue,adv-sound-silicone-unibody-earbuds-blue,ADV Sound,Pro Audio,360.0,165,Beginner,NONE,,
ADVSLEEP-RED,Adv Sound Silicone Unibody Earbuds Red,adv-sound-silicone-unibody-earbuds-red,ADV Sound,Pro Audio,360.0,165,Beginner,NONE,,
ADVSLEEP-WHT,Adv Sound Silicone Unibody Earbuds White,adv-sound-silicone-unibody-earbuds-white,ADV Sound,Pro Audio,360.0,165,Beginner,NONE,,
ADVSLEEPW-BLK,Adv Sound Wireless Silicone Unibody Earbuds,adv-sound-wireless-silicone-unibody-earbuds,ADV Sound,Accessories,570.0,265,Beginner,NONE,,
AQCC12,Aquarian 12  Classic Clear Head,aquarian-12-classic-clear-head,Aquarian,Accessories,445.0,4,Beginner,NONE,,
AQCC13,Aquarian 13  Classic Clear Head,aquarian-13-classic-clear-head,Aquarian,Accessories,365.0,3,Beginner,NONE,,
AQCC14,Aquarian 14  Classic Clear Head,aquarian-14-classic-clear-head,Aquarian,Accessories,495.0,1,Beginner,NONE,,
AQCC16,Aquarian 16  Classic Clear Head,aquarian-16-classic-clear-head,Aquarian,Accessories,555.0,8,Beginner,NONE,,
AQCCFX10,Aquarian 10  Clear Focus X Head,aquarian-10-clear-focus-x-head,Aquarian,Accessories,560.0,1,Beginner,NONE,,
AQCCFX12,Aquarian 12  Clear Focus X Head,aquarian-12-clear-focus-x-head,Aquarian,Accessories,595.0,1,Beginner,NONE,,
AQCCSN12,Aquarian 12  Classic Clear Snare Bottom,aquarian-12-classic-clear-snare-bottom,Aquarian,Drums and Percussion,292.6,1,Beginner,NONE,,
AQCCSN13,Aquarian 13  Classic Clear Snare Bottom,aquarian-13-classic-clear-snare-bottom,Aquarian,Drums and Percussion,280.8,1,Beginner,NONE,,
AQDVII18,Aquarian 18  Deep Vintage Ii Head,aquarian-18-deep-vintage-ii-head,Aquarian,Accessories,1099.8,1,Beginner,NONE,,
AQFB22,Aquarian 22  Bass Clear Batter & Kp1,aquarian-22-bass-clear-batter-kp1,Aquarian,Accessories,1160.0,67,Beginner,NONE,,
AQFOR8,Aquarian 8  Force Ten Clear Head,aquarian-8-force-ten-clear-head,Aquarian,Accessories,538.2,2,Beginner,NONE,,
AQFR22BK,Aquarian 22  Black Bass Resonant & Phbk,aquarian-22-black-bass-resonant-phbk,Aquarian,Accessories,1195.0,44,Beginner,NONE,,
AQHE13,Aquarian 13  Hi Energy Head,aquarian-13-hi-energy-head,Aquarian,Accessories,526.6,1,Beginner,NONE,,
AQHF15,Aquarian 15  Hi Frequency 1Ply Thin Head,aquarian-15-hi-frequency-1ply-thin-head,Aquarian,Accessories,318.2,1,Beginner,NONE,,
AQMODII10,Aquarian 10  Modern Vintage Ii,aquarian-10-modern-vintage-ii,Aquarian,Accessories,560.0,3,Beginner,NONE,,
AQMOTCM16,Aquarian 16  Modern Vintage,aquarian-16-modern-vintage,Aquarian,Accessories,660.0,1,Beginner,NONE,,
AQNOS13,Aquarian 13  New Orleans Special Head,aquarian-13-new-orleans-special-head,Aquarian,Accessories,436.4,3,Beginner,NONE,,
AQPA3,Aquarian Kickpatch,aquarian-kickpatch,Aquarian,Accessories,327.6,13,Beginner,NONE,,
AQPF10,Aquarian 10  2Ply  W.Glue Head,aquarian-10-2ply-wglue-head,Aquarian,Accessories,480.0,6,Beginner,NONE,,
AQPF12,Aquarian 12  2Ply With Glue Head,aquarian-12-2ply-with-glue-head,Aquarian,Accessories,540.0,6,Beginner,NONE,,
AQPF16,Aquarian 16  2Ply With Glue Head,aquarian-16-2ply-with-glue-head,Aquarian,Accessories,740.0,6,Beginner,NONE,,
AQREF8,Aquarian 8  Reflector Black Head,aquarian-8-reflector-black-head,Aquarian,Accessories,514.8,1,Beginner,NONE,,
AQRSM22BK,Aquarian 22  Reg Sm Port/Ring Black,aquarian-22-reg-sm-portring-black,Aquarian,Accessories,1295.0,13,Beginner,NONE,,
AQRSP210,Aquarian 10  Response 2 2Ply Head,aquarian-10-response-2-2ply-head,Aquarian,Accessories,480.0,2,Beginner,NONE,,
AQRSP212,Aquarian 12  Response 2 2Ply Head,aquarian-12-response-2-2ply-head,Aquarian,Accessories,540.0,1,Beginner,NONE,,
AQRSP216,Aquarian 16  Response 2 2Ply Head,aquarian-16-response-2-2ply-head,Aquarian,Accessories,740.0,7,Beginner,NONE,,
AQRSP2B,Aquarian Response2 12 13 16 Prepack,aquarian-response2-12-13-16-prepack,Aquarian,Accessories,2170.0,1,Intermediate,NONE,,
AQS210,Aquarian 10  Super-2 2Ply Head,aquarian-10-super-2-2ply-head,Aquarian,Accessories,480.0,6,Beginner,NONE,,
AQS212,Aquarian 12  Super-2 2Ply Head,aquarian-12-super-2-2ply-head,Aquarian,Accessories,540.0,9,Beginner,NONE,,
AQS214,Aquarian 14  Super-2 2Ply Head,aquarian-14-super-2-2ply-head,Aquarian,Accessories,620.0,3,Beginner,NONE,,
AQS216,Aquarian 16  Super-2  2Ply Head,aquarian-16-super-2-2ply-head,Aquarian,Accessories,740.0,9,Beginner,NONE,,
AQS2B,Aquarian Super2 12 13 16 Prepack,aquarian-super2-12-13-16-prepack,Aquarian,Accessories,2170.0,2,Intermediate,NONE,,
AQSK1022,Aquarian 22  Super Kick 10 With Stkp2 Bass,aquarian-22-super-kick-10-with-stkp2-bass,Aquarian,Accessories,1760.0,3,Beginner,NONE,,
AQSKII22,Aquarian 22  Clr Dbl Ply Super Kick,aquarian-22-clr-dbl-ply-super-kick,Aquarian,Accessories,1650.0,10,Beginner,NONE,,
AQSM16,Aquarian 16  Super Mesh Head,aquarian-16-super-mesh-head,Aquarian,Accessories,456.4,2,Beginner,NONE,,
AQSRSET1,Aquarian Studio Rings Set 12 13 14 16,aquarian-studio-rings-set-12-13-14-16,Aquarian,Accessories,327.6,1,Beginner,NONE,,
AQSRSET9,Aquarian 16  Studio E Ring Single,aquarian-16-studio-e-ring-single,Aquarian,Accessories,58.6,10,Beginner,NONE,,
AQST4,Aquarian Snarestrip,aquarian-snarestrip,Aquarian,Drums and Percussion,187.2,5,Beginner,NONE,,
AQTA1,Aquarian T-Tab,aquarian-t-tab,Aquarian,Accessories,187.2,39,Beginner,NONE,,
AQTC8,Aquarian 8  Satin White Finsih Head,aquarian-8-satin-white-finsih-head,Aquarian,Accessories,304.2,1,Beginner,NONE,,
AQTCC,Aquarian Tc10 12 16 Prepack,aquarian-tc10-12-16-prepack,Aquarian,Accessories,1995.0,1,Beginner,NONE,,
AQTCFX12,Aquarian 12  Tex Coated Focus X White Hd,aquarian-12-tex-coated-focus-x-white-hd,Aquarian,Accessories,660.0,2,Beginner,NONE,,
AQTCFX16,Aquarian 16  Tex Coated Focus X White Hd,aquarian-16-tex-coated-focus-x-white-hd,Aquarian,Accessories,895.0,1,Beginner,NONE,,
AQTCFX8,Aquarian 8  Tex Coated Focus X White Hea,aquarian-8-tex-coated-focus-x-white-hea,Aquarian,Accessories,421.2,1,Beginner,NONE,,
AQTCPD14,Aquarian 14  Tex Ctd With Bot Pwdot D/Head,aquarian-14-tex-ctd-with-bot-pwdot-dhead,Aquarian,Accessories,620.0,67,Beginner,NONE,,
AQTCPF12,Aquarian 12  Tex Ctd Perf Ii 2Ply Head,aquarian-12-tex-ctd-perf-ii-2ply-head,Aquarian,Accessories,595.0,1,Beginner,NONE,,
AQTCPF16,Aquarian 16  Tex Ctd Perf 11 2Ply Head,aquarian-16-tex-ctd-perf-11-2ply-head,Aquarian,Accessories,840.0,1,Beginner,NONE,,
AQTCPF16B,Aquarian 16  Perf Ii Bass Head,aquarian-16-perf-ii-bass-head,Aquarian,Accessories,1120.0,1,Beginner,NONE,,
AQTCREF13,Aquarian 13  Tex Ctd Reflector,aquarian-13-tex-ctd-reflector,Aquarian,Accessories,672.8,1,Beginner,NONE,,
AQTCRSP216,Aquarian 16  Tex Ctd Response 2 2Ply Hea,aquarian-16-tex-ctd-response-2-2ply-hea,Aquarian,Accessories,840.0,2,Beginner,NONE,,
AQTCRSP28,Aquarian 8  Tex Ctd Response 2 2Ply Head,aquarian-8-tex-ctd-response-2-2ply-head,Aquarian,Accessories,374.4,1,Beginner,NONE,,
AQTCS28,Aquarian 8  Super-2 2Ply Texture Coated,aquarian-8-super-2-2ply-texture-coated,Aquarian,Accessories,374.4,1,Beginner,NONE,,
AQTCSX16,Aquarian 16  Tex Coated Studio X,aquarian-16-tex-coated-studio-x,Aquarian,Accessories,795.0,3,Beginner,NONE,,
AQTRP13,Aquarian 13  Triple Threat Snare Head,aquarian-13-triple-threat-snare-head,Aquarian,Drums and Percussion,819.0,5,Beginner,NONE,,
AQTRP14,Aquarian 14  Triple Threat Snare Head,aquarian-14-triple-threat-snare-head,Aquarian,Drums and Percussion,840.0,7,Beginner,NONE,,
AQVEL14,Aquarian 14  Hi-Velocity Head,aquarian-14-hi-velocity-head,Aquarian,Accessories,680.0,38,Beginner,NONE,,
AR230621,Arturia Keylab 49 Mkii Black,arturia-keylab-49-mkii-black,Arturia,Keyboards,16375.0,2,Professional,NONE,,
AR230622,Arturia Keylab 49 Mkii White,arturia-keylab-49-mkii-white,Arturia,Keyboards,16495.0,1,Professional,NONE,,
AR230701,Arturia Astrolab 61 White,arturia-astrolab-61-white,Arturia,Keyboards,39995.0,4,Professional,NONE,,
AR231501,Arturia Minilab Mk 3 White,arturia-minilab-mk-3-white,Arturia,Accessories,3075.0,37,Intermediate,NONE,,
AR231502,Arturia Minilab Mk 3 Black,arturia-minilab-mk-3-black,Arturia,Accessories,3075.0,30,Intermediate,NONE,,
AR231506,Arturia Minilab Mak3 Mint Edition,arturia-minilab-mak3-mint-edition,Arturia,Accessories,2999.0,1,Intermediate,NONE,,
AR231521,Arturia Essential 49 Mk3 White,arturia-essential-49-mk3-white,Arturia,Accessories,5895.0,9,Intermediate,NONE,,
AR231522,Arturia Essential 49 Mk3 Black,arturia-essential-49-mk3-black,Arturia,Accessories,5895.0,4,Intermediate,NONE,,
AR231531,Arturia Essential 61 Mk3 White,arturia-essential-61-mk3-white,Arturia,Accessories,7160.0,17,Intermediate,NONE,,
AR231532,Arturia Essential 61 Mk3 Black,arturia-essential-61-mk3-black,Arturia,Accessories,7160.0,13,Intermediate,NONE,,
AR231541,Arturia Essential 88 Mk3 White,arturia-essential-88-mk3-white,Arturia,Accessories,10550.0,1,Professional,NONE,,
AR231542,Arturia Keylab Essential 88 Mk3 Black,arturia-keylab-essential-88-mk3-black,Arturia,Keyboards,10550.0,1,Professional,NONE,,
AR231622,Arturia Keylab 49 Mk3 Black,arturia-keylab-49-mk3-black,Arturia,Keyboards,13265.0,1,Professional,NONE,,
AR430211,Arturia Keystep Professional,arturia-keystep-professional,Arturia,Accessories,14195.0,1,Professional,NONE,,
AR531003,Arturia Minibrute 2 Noir,arturia-minibrute-2-noir,Arturia,Accessories,16295.0,1,Professional,NONE,,
AR561101,Arturia Drumbrute Impact,arturia-drumbrute-impact,Arturia,Drums and Percussion,9550.0,1,Intermediate,NONE,,
AR571001,Arturia Mini Freak,arturia-mini-freak,Arturia,Accessories,16470.0,3,Professional,NONE,,
AR800101,Arturia Minifuse 1 Black,arturia-minifuse-1-black,Arturia,Accessories,3185.0,11,Intermediate,NONE,,
AR800102,Arturia Minifuse 2 Black,arturia-minifuse-2-black,Arturia,Accessories,4385.0,23,Intermediate,NONE,,
AR800103,Arturia Minifuse 4 Black,arturia-minifuse-4-black,Arturia,Accessories,6370.0,1,Intermediate,NONE,,
AR800111,Arturia Minifuse 1 White,arturia-minifuse-1-white,Arturia,Accessories,3185.0,11,Intermediate,NONE,,
AR800112,Arturia Minifuse 2 White,arturia-minifuse-2-white,Arturia,Accessories,4385.0,23,Intermediate,NONE,,
AR830101,Arturia Audiofuse Studio,arturia-audiofuse-studio,Arturia,Accessories,28965.0,1,Professional,NONE,,
AR831002,Arturia Audiofuse X8,arturia-audiofuse-x8,Arturia,Accessories,11105.0,2,Professional,NONE,,
CGABLEG600CEN,Crafter Able G600Cen Classic Guitar,crafter-able-g600cen-classic-guitar,Crafter Guitars,Guitars and Ukuleles,11405.0,1,Professional,NONE,,
CGABLEG620CEN,Crafter Able G620Ce Classic Guitar,crafter-able-g620ce-classic-guitar,Crafter Guitars,Guitars and Ukuleles,12055.0,1,Professional,NONE,,
CGDE8MHBR,Crafter De8 Mh Acoustic Guitar,crafter-de8-mh-acoustic-guitar,Crafter Guitars,Guitars and Ukuleles,12515.0,1,Professional,NONE,,
CGHD100CEOPN,Crafter Acoustic Guitar Hd100 Cutaway + Pickup,crafter-acoustic-guitar-hd100-cutaway-pickup,Crafter Guitars,Guitars and Ukuleles,6335.0,12,Intermediate,NONE,,
CGHD100OPN,Crafter Acoustic Guitar Hd100Op Natural,crafter-acoustic-guitar-hd100op-natural,Crafter Guitars,Guitars and Ukuleles,4235.0,11,Intermediate,NONE,,
CGHD250CEN,Crafter D/Naught Guitar Hd250 Cutaway Natural,crafter-dnaught-guitar-hd250-cutaway-natural,Crafter Guitars,Guitars and Ukuleles,7055.0,3,Intermediate,NONE,,
CGHG100CEOPN,Crafter Acoustic Guitar Cg100 Cutaway + Pickup,crafter-acoustic-guitar-cg100-cutaway-pickup,Crafter Guitars,Guitars and Ukuleles,6335.0,12,Intermediate,NONE,,
CGHG100OPN,Crafter Hg100 Acoustic Guitar Open Pore,crafter-hg100-acoustic-guitar-open-pore,Crafter Guitars,Guitars and Ukuleles,4235.0,11,Intermediate,NONE,,
CGNOBLEVTGEDIT,Crafter Noble Vtg Edition Guitar,crafter-noble-vtg-edition-guitar,Crafter Guitars,Guitars and Ukuleles,10235.0,1,Professional,NONE,,
CGSNT16CEPRO,Crafter Snt 16Ce Professional Acoustic Guitar,crafter-snt-16ce-professional-acoustic-guitar,Crafter Guitars,Guitars and Ukuleles,13245.0,2,Professional,NONE,,
CGSTGG22CEPRO,Crafter G/Audit Stg G22Ce Professional Acoustic Guitar,crafter-gaudit-stg-g22ce-professional-acoustic-guitar,Crafter Guitars,Guitars and Ukuleles,14855.0,13,Professional,NONE,,
CGSTGG28CEPRO,Crafter Stg 28Ce Professional Acoustic Guitar,crafter-stg-28ce-professional-acoustic-guitar,Crafter Guitars,Guitars and Ukuleles,15205.0,5,Professional,NONE,,
CGTE6MHBR,Crafter Te6 Mh Acoustic Guitar,crafter-te6-mh-acoustic-guitar,Crafter Guitars,Guitars and Ukuleles,11135.0,1,Professional,NONE,,
CGTPBST,Crafter Gig Bag For Electric Guitar,crafter-gig-bag-for-electric-guitar,Crafter Guitars,Guitars and Ukuleles,1075.0,14,Beginner,NONE,,
CGVLG22CEPRO,Crafter Vl G22Ce Professional Acoustic Guitar,crafter-vl-g22ce-professional-acoustic-guitar,Crafter Guitars,Guitars and Ukuleles,15865.0,1,Professional,NONE,,
CGVLG28CEPRO,Crafter Vlg28 Ce Professional Acoustic Guitar,crafter-vlg28-ce-professional-acoustic-guitar,Crafter Guitars,Guitars and Ukuleles,16185.0,1,Professional,NONE,,
CGVLG28CEVSPRO,Crafter Vlg28Ce Professional Acoustic Guitar,crafter-vlg28ce-professional-acoustic-guitar,Crafter Guitars,Guitars and Ukuleles,16955.0,1,Professional,NONE,,
CS263H,Conn Selmer Bassoon Reed Hard,conn-selmer-bassoon-reed-hard,Conn Selmer,Wind and Brass,497.2,3,Beginner,NONE,,
CS2952B,Conn Selmer Polishing Cloth Lacquer,conn-selmer-polishing-cloth-lacquer,Conn Selmer,Accessories,245.0,1,Beginner,NONE,,
CSFL650EDIR,Conn Selmer Flute Split E Outfit,conn-selmer-flute-split-e-outfit,Conn Selmer,Wind and Brass,9908.8,1,Intermediate,NONE,,
CSP2KIT,Conn Selmer Clarinet Mouthpiece With Cap,conn-selmer-clarinet-mouthpiece-with-cap,Conn Selmer,Wind and Brass,895.0,2,Beginner,NONE,,
CSP3KIT,Conn Primo Plastic Alto Mouthpiece With Cap,conn-primo-plastic-alto-mouthpiece-with-cap,Conn Selmer,Accessories,895.0,3,Beginner,NONE,,
SAGAB10014,Saga A Breton Violin Bow 1/4 Size,saga-a-breton-violin-bow-14-size,Saga,Strings,365.0,2,Beginner,NONE,,
SAGAB116FC,Saga A Breton 4/4 Cello Bow Professional,saga-a-breton-44-cello-bow-professional,Saga,Strings,1555.0,2,Beginner,NONE,,
SAGVP6112,Saga A Breton 1/2 Violin Tailpiece,saga-a-breton-12-violin-tailpiece,Saga,Strings,305.0,3,Beginner,NONE,,
SAGVP6114,Saga A Breton 1/4 Violin Tailpiece,saga-a-breton-14-violin-tailpiece,Saga,Strings,305.0,2,Beginner,NONE,,
SAGVP6118,Saga A Breton 1/8 Violin Tailpiece,saga-a-breton-18-violin-tailpiece,Saga,Strings,305.0,8,Beginner,NONE,,
SAGVP61C,Saga A Breton 4/4 Cello Tailpiece,saga-a-breton-44-cello-tailpiece,Saga,Strings,755.0,4,Beginner,NONE,,
SAGVP70K,Saga A Breton 3/4 4/4 Violin Shoulder Rest,saga-a-breton-34-44-violin-shoulder-rest,Saga,Strings,295.0,131,Beginner,NONE,,
SAGVP70KS,Saga A Breton 1/4 1/2 Violin Shoulder Rest,saga-a-breton-14-12-violin-shoulder-rest,Saga,Strings,295.0,24,Beginner,NONE,,
DM1008,Dean Markley Plain Singles .008P,dean-markley-plain-singles-008p,Dean Markley,Accessories,5.0,154,Beginner,NONE,,
DM1018,Dean Markley Plain Singles .018P,dean-markley-plain-singles-018p,Dean Markley,Accessories,5.0,52,Beginner,NONE,,
DM1019,Dean Markley Plain Singles .019P,dean-markley-plain-singles-019p,Dean Markley,Accessories,5.0,3,Beginner,NONE,,
DM1770,Dean Markley Round Wound Bass .070,dean-markley-round-wound-bass-070,Dean Markley,Accessories,50.0,3,Beginner,NONE,,
DM2038,Dean Mark Blue Steel Ac Bro Med Lt 13-58,dean-mark-blue-steel-ac-bro-med-lt-13-58,Dean Markley,Accessories,60.0,9,Beginner,NONE,,
DM2306,Dean Markley Banjo String Set Medium,dean-markley-banjo-string-set-medium,Dean Markley,Guitars and Ukuleles,60.0,4,Beginner,NONE,,
DM2402,Dean Markley Mandolin Phos Bronze Lt,dean-markley-mandolin-phos-bronze-lt,Dean Markley,Accessories,60.0,2,Beginner,NONE,,
DM2505A,Dean Markley Signature Electric 11-52 Medium,dean-markley-signature-electric-11-52-medium,Dean Markley,Accessories,60.0,21,Beginner,NONE,,
DM2556,Dean Markley Blue Steel Electric Reg 10-46,dean-markley-blue-steel-electric-reg-10-46,Dean Markley,Accessories,60.0,6,Beginner,NONE,,
DM2562,Dean Markley Blue Steel Electric Med 11-52,dean-markley-blue-steel-electric-med-11-52,Dean Markley,Accessories,60.0,1,Beginner,NONE,,
DM2670,Dean Markley Blue Steel Bass X Light,dean-markley-blue-steel-bass-x-light,Dean Markley,Accessories,60.0,1,Beginner,NONE,,
DM2672,Dean Markley Blue Steel Bass  Set Lt,dean-markley-blue-steel-bass-set-lt,Dean Markley,Accessories,60.0,2,Beginner,NONE,,
RESKG330BK,Dixon Electric Guitar Machine Heads Black,dixon-electric-guitar-machine-heads-black,Dixon,Guitars and Ukuleles,955.0,16,Beginner,NONE,,
RESKG330CR,Dixon Electric Guitar Machine Heads Chrome,dixon-electric-guitar-machine-heads-chrome,Dixon,Guitars and Ukuleles,575.0,7,Beginner,NONE,,
RESKG330NK,Dixon Electric Guitar Machine Heads Nickel,dixon-electric-guitar-machine-heads-nickel,Dixon,Guitars and Ukuleles,575.0,7,Beginner,NONE,,
RESKG443BK,Dixon Bass Guitar Machine Heads Black 4Set,dixon-bass-guitar-machine-heads-black-4set,Dixon,Guitars and Ukuleles,1235.0,2,Beginner,NONE,,
RESKG443GD,Dixon Bass Guitar Machine Heads Gold 4Set,dixon-bass-guitar-machine-heads-gold-4set,Dixon,Guitars and Ukuleles,1365.0,3,Beginner,NONE,,
RESKU259,Dixon Ukulele Machine Heads,dixon-ukulele-machine-heads,Dixon,Guitars and Ukuleles,155.0,26,Beginner,NONE,,
PAKE266-HP,Dixon Speed Wrench,dixon-speed-wrench,Dixon Drums,Accessories,125.0,116,Beginner,NONE,,
PAKE271-HP,Dixon Drum Key 2Pcs,dixon-drum-key-2pcs,Dixon Drums,Drums and Percussion,95.0,3,Beginner,NONE,,
PAKEIVBRBP,Dixon Brite Drum Key Led Light,dixon-brite-drum-key-led-light,Dixon Drums,Drums and Percussion,215.0,5,Beginner,NONE,,
PAKERLWHP,Dixon Ratchet Lug Wrench,dixon-ratchet-lug-wrench,Dixon Drums,Accessories,215.0,6,Beginner,NONE,,
PAMFRH5C1BX,Dixon Red Hots Tone Dampeners Combo,dixon-red-hots-tone-dampeners-combo,Dixon Drums,Accessories,185.0,154,Beginner,NONE,,
PARF102,Dixon Rubber Feet For 9290 Stand,dixon-rubber-feet-for-9290-stand,Dixon Drums,Accessories,55.0,9,Beginner,NONE,,
PAWNCT8HP,Dixon Plastic Cymbal Topper 8Mm Thread,dixon-plastic-cymbal-topper-8mm-thread,Dixon Drums,Drums and Percussion,75.0,26,Beginner,NONE,,
PAWS-11U-HP,Dixon Metal Cup Washer,dixon-metal-cup-washer,Dixon Drums,Accessories,35.0,37,Beginner,NONE,,
PAWS9B1/4HP,Dixon Felt Washer For Cymbal Stands,dixon-felt-washer-for-cymbal-stands,Dixon Drums,Drums and Percussion,85.0,167,Beginner,NONE,,
PAWSMCWHP,Dixon Metal Cymbal Washer 4Pc,dixon-metal-cymbal-washer-4pc,Dixon Drums,Drums and Percussion,65.0,37,Beginner,NONE,,
PDCM,Dixon Mini Drum Claw,dixon-mini-drum-claw,Dixon Drums,Drums and Percussion,65.0,46,Beginner,NONE,,
PDML26CF,Dixon S/Row 6  Wooden Tambourine,dixon-srow-6-wooden-tambourine,Dixon Drums,Accessories,530.0,4,Beginner,NONE,,
PDP38,Dixon 8  Practise Pad Natural Rebound,dixon-8-practise-pad-natural-rebound,Dixon Drums,Accessories,595.0,34,Beginner,NONE,,
PDP481HP,Dixon 6  Practise Pad,dixon-6-practise-pad,Dixon Drums,Accessories,595.0,5,Beginner,NONE,,
PDPC8SP,Dixon 8  Practise Pad With Strap,dixon-8-practise-pad-with-strap,Dixon Drums,Accessories,595.0,18,Beginner,NONE,,
PDSCL554ST,Dixon 5.5X14 Classic Steel Snare Drum,dixon-55x14-classic-steel-snare-drum,Dixon Drums,Drums and Percussion,4250.0,0,Intermediate,NONE,,
PDZC3F,Dixon Bass Drum Claw Hook 4 Set 1.5Mm,dixon-bass-drum-claw-hook-4-set-15mm,Dixon Drums,Drums and Percussion,250.0,22,Beginner,NONE,,
PHT014C1,Dixon 14  Clear Bottom Snare Head,dixon-14-clear-bottom-snare-head,Dixon Drums,Drums and Percussion,95.0,0,Beginner,NONE,,
PHT114C1,Dixon 14  Clear Drum Head,dixon-14-clear-drum-head,Dixon Drums,Drums and Percussion,95.0,0,Beginner,NONE,,
PHT120MSBKDIX,Dixon 20  Mesh Drum Head,dixon-20-mesh-drum-head,Dixon Drums,Drums and Percussion,265.0,1,Beginner,NONE,,
PHT122MSBKDIX,Dixon 22  Mesh Drum Head,dixon-22-mesh-drum-head,Dixon Drums,Drums and Percussion,295.0,2,Beginner,NONE,,
PHT214CT1,Dixon 14  White Coated Drum Head,dixon-14-white-coated-drum-head,Dixon Drums,Drums and Percussion,115.0,86,Beginner,NONE,,
PHZ122BKMDIX1,Dixon 22  Bas Head New Logo,dixon-22-bas-head-new-logo,Dixon Drums,Accessories,525.0,18,Beginner,NONE,,
PHZ122CBDIX1,Dixon 22  Clear Batter Drum Head,dixon-22-clear-batter-drum-head,Dixon Drums,Drums and Percussion,355.0,25,Beginner,NONE,,
PHZ122CMDIX1,Dixon 22  Drum Head Clear Res,dixon-22-drum-head-clear-res,Dixon Drums,Drums and Percussion,395.0,21,Beginner,NONE,,
PHZ122CTMDIX1,Dixon 22  White Bass Head New Logo,dixon-22-white-bass-head-new-logo,Dixon Drums,Accessories,445.0,22,Beginner,NONE,,
PHZ226CT1,Dixon 26  White Marching Bass Head,dixon-26-white-marching-bass-head,Dixon Drums,Accessories,425.0,44,Beginner,NONE,,
PKS014SNHP,Dixon 14  Maple Hoop Snare Drum  Top,dixon-14-maple-hoop-snare-drum-top,Dixon Drums,Drums and Percussion,965.0,8,Beginner,NONE,,
PKS3138HP,Dixon 13  Power Snare Hoop 8 Hole,dixon-13-power-snare-hoop-8-hole,Dixon Drums,Drums and Percussion,355.0,0,Beginner,NONE,,
PKS3140HP,Dixon 14  Power Sanre Hoop 10 Hole,dixon-14-power-sanre-hoop-10-hole,Dixon Drums,Accessories,365.0,1,Beginner,NONE,,
PKS3148HP,Dixon 14  Power Snare Hoop 8 Hole,dixon-14-power-snare-hoop-8-hole,Dixon Drums,Drums and Percussion,365.0,2,Beginner,NONE,,
PKT014SNHP,Dixon 14  Maple Wood Hoop Snare Drum,dixon-14-maple-wood-hoop-snare-drum,Dixon Drums,Drums and Percussion,965.0,8,Beginner,NONE,,
PKT3106HP,Dixon 10  Hoop 6 Hole,dixon-10-hoop-6-hole,Dixon Drums,Accessories,325.0,0,Beginner,NONE,,
PKT3126HP,Dixon 12  Power Hoop 6 Hole,dixon-12-power-hoop-6-hole,Dixon Drums,Accessories,355.0,3,Beginner,NONE,,
PKT3140HP,Dixon 14  Power Hoop 10 Hole,dixon-14-power-hoop-10-hole,Dixon Drums,Accessories,365.0,3,Beginner,NONE,,
PKT3148HP,Dixon 14  Power Hoop 8 Hole,dixon-14-power-hoop-8-hole,Dixon Drums,Accessories,365.0,1,Beginner,NONE,,
PKT3168HP,Dixon 16  Power Hoop 8 Hole,dixon-16-power-hoop-8-hole,Dixon Drums,Accessories,425.0,4,Beginner,NONE,,
PODSPB522SB,Dixon Spark Birch 5Pc D/Kit  S/Black,dixon-spark-birch-5pc-dkit-sblack,Dixon Drums,Accessories,18655.0,3,Professional,NONE,,
PODSPB522STG,Dixon Spark Birch 5Pc D/Kit Green,dixon-spark-birch-5pc-dkit-green,Dixon Drums,Accessories,18655.0,1,Professional,NONE,,
PRCBH268RSP,Dixon Cowbell Holder With Round Post,dixon-cowbell-holder-with-round-post,Dixon Drums,Accessories,255.0,45,Beginner,NONE,,
PSG9000,Dixon Professional Latin Bongo Stand,dixon-professional-latin-bongo-stand,Dixon Drums,Accessories,2365.0,0,Intermediate,NONE,,
PSHK-7C-HP,Dixon High Hat Clutch,dixon-high-hat-clutch,Dixon Drums,Accessories,170.0,11,Beginner,NONE,,
PSHKK1HP,Dixon K Series Hihat Clutch,dixon-k-series-hihat-clutch,Dixon Drums,Drums and Percussion,495.0,25,Beginner,NONE,,
PSK110,Dixon Single Conga Stand,dixon-single-conga-stand,Dixon Drums,Drums and Percussion,3695.0,0,Intermediate,NONE,,
PSN6,Dixon Drum Throne Round Seat,dixon-drum-throne-round-seat,Dixon Drums,Drums and Percussion,1395.0,31,Beginner,NONE,,
PSN7,Dixon Drum Throne Round Seat,dixon-drum-throne-round-seat-2,Dixon Drums,Drums and Percussion,1950.0,0,Beginner,NONE,,
PSYK900I,Dixon Invisible Arm Cym Boom Stand,dixon-invisible-arm-cym-boom-stand,Dixon Drums,Accessories,3695.0,0,Intermediate,NONE,,
PSYP1I,Dixon P1 Series Cymbal Boom Stand,dixon-p1-series-cymbal-boom-stand,Dixon Drums,Drums and Percussion,1845.0,4,Beginner,NONE,,
PSYPOSI,Dixon Po Series S/Brace Cym Boom Stand,dixon-po-series-sbrace-cym-boom-stand,Dixon Drums,Accessories,1325.0,0,Beginner,NONE,,
PSYV-19C-HP,Dixon Deluxe Cymbal Sleeve 8Mm 4Pcs,dixon-deluxe-cymbal-sleeve-8mm-4pcs,Dixon Drums,Drums and Percussion,75.0,13,Beginner,NONE,,
PSYV-T1-HP,Dixon Cymbal Sleeve 4Pcs,dixon-cymbal-sleeve-4pcs,Dixon Drums,Drums and Percussion,35.0,44,Beginner,NONE,,
PSYV-T2-HP,Dixon Cymbal Sleeve 4Pcs,dixon-cymbal-sleeve-4pcs-2,Dixon Drums,Drums and Percussion,45.0,57,Beginner,NONE,,
PSYVT1HP,Dixon Cymbal Sleeve 4Pc,dixon-cymbal-sleeve-4pc,Dixon Drums,Drums and Percussion,35.0,253,Beginner,NONE,,
PYH275SP,Dixon Cymbal Holder Arm,dixon-cymbal-holder-arm,Dixon Drums,Drums and Percussion,905.0,5,Beginner,NONE,,
PYP1,Dixon Cymbal Rubber Practise Pad,dixon-cymbal-rubber-practise-pad,Dixon Drums,Drums and Percussion,135.0,4,Beginner,NONE,,
DWCP3002,Dwcp3002 3000 Series Double Pedal,dwcp3002-3000-series-double-pedal,DW,Accessories,10395.0,2,Professional,NONE,,
DWCP5000AD4,Dw Single Pedal 5000,dw-single-pedal-5000,DW,Accessories,5855.8,2,Intermediate,NONE,,
DWCP5002AD4,Dwcp5002Ad4 5000 Accelerator Double Pdl,dwcp5002ad4-5000-accelerator-double-pdl,DW,Accessories,11908.8,1,Professional,NONE,,
DWCP5300,Dw Stand Snare 5000 Series Complete,dw-stand-snare-5000-series-complete,DW,Drums and Percussion,3685.6,2,Intermediate,NONE,,
DWCP5500D,Dw Cp5500D Heavy Duty Delta Ii 3Leg Hi H,dw-cp5500d-heavy-duty-delta-ii-3leg-hi-h,DW,Accessories,6563.8,2,Intermediate,NONE,,
DWCP5700,Dw Stand Cymbal/Boom 5000 Complete,dw-stand-cymbalboom-5000-complete,DW,Drums and Percussion,3416.4,4,Intermediate,NONE,,
DWCP9000,Dw Pedal Sngl 9000,dw-pedal-sngl-9000,DW,Accessories,8927.2,1,Intermediate,NONE,,
DWSM991,Dw Single Clamp W V Memory Lock,dw-single-clamp-w-v-memory-lock,DW,Accessories,1234.4,5,Beginner,NONE,,
EL11002,Elixir Acoustic 8020 Nw Exlt 010 Set,elixir-acoustic-8020-nw-exlt-010-set,Elixir,Accessories,410.0,1,Beginner,NONE,,
EL11052,Elixir Acoustic 8020 Nw Lt 012-53 Set,elixir-acoustic-8020-nw-lt-012-53-set,Elixir,Accessories,450.0,48,Beginner,NONE,,
EL11077,Elixir Acoustic 8020 Nw Ltmed 012-56 Set,elixir-acoustic-8020-nw-ltmed-012-56-set,Elixir,Accessories,450.0,8,Beginner,NONE,,
EL11102,Elixir Acoustic 8020 Nw Med 013-56 Set,elixir-acoustic-8020-nw-med-013-56-set,Elixir,Accessories,410.0,40,Beginner,NONE,,
EL11182,Elixir Acoustic 8020 Nw Hdlt 013-53 Set,elixir-acoustic-8020-nw-hdlt-013-53-set,Elixir,Accessories,410.0,27,Beginner,NONE,,
EL12027,Elixir Electric Nckl Nw Cuslt 009-46 Set,elixir-electric-nckl-nw-cuslt-009-46-set,Elixir,Accessories,310.0,45,Beginner,NONE,,
EL12052,Elixir Electric Nckl Nw Lt 010-46 Set,elixir-electric-nckl-nw-lt-010-46-set,Elixir,Accessories,310.0,125,Beginner,NONE,,
EL12077,Elixir Electric Nckl Nw Lthvy 010-52 Set,elixir-electric-nckl-nw-lthvy-010-52-set,Elixir,Accessories,310.0,6,Beginner,NONE,,
EL12152,Elixir Electric Nckl Nw Hvy 012-52 Set,elixir-electric-nckl-nw-hvy-012-52-set,Elixir,Accessories,310.0,3,Beginner,NONE,,
EL13009,Elixir 009 Single Steel String,elixir-009-single-steel-string,Elixir,Accessories,35.0,5,Beginner,NONE,,
EL13010,Elixir 010 Single Steel String,elixir-010-single-steel-string,Elixir,Accessories,35.0,1,Beginner,NONE,,
EL13012,Elixir 012 Single Steel String,elixir-012-single-steel-string,Elixir,Accessories,35.0,12,Beginner,NONE,,
EL13016,Elixir 016 Single Steel String,elixir-016-single-steel-string,Elixir,Accessories,35.0,23,Beginner,NONE,,
EL13017,Elixir 017 Single Steel String,elixir-017-single-steel-string,Elixir,Accessories,35.0,18,Beginner,NONE,,
EL13022,Elixir 022 Single Steel String,elixir-022-single-steel-string,Elixir,Accessories,35.0,4,Beginner,NONE,,
EL14102,Elixir Bass Nckl Nw 4St Med 050-105 Set,elixir-bass-nckl-nw-4st-med-050-105-set,Elixir,Accessories,1070.0,2,Beginner,NONE,,
EL15332,Elixir Nw 0.32 Med. Single Bass String,elixir-nw-032-med-single-bass-string,Elixir,Accessories,200.0,11,Beginner,NONE,,
EL16002,Elixir Acoustic Phos Nw Exlt 010-47 Set,elixir-acoustic-phos-nw-exlt-010-47-set,Elixir,Accessories,460.0,56,Beginner,NONE,,
EL16052,Elixir Acoustic Phos Nw Lt 012-53 Set,elixir-acoustic-phos-nw-lt-012-53-set,Elixir,Accessories,460.0,135,Beginner,NONE,,
EL16102,Elixir Acoustic Phos Nw Med 013-56 Set,elixir-acoustic-phos-nw-med-013-56-set,Elixir,Accessories,460.0,4,Beginner,NONE,,
EL16538,Elixir Acoustic 8020 Nw Custlt 11-52 3 Pack,elixir-acoustic-8020-nw-custlt-11-52-3-pack,Elixir,Accessories,1055.0,22,Beginner,NONE,,
EL16539,Elixir Acoustic 8020 Nw Lt 12-53 3 Pack,elixir-acoustic-8020-nw-lt-12-53-3-pack,Elixir,Accessories,1055.0,37,Beginner,NONE,,
EL16540,Elixir Electric Nw Suplt 9-42 3 Pack,elixir-electric-nw-suplt-9-42-3-pack,Elixir,Accessories,795.0,41,Beginner,NONE,,
EL16542,Elixir Electric Nw Lt 10-46 3 Pack,elixir-electric-nw-lt-10-46-3-pack,Elixir,Accessories,795.0,54,Beginner,NONE,,
EL16544,Elixir Acoustic Phos Cuslt 11-52 3 Pack,elixir-acoustic-phos-cuslt-11-52-3-pack,Elixir,Accessories,1195.0,24,Beginner,NONE,,
EL16545,Elixir Acoustic Phos Nw Lt 12-53 3 Pack,elixir-acoustic-phos-nw-lt-12-53-3-pack,Elixir,Accessories,1195.0,55,Beginner,NONE,,
EL16546,Elixir Acoustic Phos Nw Med 13-56 3 Pack,elixir-acoustic-phos-nw-med-13-56-3-pack,Elixir,Accessories,1195.0,64,Beginner,NONE,,
EL16550,Elixir Electric Nckl Ow Suplt 9-42 3 Pack,elixir-electric-nckl-ow-suplt-9-42-3-pack,Elixir,Accessories,855.0,4,Beginner,NONE,,
EL16552,Elixir Electric Nckl Ow Lt 10-46 3 Pack,elixir-electric-nckl-ow-lt-10-46-3-pack,Elixir,Accessories,855.0,2,Beginner,NONE,,
EL19007,Elixir Electric Nickel 7Str 009 Sup Lt,elixir-electric-nickel-7str-009-sup-lt,Elixir,Accessories,510.0,16,Beginner,NONE,,
EL19027,Elixir Electric Nckl Ow Cuslt 009-46 Set,elixir-electric-nckl-ow-cuslt-009-46-set,Elixir,Accessories,330.0,6,Beginner,NONE,,
EL19052,Elixir Electric Nckl Ow Lt 010-46 Set,elixir-electric-nckl-ow-lt-010-46-set,Elixir,Accessories,330.0,32,Beginner,NONE,,
EL19102,Elixir Electric Nckl Ow Med 011-49 Set,elixir-electric-nckl-ow-med-011-49-set,Elixir,Accessories,330.0,1,Beginner,NONE,,
EL19106,Elixir Electric Nckl Ow 7St Med 011-59 Set,elixir-electric-nckl-ow-7st-med-011-59-set,Elixir,Accessories,465.0,6,Beginner,NONE,,
FZCL103,Fzone Classical Guitar String Set 28-44,fzone-classical-guitar-string-set-28-44,F-Zone,Guitars and Ukuleles,85.0,7,Beginner,NONE,,
FZK9,Fzone K9 Clip On Tuner Rechargeable Batt,fzone-k9-clip-on-tuner-rechargeable-batt,F-Zone,Accessories,445.0,1,Beginner,NONE,,
FZP4,Fzone P4 In Ear Monitor Amp,fzone-p4-in-ear-monitor-amp,F-Zone,Pro Audio,1495.0,1,Beginner,NONE,,
FAFX80,Fluid Audio 8  Studio Monitor Fader,fluid-audio-8-studio-monitor-fader,Fluid Audio,Pro Audio,7150.0,2,Intermediate,NONE,,
FASTRUMBUDDY,Fluid Audio Guitar Monitor Amp 3Watt,fluid-audio-guitar-monitor-amp-3watt,Fluid Audio,Guitars and Ukuleles,1795.0,19,Beginner,NONE,,
GCFW-KEY2000X,Gator F/Works Double X Keyboard Stand,gator-fworks-double-x-keyboard-stand,Gator,Keyboards,1840.0,75,Beginner,NONE,,DUPLICATE - REVIEW
GCFWKEY1000X,Gator F/Works X Braced Keyboard Stand,gator-fworks-x-braced-keyboard-stand,Gator,Keyboards,1410.0,30,Beginner,NONE,,DUPLICATE - REVIEW
GCFWKEY5100X,Gator H/Duty Double Braced Keyboard Stan,gator-hduty-double-braced-keyboard-stan,Gator,Keyboards,3210.0,48,Intermediate,NONE,,DUPLICATE - REVIEW
GCFWKEYBENCHSET,Gator F/Works K/Board Bench And Stand Se,gator-fworks-kboard-bench-and-stand-se,Gator,Accessories,2095.0,7,Intermediate,NONE,,
GCK61,Gator 61 Note Lightweight Keybaord Case,gator-61-note-lightweight-keybaord-case,Gator,Accessories,6065.0,9,Intermediate,NONE,,DUPLICATE - REVIEW
GCK61SLIM,Gator Lightweight 61 Slim Case,gator-lightweight-61-slim-case,Gator,Accessories,5615.0,2,Intermediate,NONE,,DUPLICATE - REVIEW
GCK88SLXL,Gator L/Weight Keyboard Case 88Slxl,gator-lweight-keyboard-case-88slxl,Gator,Keyboards,7310.0,7,Intermediate,NONE,,DUPLICATE - REVIEW
GCKB49,Gator Keyboard Bag 49 Key,gator-keyboard-bag-49-key,Gator,Keyboards,1795.0,1,Beginner,NONE,,DUPLICATE - REVIEW
GCKB61,Gator Keyboard Bag 61 Key,gator-keyboard-bag-61-key,Gator,Keyboards,2850.0,2,Intermediate,NONE,,DUPLICATE - REVIEW
GCKB61SLIM,Gator Slim Keyboard Bag 61 Key,gator-slim-keyboard-bag-61-key,Gator,Keyboards,2650.0,8,Intermediate,NONE,,DUPLICATE - REVIEW
GCKB88,Gator Keyboard Bag 88 Key,gator-keyboard-bag-88-key,Gator,Keyboards,3360.0,2,Intermediate,NONE,,DUPLICATE - REVIEW
GCKB88SLXL,Gator Keyboard Bag 88 Key Slim Long,gator-keyboard-bag-88-key-slim-long,Gator,Keyboards,3360.0,3,Intermediate,NONE,,DUPLICATE - REVIEW
GCKBE61,Gator Economy Keyboard Bag 61 Key,gator-economy-keyboard-bag-61-key,Gator,Keyboards,1110.0,9,Beginner,NONE,,DUPLICATE - REVIEW
GCKBE76,Gator Economy Keyboard Bag 76 Key,gator-economy-keyboard-bag-76-key,Gator,Keyboards,1295.0,8,Beginner,NONE,,DUPLICATE - REVIEW
GCKBE88,Gator Economy Keyboard Bag 88 Key,gator-economy-keyboard-bag-88-key,Gator,Keyboards,1460.0,21,Beginner,NONE,,DUPLICATE - REVIEW
GCKC1540,Gator Keyboard Cover Small Stretch,gator-keyboard-cover-small-stretch,Gator,Keyboards,695.0,9,Beginner,NONE,,DUPLICATE - REVIEW
GCTSAKEY61,Gator 61 Tsa Latch Poly Keyboard Case,gator-61-tsa-latch-poly-keyboard-case,Gator,Keyboards,9570.0,4,Intermediate,NONE,,
GCTSAKEY88D,Gator Tsa Latch Poly 88 K/Board Case Dee,gator-tsa-latch-poly-88-kboard-case-dee,Gator,Accessories,14750.0,1,Professional,NONE,,
REG3GCDCP,Gibraltar Cajon Pedal Double Chain,gibraltar-cajon-pedal-double-chain,Gibraltar,Drums and Percussion,5095.0,5,Intermediate,NONE,,
REG3GCP,Gibraltar New Chain Cajon Pedal,gibraltar-new-chain-cajon-pedal,Gibraltar,Drums and Percussion,4495.0,0,Intermediate,NONE,,
REG3GCPRC,Gibraltar Cajon Pedal Cable,gibraltar-cajon-pedal-cable,Gibraltar,Drums and Percussion,495.0,0,Beginner,NONE,,
REG4707,Gibraltar L/Weight Hihat Stand,gibraltar-lweight-hihat-stand,Gibraltar,Drums and Percussion,2730.0,1,Intermediate,NONE,,
REG4709,Gibraltar L/Weight Boom Cymbal Stand,gibraltar-lweight-boom-cymbal-stand,Gibraltar,Drums and Percussion,2205.0,4,Intermediate,NONE,,
REG4711SC,Gibraltar Velocity S/Chain Drive Pedal,gibraltar-velocity-schain-drive-pedal,Gibraltar,Accessories,2115.0,6,Intermediate,NONE,,
REG4711ST,Gibraltar Single Strap Style Drum Pedal,gibraltar-single-strap-style-drum-pedal,Gibraltar,Drums and Percussion,1765.0,4,Beginner,NONE,,
REG5608,Gibraltar Drum Throne Round Seat,gibraltar-drum-throne-round-seat,Gibraltar,Drums and Percussion,2775.0,6,Intermediate,NONE,,
REG5707,Gibraltar Med D/Braced Hihat Stand,gibraltar-med-dbraced-hihat-stand,Gibraltar,Drums and Percussion,2795.0,4,Intermediate,NONE,,
REG5709,Gibraltar Med D/Braced Cymbal Boom Stand,gibraltar-med-dbraced-cymbal-boom-stand,Gibraltar,Drums and Percussion,2905.0,21,Intermediate,NONE,,
REG5711DB,Gibraltar Double Bass Drum Pedal,gibraltar-double-bass-drum-pedal,Gibraltar,Drums and Percussion,6265.0,0,Intermediate,NONE,,
REG5711S,Gibraltar Single Bass Drum Pedal,gibraltar-single-bass-drum-pedal,Gibraltar,Drums and Percussion,2625.0,27,Intermediate,NONE,,
REG6608,Gibraltar Motorcycle Drum Throne,gibraltar-motorcycle-drum-throne,Gibraltar,Drums and Percussion,3275.0,6,Intermediate,NONE,,
REG6700PK,Gibraltar 6700 Series Hardware Pack,gibraltar-6700-series-hardware-pack,Gibraltar,Accessories,17250.0,1,Professional,NONE,,
REG6706E,Gibraltar Multipad Floor Stand,gibraltar-multipad-floor-stand,Gibraltar,Accessories,2095.0,1,Intermediate,NONE,,
REG9608MB,Gibraltar Drum Throne Moto Seat With Back R,gibraltar-drum-throne-moto-seat-with-back-r,Gibraltar,Drums and Percussion,9195.0,1,Intermediate,NONE,,
REG9709BT,Gibraltar Cymbal Boom Stand,gibraltar-cymbal-boom-stand,Gibraltar,Drums and Percussion,4430.0,1,Intermediate,NONE,,
REGBDP,Gibraltar 8  Practise Bass Drum,gibraltar-8-practise-bass-drum,Gibraltar,Drums and Percussion,2215.0,2,Intermediate,NONE,,
REGDJGEMAT,Gibraltar Table Mount Dj Electronics,gibraltar-table-mount-dj-electronics,Gibraltar,Accessories,3160.0,2,Intermediate,NONE,,
REGDMS,Gibraltar Drum Monitor Prac System Modul,gibraltar-drum-monitor-prac-system-modul,Gibraltar,Drums and Percussion,10495.0,3,Professional,NONE,,
REGGDS5,Gibraltar 24X66  Sound Shield 5 Panel,gibraltar-24x66-sound-shield-5-panel,Gibraltar,Accessories,17275.0,0,Professional,NONE,,
REGGP0016,Gibraltar Hihat Upper Pull Rod,gibraltar-hihat-upper-pull-rod,Gibraltar,Drums and Percussion,170.0,2,Beginner,NONE,,
REGGRC5S,Gibraltar Single Drum Pedal Road Class,gibraltar-single-drum-pedal-road-class,Gibraltar,Drums and Percussion,2550.0,4,Intermediate,NONE,,
REGHPMR,Gibraltar Monitor Headphones Red Logo,gibraltar-monitor-headphones-red-logo,Gibraltar,Pro Audio,3815.0,16,Intermediate,NONE,,
REGKSKT75,Gibraltar Single Tier Keyboard Tree Stan,gibraltar-single-tier-keyboard-tree-stan,Gibraltar,Keyboards,11395.0,1,Professional,NONE,,
REGRK107,Gibraltar Rock Series Hihat Stand,gibraltar-rock-series-hihat-stand,Gibraltar,Drums and Percussion,2195.0,0,Intermediate,NONE,,
REGRK108,Gibraltar Rock Series Round Drum Throne,gibraltar-rock-series-round-drum-throne,Gibraltar,Drums and Percussion,3195.0,4,Intermediate,NONE,,
REGSC0009,Gibraltar Wing Screws 8Mm,gibraltar-wing-screws-8mm,Gibraltar,Accessories,120.0,62,Beginner,NONE,,
REGSC0052,Gibraltar Spring With Triangle Hook Bass Dr,gibraltar-spring-with-triangle-hook-bass-dr,Gibraltar,Accessories,105.0,20,Beginner,NONE,,
REGSC1316,Gibraltar 13  Snappy Snare 16 Strand,gibraltar-13-snappy-snare-16-strand,Gibraltar,Drums and Percussion,240.0,58,Beginner,NONE,,
REGSC4244,Gibraltar Drum Key,gibraltar-drum-key,Gibraltar,Drums and Percussion,85.0,92,Beginner,NONE,,
REGSC4421,Gibraltar Economy Hihat Clutch,gibraltar-economy-hihat-clutch,Gibraltar,Drums and Percussion,225.0,61,Beginner,NONE,,
REGSC4421D,Gibraltar Hihat Clutch,gibraltar-hihat-clutch,Gibraltar,Drums and Percussion,335.0,71,Beginner,NONE,,
REGSC4425G,Gibraltar Attachment Clamp,gibraltar-attachment-clamp,Gibraltar,Accessories,815.0,25,Beginner,NONE,,
REGSC4425STMB,Gibraltar Splash Tree Boom Arm,gibraltar-splash-tree-boom-arm,Gibraltar,Accessories,1760.0,6,Beginner,NONE,,
REGSC4425XHMB,Gibraltar X Hat On Mini Boom Arm,gibraltar-x-hat-on-mini-boom-arm,Gibraltar,Accessories,2050.0,6,Intermediate,NONE,,
REGSC4459,Gibraltar 14  Snappy Snare 16 Strand,gibraltar-14-snappy-snare-16-strand,Gibraltar,Drums and Percussion,270.0,87,Beginner,NONE,,
REGSC4467,Gibraltar 14  Snappy Snare 20 Strand,gibraltar-14-snappy-snare-20-strand,Gibraltar,Drums and Percussion,285.0,33,Beginner,NONE,,
REGSC4471,Gibraltar 14  Snappy Snare 42 Strand,gibraltar-14-snappy-snare-42-strand,Gibraltar,Drums and Percussion,610.0,54,Beginner,NONE,,
REGSC4B,Gibraltar Tension Rod 52Mm With Washer,gibraltar-tension-rod-52mm-with-washer,Gibraltar,Accessories,95.0,122,Beginner,NONE,,
REGSC4C,Gibraltar 42Mm Tension Rod,gibraltar-42mm-tension-rod,Gibraltar,Accessories,85.0,102,Beginner,NONE,,
REGSC4E,Gibraltar 57Mm Tension Rod With Washer,gibraltar-57mm-tension-rod-with-washer,Gibraltar,Accessories,95.0,101,Beginner,NONE,,
REGSC4J,Gibraltar 35Mm Tension Rod With Washer,gibraltar-35mm-tension-rod-with-washer,Gibraltar,Accessories,85.0,135,Beginner,NONE,,
REGSCBDHMM,Gibraltar 8  G/Neck Bass Drum Microphone Mount,gibraltar-8-gneck-bass-drum-microphone-mount,Gibraltar,Drums and Percussion,795.0,28,Beginner,NONE,,
REGSCBDKRL,Gibraltar 6Mm Bass Drum Tension Rod,gibraltar-6mm-bass-drum-tension-rod,Gibraltar,Drums and Percussion,110.0,82,Beginner,NONE,,
REGSCBDKRS,Gibraltar Bass Drum Tension Rod With Washer,gibraltar-bass-drum-tension-rod-with-washer,Gibraltar,Drums and Percussion,170.0,59,Beginner,NONE,,
REGSCBDTRL,Gibraltar 135Mm Bass Drum Tension Rod 6,gibraltar-135mm-bass-drum-tension-rod-6,Gibraltar,Drums and Percussion,320.0,86,Beginner,NONE,,
REGSCBDTRS,Gibraltar Bass Drum Tension Rod With Washer,gibraltar-bass-drum-tension-rod-with-washer-2,Gibraltar,Drums and Percussion,350.0,88,Beginner,NONE,,
REGSCBPL,Gibraltar Leather Bass Drum Beater Pad,gibraltar-leather-bass-drum-beater-pad,Gibraltar,Drums and Percussion,220.0,42,Beginner,NONE,,
REGSCCAM,Gibraltar Cymbal Arm Mount,gibraltar-cymbal-arm-mount,Gibraltar,Drums and Percussion,870.0,12,Beginner,NONE,,
REGSCCFL4,Gibraltar Large Cymbal Felt Pack 4Pcs,gibraltar-large-cymbal-felt-pack-4pcs,Gibraltar,Drums and Percussion,155.0,118,Beginner,NONE,,
REGSCCMBAC,Gibraltar Med Cymbal Boom Attach Clamp,gibraltar-med-cymbal-boom-attach-clamp,Gibraltar,Drums and Percussion,1435.0,4,Beginner,NONE,,
REGSCDACMPH,Gibraltar Dual Phone Holder Clamp,gibraltar-dual-phone-holder-clamp,Gibraltar,Accessories,1595.0,15,Beginner,NONE,,
REGSCDPP,Gibraltar Double Pedal Pad Pack,gibraltar-double-pedal-pad-pack,Gibraltar,Accessories,110.0,65,Beginner,NONE,,
REGSCEMARM,Gibraltar Multipad Extension Arm,gibraltar-multipad-extension-arm,Gibraltar,Accessories,1595.0,19,Beginner,NONE,,
REGSCEXDGC,Gibraltar Extended Dual Grabber Clamp,gibraltar-extended-dual-grabber-clamp,Gibraltar,Accessories,1495.0,19,Beginner,NONE,,
REGSCGCRMC,Gibraltar Chrome Multi Clamp,gibraltar-chrome-multi-clamp,Gibraltar,Accessories,970.0,8,Beginner,NONE,,
REGSCGFTPR,Gibraltar Floor Tom Pedal Riser,gibraltar-floor-tom-pedal-riser,Gibraltar,Drums and Percussion,1360.0,15,Beginner,NONE,,
REGSCGPHP6B,Gibraltar Gib Port Hole Protector 6  Black,gibraltar-gib-port-hole-protector-6-black,Gibraltar,Accessories,165.0,33,Beginner,NONE,,
REGSCGPHP6C,Gibraltar Gib Port Hole Protector 6  Crm,gibraltar-gib-port-hole-protector-6-crm,Gibraltar,Accessories,280.0,4,Beginner,NONE,,
REGSCGPMT,Gibraltar Pocket Multi Tool,gibraltar-pocket-multi-tool,Gibraltar,Accessories,330.0,34,Beginner,NONE,,
REGSCRMAADP,Gibraltar Rmaa Inserts,gibraltar-rmaa-inserts,Gibraltar,Accessories,95.0,33,Beginner,NONE,,
REGSCSBLAML,Gibraltar 12.7Mm Single Ball Arm,gibraltar-127mm-single-ball-arm,Gibraltar,Accessories,1260.0,19,Beginner,NONE,,
REGSCSBLAMM,Gibraltar 10.5Mm Single Ball Arm,gibraltar-105mm-single-ball-arm,Gibraltar,Accessories,1260.0,13,Beginner,NONE,,
REGSCSBLAMS,Gibraltar 9.5Mm Single Ball Arm,gibraltar-95mm-single-ball-arm,Gibraltar,Accessories,1260.0,14,Beginner,NONE,,
REGSCSLR,Gibraltar Knurled Rod 26.5Mm,gibraltar-knurled-rod-265mm,Gibraltar,Accessories,350.0,24,Beginner,NONE,,
REGSCTL1A,Gibraltar 9.5Mm Floor Tom Legs,gibraltar-95mm-floor-tom-legs,Gibraltar,Drums and Percussion,540.0,6,Beginner,NONE,,
REGSCTL2A,Gibraltar Floor Tom Legs,gibraltar-floor-tom-legs,Gibraltar,Drums and Percussion,595.0,1,Beginner,NONE,,
REGSDF,Gibraltar Docking Station Frame Clamp,gibraltar-docking-station-frame-clamp,Gibraltar,Accessories,5210.0,1,Intermediate,NONE,,
REGVDSH25,Gibraltar Drum Shield Hinge,gibraltar-drum-shield-hinge,Gibraltar,Drums and Percussion,495.0,21,Beginner,NONE,,
GCGLCLARINETA,Gator Lightweight Clarinet Case,gator-lightweight-clarinet-case,Gator,Wind and Brass,1995.0,2,Beginner,NONE,,
GCGLTENORSAXA,Gator Lightweight Tenor Sax Case,gator-lightweight-tenor-sax-case,Gator,Wind and Brass,3280.0,1,Intermediate,NONE,,
GCGLTRUMPETA,Gator Lightweight Trumpet Case,gator-lightweight-trumpet-case,Gator,Wind and Brass,2930.0,10,Intermediate,NONE,,
GCTENORSAX,Gator Tenor Sax Case,gator-tenor-sax-case,Gator,Wind and Brass,4195.0,2,Intermediate,NONE,,
GCRI-MUSICSTD1,Rok It Fold Up Music Stand With Bag Black,rok-it-fold-up-music-stand-with-bag-black,Gator,Accessories,560.0,41,Beginner,NONE,,
GCP007A,Gator Stick & Mallet Bag Standard,gator-stick-mallet-bag-standard,Gator,Accessories,610.0,17,Beginner,NONE,,
GCP08X08,Gator 8X8 Padded Tom Drum Bag,gator-8x8-padded-tom-drum-bag,Gator,Drums and Percussion,670.0,1,Beginner,NONE,,
GCP1009,Gator 10X9 Padded Drum Bag,gator-10x9-padded-drum-bag,Gator,Drums and Percussion,496.0,3,Beginner,NONE,,
GCP1209,Gator 12X9 Tom Bag,gator-12x9-tom-bag,Gator,Drums and Percussion,640.0,6,Beginner,NONE,,
GCP13055SD,Gator 13X5.5 Snare Bag,gator-13x55-snare-bag,Gator,Drums and Percussion,750.0,1,Beginner,NONE,,
GCP14X12,Gator 14X12 Tom Bag,gator-14x12-tom-bag,Gator,Drums and Percussion,870.0,1,Beginner,NONE,,
GCP1814BD,Gator 18X14 Bass Drum Bag,gator-18x14-bass-drum-bag,Gator,Drums and Percussion,1250.0,2,Beginner,NONE,,
GCP2018BD,Gator 20X18 Bass Drum Bag,gator-20x18-bass-drum-bag,Gator,Drums and Percussion,1550.0,11,Beginner,NONE,,
GCP2216BD,Gator 22X16 Bass Drum Bag,gator-22x16-bass-drum-bag,Gator,Drums and Percussion,1580.0,2,Beginner,NONE,,
GCP2218BD,Gator 22X18 Bass Drum Bag,gator-22x18-bass-drum-bag,Gator,Drums and Percussion,1570.0,1,Beginner,NONE,,
GCPC1008,Gator 10X8 Roto Molded Tom Case,gator-10x8-roto-molded-tom-case,Gator,Drums and Percussion,2820.0,1,Intermediate,NONE,,
GCPC1209,Gator 12X9 Roto Molded Tom Case,gator-12x9-roto-molded-tom-case,Gator,Drums and Percussion,3050.0,1,Intermediate,NONE,,
GCPC1408SD,Gator 14X8 Roto Snare Case,gator-14x8-roto-snare-case,Gator,Drums and Percussion,3780.0,1,Intermediate,NONE,,
GCPC1412,Gator 14X12 Roto Molded Tom Case,gator-14x12-roto-molded-tom-case,Gator,Drums and Percussion,3630.0,1,Intermediate,NONE,,
GCPC1455SD,Gator 14X5.5 Roto Snare Case,gator-14x55-roto-snare-case,Gator,Drums and Percussion,3530.0,2,Intermediate,NONE,,
GCPC1465SD,Gator 14X6.5 Roto Snare Case,gator-14x65-roto-snare-case,Gator,Drums and Percussion,3730.0,1,Intermediate,NONE,,
GCPC1614,Gator 16X14 Roto Molded Tom Case,gator-16x14-roto-molded-tom-case,Gator,Drums and Percussion,4295.0,1,Intermediate,NONE,,
GCPC2218BD,Gator Roto Molded 22X18 Bass Drum Case,gator-roto-molded-22x18-bass-drum-case,Gator,Drums and Percussion,7430.0,1,Intermediate,NONE,,
GCPCONGAW,Gator Conga Bag,gator-conga-bag,Gator,Drums and Percussion,3025.0,7,Intermediate,NONE,,
GCPCYMBAK22,Gator 22  Cymbal Backpack Bag,gator-22-cymbal-backpack-bag,Gator,Drums and Percussion,3430.0,1,Intermediate,NONE,,
GCPEKIT3616BW,Gator Electric Drum Kit Bag With Wheels,gator-electric-drum-kit-bag-with-wheels,Gator,Drums and Percussion,6470.0,1,Intermediate,NONE,,
GCPFUSION100,Gator Fusion 5 Piece Drum Bag Set,gator-fusion-5-piece-drum-bag-set,Gator,Drums and Percussion,4595.0,1,Intermediate,NONE,,
GCPFUSION16,Gator  Fusion 16 Drum Bag Set,gator-fusion-16-drum-bag-set,Gator,Drums and Percussion,4320.0,3,Intermediate,NONE,,
GCPSTANDARD100,Gator 5 Piece Standard Drum Bag Set,gator-5-piece-standard-drum-bag-set,Gator,Drums and Percussion,4740.0,1,Intermediate,NONE,,
GCPSTICKBAGDLX,Gator Deluxe Stick Bag,gator-deluxe-stick-bag,Gator,Accessories,2340.0,2,Intermediate,NONE,,
GBEUKECON,Gator Concert Ukulele Gig Bag,gator-concert-ukulele-gig-bag,Gator,Guitars and Ukuleles,820.0,7,Beginner,NONE,,
GBEUKESOP,Gator Soprano Ukulele Gig Bag,gator-soprano-ukulele-gig-bag,Gator,Guitars and Ukuleles,730.0,9,Beginner,NONE,,
GBEUKETEN,Gator Tenor Ukulele Gig Bag,gator-tenor-ukulele-gig-bag,Gator,Guitars and Ukuleles,815.0,4,Beginner,NONE,,
GCBASS4PK,Gator Bass Case Deluxe,gator-bass-case-deluxe,Gator,Accessories,4430.0,2,Intermediate,NONE,,
GCBEBASS,Gator Padded Bass Guitar Bag With Straps,gator-padded-bass-guitar-bag-with-straps,Gator,Guitars and Ukuleles,965.0,23,Beginner,NONE,,
GCBECLASSIC,Gator Padded Classic Guitar Bag With Straps,gator-padded-classic-guitar-bag-with-straps,Gator,Guitars and Ukuleles,935.0,28,Beginner,NONE,,
GCBEDREAD,Gator Padded Dread Guitar Bag With Straps,gator-padded-dread-guitar-bag-with-straps,Gator,Guitars and Ukuleles,1020.0,9,Beginner,NONE,,
GCBEELECT,Gator Padded Electric Guitar Bag With Straps,gator-padded-electric-guitar-bag-with-straps,Gator,Guitars and Ukuleles,895.0,11,Beginner,NONE,,
GCCLASSIC4PK,Gator Classic Deluxe Case 4Pk,gator-classic-deluxe-case-4pk,Gator,Accessories,3820.0,2,Intermediate,NONE,,
GCDREAD,Gator Dreadnaught Guitar Case Deluxe,gator-dreadnaught-guitar-case-deluxe,Gator,Guitars and Ukuleles,4020.0,1,Intermediate,NONE,,
GCDREAD-12,Gator 12 String D/Naught Guitar Case,gator-12-string-dnaught-guitar-case,Gator,Guitars and Ukuleles,3995.0,3,Intermediate,NONE,,
GCGLBASS,Gator Lightweight Bass Case,gator-lightweight-bass-case,Gator,Accessories,3270.0,4,Intermediate,NONE,,
GCGLELECTRIC,Gator Lightweight Electric Case,gator-lightweight-electric-case,Gator,Accessories,3080.0,3,Intermediate,NONE,,
GCGTRFRETMUTELG,Gator Guitar Fret Mute 1 Pack Large Black,gator-guitar-fret-mute-1-pack-large-black,Gator,Guitars and Ukuleles,170.0,19,Beginner,NONE,,
GCGTRFRETMUTEMD,Gator Guitar Fret Mute 1 Pack Medium Black,gator-guitar-fret-mute-1-pack-medium-black,Gator,Guitars and Ukuleles,170.0,30,Beginner,NONE,,
GCGTRFRETMUTESM,Gator Guitar Fret Mute 1 Pack Small Black,gator-guitar-fret-mute-1-pack-small-black,Gator,Guitars and Ukuleles,170.0,23,Beginner,NONE,,
GCGTRPWRDCP40,Gator Pedal Power Cable 40,gator-pedal-power-cable-40,Gator,Accessories,50.0,32,Beginner,NONE,,
GCTRPWR2XCURREN,Gator Power Supply Doubler Cable,gator-power-supply-doubler-cable,Gator,Accessories,75.0,3,Beginner,NONE,,
GCTSAGTRDREAD,Gator Tsa Latch Dreadnaught Guitar Case,gator-tsa-latch-dreadnaught-guitar-case,Gator,Guitars and Ukuleles,5410.0,2,Intermediate,NONE,,
GCWBASS,Gator Traditional Bass Case,gator-traditional-bass-case,Gator,Accessories,4020.0,1,Intermediate,NONE,,
GCWDREAD,Gator Traditional Dread Case,gator-traditional-dread-case,Gator,Accessories,3370.0,6,Intermediate,NONE,,
GCWEBASS,Gator Traditional Wooden Bass Case Rect,gator-traditional-wooden-bass-case-rect,Gator,Accessories,3420.0,5,Intermediate,NONE,,
GCWECLASSIC,Gator Economy Style Classic Case,gator-economy-style-classic-case,Gator,Accessories,3195.0,2,Intermediate,NONE,,
GCWEELEC,Gator Traditional Wooden Electric Case Rect,gator-traditional-wooden-electric-case-rect,Gator,Accessories,3030.0,10,Intermediate,NONE,,
GCWELECTRIC,Gator Deluxe Electric Wood Case,gator-deluxe-electric-wood-case,Gator,Accessories,3430.0,2,Intermediate,NONE,,
GCWELECTRIC-TW,Gator Traditional Electric Guitar Case,gator-traditional-electric-guitar-case,Gator,Guitars and Ukuleles,4095.0,4,Intermediate,NONE,,
GCWELECTVIN,Gator Dlx Wood Electric Case Vintage Bro,gator-dlx-wood-electric-case-vintage-bro,Gator,Accessories,4170.0,2,Intermediate,NONE,,
GCWELPSBLK,Gator Les Paul Style Guitar Case Wooden,gator-les-paul-style-guitar-case-wooden,Gator,Guitars and Ukuleles,3295.0,2,Intermediate,NONE,,
GCWEUKESOP,Gator Soprano Ukulele Case,gator-soprano-ukulele-case,Gator,Guitars and Ukuleles,1813.6,4,Beginner,NONE,,
GCWLPBROWN,Gator Traditional Les Paul Case Brown,gator-traditional-les-paul-case-brown,Gator,Accessories,3780.0,2,Intermediate,NONE,,
GCFW-GTRHNGRBLK,Frameworks Guitar Wall Hanger Black,frameworks-guitar-wall-hanger-black,Gator,Guitars and Ukuleles,275.0,95,Beginner,NONE,,
GCFW-GTRHNGRMHG,Frameworks Guitar Wall Hanger Mahog,frameworks-guitar-wall-hanger-mahog,Gator,Guitars and Ukuleles,385.0,89,Beginner,NONE,,
GCFW-GTRHNGRMPL,Frameworks Guitar Wall Hanger Maple,frameworks-guitar-wall-hanger-maple,Gator,Guitars and Ukuleles,385.0,32,Beginner,NONE,,
GCFW-GTRHNGRSCH,Frameworks Guitar Wall Hanger Sat Chrome,frameworks-guitar-wall-hanger-sat-chrome,Gator,Guitars and Ukuleles,385.0,17,Beginner,NONE,,
GCFW-MICUKEHNGR,Frameworks Uke & Mandolin Hanger,frameworks-uke-mandolin-hanger,Gator,Guitars and Ukuleles,395.0,29,Beginner,NONE,,
GCFW-UKEHNGRBLK,Frameworks Ukulele Wall Hanger Black,frameworks-ukulele-wall-hanger-black,Gator,Guitars and Ukuleles,185.0,14,Beginner,NONE,,
GCFW-UKEHNGRMPL,Frameworks Uke Wall Hanger Maple,frameworks-uke-wall-hanger-maple,Gator,Guitars and Ukuleles,240.0,71,Beginner,NONE,,DUPLICATE - REVIEW
GCFW-UKEHNGRMPL,Frameworks Uke Wall Hanger Maple,frameworks-uke-wall-hanger-maple-2,Gator,Guitars and Ukuleles,240.0,71,Beginner,NONE,,DUPLICATE - REVIEW
GCFWCLOSHNGRDLX,Frameworks Dlx Closet Yoke Guitar Hanger,frameworks-dlx-closet-yoke-guitar-hanger,Gator,Guitars and Ukuleles,415.0,44,Beginner,NONE,,
GCFWGTRCLOSETHN,Frameworks Closet Guitar Yoke Hanger,frameworks-closet-guitar-yoke-hanger,Gator,Guitars and Ukuleles,230.0,27,Beginner,NONE,,
GCRI-GTRAU,Gator Rok It A Frame Dual Guitar Stand,gator-rok-it-a-frame-dual-guitar-stand,Gator,Guitars and Ukuleles,440.0,10,Beginner,NONE,,
GCRI-GTRAU2X,Gator Rok It A-Frame 2X Guitar Stand,gator-rok-it-a-frame-2x-guitar-stand,Gator,Guitars and Ukuleles,485.0,19,Beginner,NONE,,
GCRIGTRRACK3,Rok It 3 Guitar Rack Stand,rok-it-3-guitar-rack-stand,Gator,Guitars and Ukuleles,1070.0,7,Beginner,NONE,,
GCPASTAND1B,Gator Speaker Stand Cover Stretcy Black,gator-speaker-stand-cover-stretcy-black,Gator,Pro Audio,1097.4,1,Beginner,NONE,,
GCPATRANSLG,Gator Case Lrg Pa Passport System,gator-case-lrg-pa-passport-system,Gator,Accessories,4637.8,4,Intermediate,NONE,,
GCRR4L,Gator 4U Rolling Rack Case,gator-4u-rolling-rack-case,Gator,Accessories,6695.0,5,Intermediate,NONE,,
GCRR8L,Gator 8U Rolling Rack,gator-8u-rolling-rack,Gator,Accessories,8640.0,1,Intermediate,NONE,,
GCRSTUDIO8U,Gator 8U Studio Rack,gator-8u-studio-rack,Gator,Accessories,3315.0,2,Intermediate,NONE,,
GCTSAUTL203008,Gator Tsa Latch Utility Case 20X30X8,gator-tsa-latch-utility-case-20x30x8,Gator,Accessories,6961.6,2,Intermediate,NONE,,
GCFW-ISOPAD-LG,Frameworks Studio Isolation Pad Large,frameworks-studio-isolation-pad-large,Gator,Accessories,810.0,42,Beginner,NONE,,
GCFW-ISOPAD-MD,Frameworks Studio Isolation Pad Medium,frameworks-studio-isolation-pad-medium,Gator,Accessories,660.0,20,Beginner,NONE,,
GCFW-ISOPAD-SM,Frameworks Studio Isolation Pad Small,frameworks-studio-isolation-pad-small,Gator,Accessories,520.0,12,Beginner,NONE,,
GCFW-MIC-CLIP,Frameworks Standard Microphone Clip Holder,frameworks-standard-microphone-clip-holder,Gator,Pro Audio,65.0,36,Beginner,NONE,,
GCFW-MIC-CLIPW,Frameworks Wireless Microphone Holder,frameworks-wireless-microphone-holder,Gator,Pro Audio,75.0,8,Beginner,NONE,,
GCFW-MIC-SM1855,Frameworks Dlx Uni S/Mount 18-55Mm,frameworks-dlx-uni-smount-18-55mm,Gator,Accessories,1450.0,1,Beginner,NONE,,
GCFW-MICSM5560,Frameworks Shockmount For Microphone 55-60Mm,frameworks-shockmount-for-microphone-55-60mm,Gator,Pro Audio,550.0,5,Beginner,NONE,,
GCFWCABLEHNGR,Frameworks Wall Mount Cable Hanger,frameworks-wall-mount-cable-hanger,Gator,Accessories,350.0,51,Beginner,NONE,,
GCFWCABLEHNGRTR,Frameworks Microphone Stand Cable Hanger Tray,frameworks-microphone-stand-cable-hanger-tray,Gator,Pro Audio,395.0,58,Beginner,NONE,,
GCFWDESKTOPRK6U,Frameworks Collapible 6U D/Top Rack,frameworks-collapible-6u-dtop-rack,Gator,Accessories,1210.0,16,Beginner,NONE,,
GCFWLAPTOP2500,Frameworks Clamp On Laptop Stand,frameworks-clamp-on-laptop-stand,Gator,Accessories,1795.0,3,Beginner,NONE,,
GCFWMIC0250,Frameworks Mini D/Top Tripod Microphone Stan,frameworks-mini-dtop-tripod-microphone-stan,Gator,Pro Audio,240.0,24,Beginner,NONE,,
GCFWMICCAMERAMT,Frameworks Camera Mount For Microphone Stand,frameworks-camera-mount-for-microphone-stand,Gator,Pro Audio,155.0,19,Beginner,NONE,,
GCFWSINGLECUP,Frameworks Clamp On Cup Holder,frameworks-clamp-on-cup-holder,Gator,Accessories,295.0,21,Beginner,NONE,,
GCFWSINGLECUPDS,Frameworks Desk Edge Cup Holder,frameworks-desk-edge-cup-holder,Gator,Accessories,520.0,46,Beginner,NONE,,
GCFWSPKMNTDSKWD,Frameworks Angled Wedge Monitor Stand,frameworks-angled-wedge-monitor-stand,Gator,Pro Audio,970.0,34,Beginner,NONE,,
GCFWSPKSTCMP,Frameworks Clamp On Studio Monitor Stand,frameworks-clamp-on-studio-monitor-stand,Gator,Pro Audio,3170.0,15,Intermediate,NONE,,
GCMPOPFILTER,Frameworks Microphone Pop Filter,frameworks-microphone-pop-filter,Gator,Pro Audio,470.0,28,Beginner,NONE,,
GCRI-MICRB10,Gator Rok It Roundbase Microphone Stand,gator-rok-it-roundbase-microphone-stand,Gator,Pro Audio,950.0,47,Beginner,NONE,,
GCRI-MICTP-FBM,Gator Rok It Boom Tripod Microphone Stand Black,gator-rok-it-boom-tripod-microphone-stand-black,Gator,Pro Audio,920.0,95,Beginner,NONE,,
GCRI-POPFILTER,Gator Rok It Single Layer Microphone Pop Filter,gator-rok-it-single-layer-microphone-pop-filter,Gator,Pro Audio,325.0,119,Beginner,NONE,,
GCRISPKRSTDSET,Gator Rok It Speaker Stand Pair With Bag,gator-rok-it-speaker-stand-pair-with-bag,Gator,Pro Audio,2530.0,19,Intermediate,NONE,,
GCK1610,Gator Midi Keyboard Bag Small,gator-midi-keyboard-bag-small,Gator,Keyboards,1095.0,2,Beginner,NONE,,
GCK2110,Gator Micro Keyboard Bag,gator-micro-keyboard-bag,Gator,Keyboards,1195.0,2,Beginner,NONE,,
GCK61,Gator 61 Note Lightweight Keybaord Case,gator-61-note-lightweight-keybaord-case-2,Gator,Accessories,6065.0,6,Intermediate,NONE,,DUPLICATE - REVIEW
GCK61SLIM,Gator Lightweight 61 Slim Case,gator-lightweight-61-slim-case-2,Gator,Accessories,5615.0,1,Intermediate,NONE,,DUPLICATE - REVIEW
GCK76,Gator L/Weight Keyboard Case 76 Key,gator-lweight-keyboard-case-76-key,Gator,Keyboards,6435.0,4,Intermediate,NONE,,
GCK88,Gator 88 Note Lightweight Keyboard Case,gator-88-note-lightweight-keyboard-case,Gator,Keyboards,6995.0,5,Intermediate,NONE,,
GCK88SLIM,Gator L/Weight 88 Slim K/Board Case,gator-lweight-88-slim-kboard-case,Gator,Accessories,6795.0,7,Intermediate,NONE,,
GCK88SLXL,Gator L/Weight Keyboard Case 88Slxl,gator-lweight-keyboard-case-88slxl-2,Gator,Keyboards,7310.0,3,Intermediate,NONE,,DUPLICATE - REVIEW
GCKB49,Gator Keyboard Bag 49 Key,gator-keyboard-bag-49-key-2,Gator,Keyboards,2360.0,1,Intermediate,NONE,,DUPLICATE - REVIEW
GCKB61,Gator Keyboard Bag 61 Key,gator-keyboard-bag-61-key-2,Gator,Keyboards,2660.0,7,Intermediate,NONE,,DUPLICATE - REVIEW
GCKB61SLIM,Gator Slim Keyboard Bag 61 Key,gator-slim-keyboard-bag-61-key-2,Gator,Keyboards,2495.0,4,Intermediate,NONE,,DUPLICATE - REVIEW
GCKB76,Gator Keyboard Bag 76 Key,gator-keyboard-bag-76-key,Gator,Keyboards,3150.0,4,Intermediate,NONE,,
GCKB76SLIM,Gator Keyboard Bag Slim 76 Key,gator-keyboard-bag-slim-76-key,Gator,Keyboards,2850.0,2,Intermediate,NONE,,
GCKB88,Gator Keyboard Bag 88 Key,gator-keyboard-bag-88-key-2,Gator,Keyboards,3150.0,16,Intermediate,NONE,,DUPLICATE - REVIEW
GCKB88SLIM,Gator Keyboard Bag Slim 88 Key,gator-keyboard-bag-slim-88-key,Gator,Keyboards,3195.0,5,Intermediate,NONE,,
GCKB88SLXL,Gator Keyboard Bag 88 Key Slim Long,gator-keyboard-bag-88-key-slim-long-2,Gator,Keyboards,3150.0,5,Intermediate,NONE,,DUPLICATE - REVIEW
GCKBE49,Gator Economy Keyboard Bag 49 Key,gator-economy-keyboard-bag-49-key,Gator,Keyboards,1010.0,1,Beginner,NONE,,
GCKBE61,Gator Economy Keyboard Bag 61 Key,gator-economy-keyboard-bag-61-key-2,Gator,Keyboards,1040.0,12,Beginner,NONE,,DUPLICATE - REVIEW
GCKBE76,Gator Economy Keyboard Bag 76 Key,gator-economy-keyboard-bag-76-key-2,Gator,Keyboards,1195.0,11,Beginner,NONE,,DUPLICATE - REVIEW
GCKBE88,Gator Economy Keyboard Bag 88 Key,gator-economy-keyboard-bag-88-key-2,Gator,Keyboards,1440.0,1,Beginner,NONE,,DUPLICATE - REVIEW
GCKC1540,Gator Keyboard Cover Small Stretch,gator-keyboard-cover-small-stretch-2,Gator,Keyboards,650.0,41,Beginner,NONE,,DUPLICATE - REVIEW
GCKC1648,Gator Keyboard Cover Large Stretch,gator-keyboard-cover-large-stretch,Gator,Keyboards,730.0,31,Beginner,NONE,,
GCTSAKEY88,Gator Tsa Latch Poly 88 Keyboard Case,gator-tsa-latch-poly-88-keyboard-case,Gator,Keyboards,13560.0,1,Professional,NONE,,
GCTSAKEY88SL,Gator Tsa Latch Poly 88 Kboard Case Slim,gator-tsa-latch-poly-88-kboard-case-slim,Gator,Accessories,12050.0,2,Professional,NONE,,
GCTSAKEY88SLXL,Gator Tsa Latch Poly 88 Kboard Case Slxl,gator-tsa-latch-poly-88-kboard-case-slxl,Gator,Accessories,12420.0,2,Professional,NONE,,
GCFW-KEY2000X,Frameworks Double X Keyboard Stand,frameworks-double-x-keyboard-stand,Gator,Keyboards,1840.0,42,Beginner,NONE,,DUPLICATE - REVIEW
GCFWKEY1000X,Frameworks X Braced Keyboard Stand,frameworks-x-braced-keyboard-stand,Gator,Keyboards,1410.0,12,Beginner,NONE,,DUPLICATE - REVIEW
GCFWKEY5100X,Frameworks H/Duty D/Brace Keyboard Stand,frameworks-hduty-dbrace-keyboard-stand,Gator,Keyboards,3210.0,27,Intermediate,NONE,,DUPLICATE - REVIEW
GCRI-KEYX1,Rok It Single X Keyboard Stand 2 Piece,rok-it-single-x-keyboard-stand-2-piece,Gator,Keyboards,810.0,25,Beginner,NONE,,
GE409690,Gewa Mute Magnetic Vln,gewa-mute-magnetic-vln,Gewa,Accessories,295.0,5,Beginner,NONE,,
GE414873,Gewa 4/4 Violin Fingerboard Marking,gewa-44-violin-fingerboard-marking,Gewa,Strings,195.0,1,Beginner,NONE,,
GE414875,Gewa 1/2 Violin Fingerboard Marking,gewa-12-violin-fingerboard-marking,Gewa,Strings,195.0,21,Beginner,NONE,,
GE414876,Gewa 1/4 Violin Fingerboard Marking,gewa-14-violin-fingerboard-marking,Gewa,Strings,195.0,6,Beginner,NONE,,
GE414877,Gewa 1/8 Violin Fingerboard Marking,gewa-18-violin-fingerboard-marking,Gewa,Strings,195.0,26,Beginner,NONE,,
GE464800,Gewa Viol Cleaner,gewa-viol-cleaner,Gewa,Accessories,395.0,16,Beginner,NONE,,
GE730735,Gewa Flute Pad Set Pearl F430,gewa-flute-pad-set-pearl-f430,Gewa,Wind and Brass,2795.0,1,Intermediate,NONE,,
GE730800,Gewa Clarinet Pad Set Cl80,gewa-clarinet-pad-set-cl80,Gewa,Wind and Brass,1410.0,1,Beginner,NONE,,
GE730907,Gewa Clarinet Pad 10Mm,gewa-clarinet-pad-10mm,Gewa,Wind and Brass,80.0,70,Beginner,NONE,,
GE730908,Gewa Clarinet Pad 10.5Mm,gewa-clarinet-pad-105mm,Gewa,Wind and Brass,110.0,120,Beginner,NONE,,
GE730911,Gewa Clarinet Pad 12Mm,gewa-clarinet-pad-12mm,Gewa,Wind and Brass,85.0,29,Beginner,NONE,,
GE731156,Gewa Sax Pad 9Mm,gewa-sax-pad-9mm,Gewa,Wind and Brass,90.0,11,Beginner,NONE,,
GE731157,Gewa Sax Pad 9.5Mm,gewa-sax-pad-95mm,Gewa,Wind and Brass,90.0,9,Beginner,NONE,,
GE731167,Gewa Sax Pad 14.5Mm,gewa-sax-pad-145mm,Gewa,Wind and Brass,90.0,29,Beginner,NONE,,
GE731168,Gewa Sax Pad 15Mm,gewa-sax-pad-15mm,Gewa,Wind and Brass,90.0,29,Beginner,NONE,,
GE731169,Gewa Sax Pad 15.5Mm,gewa-sax-pad-155mm,Gewa,Wind and Brass,90.0,9,Beginner,NONE,,
GE731170,Gewa Sax Pad 16Mm,gewa-sax-pad-16mm,Gewa,Wind and Brass,90.0,9,Beginner,NONE,,
GE731173,Gewa Sax Pad 17.5Mm,gewa-sax-pad-175mm,Gewa,Wind and Brass,105.0,29,Beginner,NONE,,
GE731174,Gewa Sax Pad 18Mm,gewa-sax-pad-18mm,Gewa,Wind and Brass,165.0,6,Beginner,NONE,,
GE731175,Gewa Sax Pad 18.5Mm,gewa-sax-pad-185mm,Gewa,Wind and Brass,165.0,9,Beginner,NONE,,
GE731176,Gewa Sax Pad 19Mm,gewa-sax-pad-19mm,Gewa,Wind and Brass,165.0,3,Beginner,NONE,,
GE731182,Gewa Sax Pad 22Mm,gewa-sax-pad-22mm,Gewa,Wind and Brass,185.0,19,Beginner,NONE,,
GE731184,Gewa Sax Pad 23Mm,gewa-sax-pad-23mm,Gewa,Wind and Brass,185.0,19,Beginner,NONE,,
GE731188,Gewa Sax Pad 25Mm,gewa-sax-pad-25mm,Gewa,Wind and Brass,205.0,10,Beginner,NONE,,
GE731189,Gewa Sax Pad 25.5Mm,gewa-sax-pad-255mm,Gewa,Wind and Brass,205.0,18,Beginner,NONE,,
GE731198,Gewa Sax Pad 30Mm,gewa-sax-pad-30mm,Gewa,Wind and Brass,205.0,10,Beginner,NONE,,
GE731206,Gewa Sax Pad 34Mm,gewa-sax-pad-34mm,Gewa,Wind and Brass,240.0,7,Beginner,NONE,,
GE731208,Gewa Sax Pad 35Mm,gewa-sax-pad-35mm,Gewa,Wind and Brass,240.0,9,Beginner,NONE,,
GE731212,Gewa Sax Pad 37Mm,gewa-sax-pad-37mm,Gewa,Wind and Brass,275.0,5,Beginner,NONE,,
GE731216,Gewa Sax Pad 39Mm,gewa-sax-pad-39mm,Gewa,Wind and Brass,275.0,5,Beginner,NONE,,
GE731220,Gewa Sax Pad 41Mm,gewa-sax-pad-41mm,Gewa,Wind and Brass,330.0,9,Beginner,NONE,,
GE731222,Gewa Sax Pad 42Mm,gewa-sax-pad-42mm,Gewa,Wind and Brass,330.0,5,Beginner,NONE,,
GE731226,Gewa Sax Pad 44Mm,gewa-sax-pad-44mm,Gewa,Wind and Brass,330.0,9,Beginner,NONE,,
GE731228,Gewa Sax Pad 45Mm,gewa-sax-pad-45mm,Gewa,Wind and Brass,330.0,7,Beginner,NONE,,
GE731415,Gewa Flute Pad 17.5Mm,gewa-flute-pad-175mm,Gewa,Wind and Brass,105.0,23,Beginner,NONE,,
GE731416,Gewa Flute Pad 18Mm,gewa-flute-pad-18mm,Gewa,Wind and Brass,140.0,32,Beginner,NONE,,
GE731417,Gewa Flute Pad 18.5Mm,gewa-flute-pad-185mm,Gewa,Wind and Brass,105.0,28,Beginner,NONE,,
HF1103BK,Halifax 60  Gold Plated Mace Black Shaft,halifax-60-gold-plated-mace-black-shaft,Halifax,Accessories,8500.0,6,Intermediate,NONE,,
HF18,Halifax Calfskin 18,halifax-calfskin-18,Halifax,Accessories,410.0,8,Beginner,NONE,,
HF20,Halifax 20,halifax-20,Halifax,Accessories,465.0,8,Beginner,NONE,,
HF22,Halifax Calfskin 22,halifax-calfskin-22,Halifax,Accessories,525.0,8,Beginner,NONE,,
HF26,Halifax Calfskin 26,halifax-calfskin-26,Halifax,Accessories,631.8,2,Beginner,NONE,,
HF28,Halifax 28,halifax-28,Halifax,Accessories,702.0,2,Beginner,NONE,,
HF30,Halifax 30,halifax-30,Halifax,Accessories,773.4,7,Beginner,NONE,,
HF32,Halifax Calfskin 32,halifax-calfskin-32,Halifax,Accessories,855.2,9,Beginner,NONE,,
HF34,Halifax Calfskin 34,halifax-calfskin-34,Halifax,Accessories,926.6,10,Beginner,NONE,,
HF36,Halifax Calfskin 36,halifax-calfskin-36,Halifax,Accessories,938.4,7,Beginner,NONE,,
HF38,Halifax Calfskin 38,halifax-calfskin-38,Halifax,Accessories,702.0,3,Beginner,NONE,,
HFWCGM,Halifax White Cotton Gloves Medium,halifax-white-cotton-gloves-medium,Halifax,Accessories,112.4,3,Beginner,NONE,,
HFWCGS,Halifax White Cotton Gloves Small,halifax-white-cotton-gloves-small,Halifax,Accessories,112.4,19,Beginner,NONE,,
HFBA,Hanflag Stick Bottle Opener,hanflag-stick-bottle-opener,Han Flag Percussion,Accessories,105.0,22,Beginner,NONE,,
HFBF5ANAT,Hanflag 5A Blue Fire Natural Hickory Wood,hanflag-5a-blue-fire-natural-hickory-wood,Han Flag Percussion,Accessories,135.0,365,Beginner,NONE,,
HFBF5BW,Hanflag 5B Blue Fire  Hickory Wood,hanflag-5b-blue-fire-hickory-wood,Han Flag Percussion,Accessories,135.0,307,Beginner,NONE,,
HFBF7ANAT,Hanflag 7A Blue Fire Wood  Hickory,hanflag-7a-blue-fire-wood-hickory,Han Flag Percussion,Accessories,135.0,382,Beginner,NONE,,
HFBF7AWWHT,Hanflag 7A Blue Fire  White Hickory Wood,hanflag-7a-blue-fire-white-hickory-wood,Han Flag Percussion,Accessories,135.0,22,Beginner,NONE,,
HFPR10,Hanflag 10  Practise Pad Octagon Single,hanflag-10-practise-pad-octagon-single,Han Flag Percussion,Accessories,725.0,18,Beginner,NONE,,
HFPR12,Hanflag 12  Practise Pad Octagon Single,hanflag-12-practise-pad-octagon-single,Han Flag Percussion,Accessories,865.0,9,Beginner,NONE,,
BM10HX,Hidersine Violin Varnish Cleaner,hidersine-violin-varnish-cleaner,Hidersine,Strings,85.0,18,Beginner,NONE,,
BM12VX,Hidersine Violin Rosin Junior,hidersine-violin-rosin-junior,Hidersine,Strings,105.0,1,Beginner,NONE,,
BM1670,Hidersine 3/4-4/4 Oxbury Violin Shoulder Rest,hidersine-34-44-oxbury-violin-shoulder-rest,Hidersine,Strings,255.0,133,Beginner,NONE,,
BM2984,Hidersine Tourte Violin Mute,hidersine-tourte-violin-mute,Hidersine,Strings,70.0,40,Beginner,NONE,,
BM2986,Hidersine Cello Mute,hidersine-cello-mute,Hidersine,Strings,150.0,2,Beginner,NONE,,
BM30H,Hidersine Peg Paste Compound,hidersine-peg-paste-compound,Hidersine,Accessories,120.0,16,Beginner,NONE,,
BM6B,Hidersine D/Bass Rosin,hidersine-dbass-rosin,Hidersine,Strings,195.0,6,Beginner,NONE,,
BM6CX,Hidersine Cello Rosin Deluxe,hidersine-cello-rosin-deluxe,Hidersine,Strings,205.0,6,Beginner,NONE,,
BMH100C,Hidersine 1/2 Violin String Set,hidersine-12-violin-string-set,Hidersine,Strings,645.0,2,Beginner,NONE,,
BMH101,Hidersine Violin E String,hidersine-violin-e-string,Hidersine,Strings,60.0,6,Beginner,NONE,,
BMH102,Hidersine Violin A String,hidersine-violin-a-string,Hidersine,Strings,260.0,16,Beginner,NONE,,
BMH103,Hidersine Violin D String,hidersine-violin-d-string,Hidersine,Strings,330.0,7,Beginner,NONE,,
BMH104,Hidersine Violin G String,hidersine-violin-g-string,Hidersine,Strings,495.0,5,Beginner,NONE,,
BMHVSP1BK,Hidersine Violin Shoulder Pad,hidersine-violin-shoulder-pad,Hidersine,Strings,195.0,5,Beginner,NONE,,
BMWVSR01,Hidersine Maesbury Violin Shoulder Rest,hidersine-maesbury-violin-shoulder-rest,Hidersine,Strings,745.0,3,Beginner,NONE,,
JSCELLOAM,Jargar Cello Single A (Medium) I,jargar-cello-single-a-medium-i,Jargar,Strings,920.0,32,Beginner,NONE,,
JSCELLOAR,Jargar Cello A1 Red Forte,jargar-cello-a1-red-forte,Jargar,Strings,920.0,7,Beginner,NONE,,
JSCELLOC,Jargar Cello C Medium Iv,jargar-cello-c-medium-iv,Jargar,Strings,1195.0,6,Beginner,NONE,,
JSCELLOCR,Jargar Cello C4 Red Forte,jargar-cello-c4-red-forte,Jargar,Strings,1195.0,11,Beginner,NONE,,
JSCELLODM,Jargar Cello Single D Medium Ii,jargar-cello-single-d-medium-ii,Jargar,Strings,995.0,13,Beginner,NONE,,
JSCELLODR,Jargar Cello D2 Red Forte,jargar-cello-d2-red-forte,Jargar,Strings,995.0,10,Beginner,NONE,,
JSCELLOG,Jargar Cello G Medium Iii,jargar-cello-g-medium-iii,Jargar,Strings,1095.0,4,Beginner,NONE,,
JSCELLOGR,Jargar Cello G3 Red Forte,jargar-cello-g3-red-forte,Jargar,Strings,1095.0,6,Beginner,NONE,,
JSCELLOSILCR,Jargar Cello C Silver Red Forte,jargar-cello-c-silver-red-forte,Jargar,Strings,1130.0,2,Beginner,NONE,,
JSCELLOSILGR,Jargar Cello G String Silver Red Forte,jargar-cello-g-string-silver-red-forte,Jargar,Strings,1045.0,2,Beginner,NONE,,
JSVIOLA,Jarger Viola A String,jarger-viola-a-string,Jargar,Strings,372.0,8,Beginner,NONE,,
JSVIOLAG,Jarger Viola G String,jarger-viola-g-string,Jargar,Strings,418.8,1,Beginner,NONE,,
BM841A,Josef Teller 4/4 Voilin Bridge Uncut,josef-teller-44-voilin-bridge-uncut,Joseph Teller,Strings,120.0,2,Beginner,NONE,,
BM846A,Josef Teller 4/4 Violin Bridge Cut,josef-teller-44-violin-bridge-cut,Joseph Teller,Strings,175.0,3,Beginner,NONE,,
JT01042,Josef Teller 4/4 Violin Bridge Uncut,josef-teller-44-violin-bridge-uncut,Joseph Teller,Strings,145.0,58,Beginner,NONE,,
JT01042B,Josef Teller 3/4 Violin Bridge Uncut,josef-teller-34-violin-bridge-uncut,Joseph Teller,Strings,150.0,10,Beginner,NONE,,
JT01042C,Josef Teller 1/2 Violin Bridge Uncut,josef-teller-12-violin-bridge-uncut,Joseph Teller,Strings,150.0,7,Beginner,NONE,,
JT0302A,Josef Teller 4/4 Cello Bridge Uncut,josef-teller-44-cello-bridge-uncut,Joseph Teller,Strings,535.0,19,Beginner,NONE,,
JT0303F,Josef Teller 4/4 Cello Bridge Fitted,josef-teller-44-cello-bridge-fitted,Joseph Teller,Strings,865.0,8,Beginner,NONE,,
JT05,Josef Teller Violin Tailgut 3/4 -4/4,josef-teller-violin-tailgut-34--44,Joseph Teller,Strings,115.0,5,Beginner,NONE,,
JT05C,Josef Teller Violin Tailgut 1/2,josef-teller-violin-tailgut-12,Joseph Teller,Strings,76.0,11,Beginner,NONE,,
JT05D,Josef Teller Violin Tailgut 1/4,josef-teller-violin-tailgut-14,Joseph Teller,Strings,76.0,6,Beginner,NONE,,
JT06,Josef Teller Tailgut,josef-teller-tailgut,Joseph Teller,Accessories,80.0,2,Beginner,NONE,,
JT07,Josef Teller Tailgut Cello,josef-teller-tailgut-cello,Joseph Teller,Strings,155.0,6,Beginner,NONE,,
JT08,Josef Teller Tailhang D/ Bass 3/4 Metal,josef-teller-tailhang-d-bass-34-metal,Joseph Teller,Accessories,124.0,4,Beginner,NONE,,
JT0909,Josef Teller 4/4 Ebony Violin Pegs,josef-teller-44-ebony-violin-pegs,Joseph Teller,Strings,215.0,12,Beginner,NONE,,
JT0909B,Josef Teller 3/4 Ebony Violin Peg,josef-teller-34-ebony-violin-peg,Joseph Teller,Strings,215.0,8,Beginner,NONE,,
JT0909D,Josef Teller 1/4 Ebony Violin Peg,josef-teller-14-ebony-violin-peg,Joseph Teller,Strings,215.0,2,Beginner,NONE,,
JT1009,Josef Teller Viola Pegs French Style Ebo,josef-teller-viola-pegs-french-style-ebo,Joseph Teller,Strings,260.0,4,Beginner,NONE,,
JT1042F,Josef Teller 4/4  Violin Bridge Cut,josef-teller-44-violin-bridge-cut-2,Joseph Teller,Strings,195.0,27,Beginner,NONE,,
JT1042FB,Josef Teller Violin Bridge 3/4 Cut,josef-teller-violin-bridge-34-cut,Joseph Teller,Strings,195.0,7,Beginner,NONE,,
JT1042FC,Josef Teller 1/2 Violin Bridge Cut,josef-teller-12-violin-bridge-cut,Joseph Teller,Strings,195.0,11,Beginner,NONE,,
JT1042FD,Josef Teller 1/4 Violin Bridge Fitted,josef-teller-14-violin-bridge-fitted,Joseph Teller,Strings,195.0,11,Beginner,NONE,,
JT1042FE,Josef Teller 1/8 Violin Bridge Fitted,josef-teller-18-violin-bridge-fitted,Joseph Teller,Strings,195.0,5,Beginner,NONE,,
JT105,Josef Teller Cello Pegss Ebony,josef-teller-cello-pegss-ebony,Joseph Teller,Strings,348.6,8,Beginner,NONE,,
JT139C,Josef Teller 1/2 Chinrest Bakelite,josef-teller-12-chinrest-bakelite,Joseph Teller,Accessories,277.2,2,Beginner,NONE,,
JT139V,Josef Teller Viola 4/4 Chinrest,josef-teller-viola-44-chinrest,Joseph Teller,Strings,567.4,1,Beginner,NONE,,
JT2042,Josef Teller  Viola Bridge,josef-teller-viola-bridge,Joseph Teller,Strings,185.0,4,Beginner,NONE,,
JT24050,Josef Teller Viola Mute Rosewood,josef-teller-viola-mute-rosewood,Joseph Teller,Strings,125.0,6,Beginner,NONE,,
JT27013,Josef Teller Cello E-String Adjuster,josef-teller-cello-e-string-adjuster,Joseph Teller,Strings,475.0,5,Beginner,NONE,,
JT2705,Josef Teller 3/4 - 4/4 Violin Fine Tuner,josef-teller-34---44-violin-fine-tuner,Joseph Teller,Strings,120.0,31,Beginner,NONE,,
JT2705A,Josef Teller 1/2 -1/4 Violin Fine Tuner,josef-teller-12--14-violin-fine-tuner,Joseph Teller,Strings,110.0,8,Beginner,NONE,,
JT2705V,Josef Teller 4/4 Viola Fine Tuner Nickel,josef-teller-44-viola-fine-tuner-nickel,Joseph Teller,Strings,145.0,8,Beginner,NONE,,
JT302C,Josef Teller Cello Bridge Bausch 1/2,josef-teller-cello-bridge-bausch-12,Joseph Teller,Strings,478.6,55,Beginner,NONE,,
JT302D,Josef Teller Cello Bridge Bausch 1/4,josef-teller-cello-bridge-bausch-14,Joseph Teller,Strings,478.6,37,Beginner,NONE,,
JT302E,Josef Teller Cello Bridge Uncut 1/8,josef-teller-cello-bridge-uncut-18,Joseph Teller,Strings,478.6,17,Beginner,NONE,,
JT302FC,Josef Teller Cello Bridge Fitted 1/2,josef-teller-cello-bridge-fitted-12,Joseph Teller,Strings,631.8,3,Beginner,NONE,,
JT302FD,Josef Teller Cello Bridge Fitted 1/4,josef-teller-cello-bridge-fitted-14,Joseph Teller,Strings,631.8,20,Beginner,NONE,,
JT302FE,Josef Teller Cello Bridge 1/8 Uncut,josef-teller-cello-bridge-18-uncut,Joseph Teller,Strings,631.8,4,Beginner,NONE,,
JT330139A,Josef Teller 1/2 Violin Chinrest Bakelit,josef-teller-12-violin-chinrest-bakelit,Joseph Teller,Strings,572.4,1,Beginner,NONE,,
JT3402/6L,Josef Teller Cello End Pin 52Cm Wood,josef-teller-cello-end-pin-52cm-wood,Joseph Teller,Strings,1140.0,1,Beginner,NONE,,
JT360I,Josef Teller B-Quality Violin Soundpost,josef-teller-b-quality-violin-soundpost,Joseph Teller,Strings,295.0,6,Beginner,NONE,,
JT380I,Josef Teller B Quality Cello Soundpost,josef-teller-b-quality-cello-soundpost,Joseph Teller,Strings,395.0,4,Beginner,NONE,,
JT390,Josef Teller Bass Sound Post 4/4-3/4,josef-teller-bass-sound-post-44-34,Joseph Teller,Accessories,300.6,7,Beginner,NONE,,
JT401,Josef Teller D/Bass Bridge 4/4 Deseden,josef-teller-dbass-bridge-44-deseden,Joseph Teller,Strings,1895.0,2,Beginner,NONE,,
JT403,Josef Teller 4/4 Dresden Bass Bridge,josef-teller-44-dresden-bass-bridge,Joseph Teller,Strings,1915.0,2,Beginner,NONE,,
JT50C,Josef Teller Cello Mutes Rosewood Flat,josef-teller-cello-mutes-rosewood-flat,Joseph Teller,Strings,348.6,3,Beginner,NONE,,
JT60,Josef Teller Endpin Pearwood,josef-teller-endpin-pearwood,Joseph Teller,Accessories,667.0,10,Beginner,NONE,,
JT6055,Josef Teller Bass Mutes Shaped Ebony,josef-teller-bass-mutes-shaped-ebony,Joseph Teller,Accessories,938.4,32,Beginner,NONE,,
JT60L,Josef Teller Endpin Cello Hardwood 52Cm,josef-teller-endpin-cello-hardwood-52cm,Joseph Teller,Strings,631.8,1,Beginner,NONE,,
JT7013A,Josef Teller E-String Adjuster Cello,josef-teller-e-string-adjuster-cello,Joseph Teller,Strings,348.6,1,Beginner,NONE,,
JT705,Josef Teller Cello Tailpieces Hill Ebony,josef-teller-cello-tailpieces-hill-ebony,Joseph Teller,Strings,507.8,5,Beginner,NONE,,
JBM5G,Jupiter 5G Trombone/Euphomium Mouthpiece,jupiter-5g-tromboneeuphomium-mouthpiece,Jupiter,Wind and Brass,875.0,2,Beginner,NONE,,
JBMTR5C,Jupiter 5C Trumpet Mouthpiece,jupiter-5c-trumpet-mouthpiece,Jupiter,Wind and Brass,895.0,2,Beginner,NONE,,
JCMCLK1,Jupiter Clarinet Care Kit,jupiter-clarinet-care-kit,Jupiter,Wind and Brass,560.0,5,Beginner,NONE,,
JCMFLK1,Jupiter Flute Care Kit,jupiter-flute-care-kit,Jupiter,Wind and Brass,450.0,20,Beginner,NONE,,
JCMFLS01,Jupiter  Flute Swab Cloth,jupiter-flute-swab-cloth,Jupiter,Wind and Brass,80.0,7,Beginner,NONE,,
JCMKO2,Jupiter Key Oil,jupiter-key-oil,Jupiter,Accessories,260.0,20,Beginner,NONE,,
JCMSLK1,Jupiter Slide Trombone Care Kit,jupiter-slide-trombone-care-kit,Jupiter,Wind and Brass,660.0,40,Beginner,NONE,,
JCMVO2,Jupiter Valve & Rotor Oil,jupiter-valve-rotor-oil,Jupiter,Accessories,185.0,42,Beginner,NONE,,
JFL700A,Jupiter 700 Series Flute Outfit,jupiter-700-series-flute-outfit,Jupiter,Wind and Brass,15635.0,4,Professional,NONE,,
JFL700E,Jupiter Fl700E Series Flute,jupiter-fl700e-series-flute,Jupiter,Wind and Brass,15635.0,4,Professional,NONE,,
JTS500Q,Jupiter 500 Q Series Tenor Saxophone,jupiter-500-q-series-tenor-saxophone,Jupiter,Wind and Brass,23395.0,1,Professional,NONE,,
JWMCLK1,Jupiter Clarinet Mouthpiece,jupiter-clarinet-mouthpiece,Jupiter,Wind and Brass,1095.0,9,Beginner,NONE,,
KEYEBALL,Kaotica Eyeball,kaotica-eyeball,Kaotica,Accessories,5795.0,12,Intermediate,NONE,,
SUN-SPONGE,Santa Fe Studio Insulation Foam,santa-fe-studio-insulation-foam,Kaotica,Accessories,85.0,178,Beginner,NONE,,DUPLICATE - REVIEW
KZ903CABLE,Kz Ofc Silver Type C 90-3 Cable,kz-ofc-silver-type-c-90-3-cable,KZ-Audio,Accessories,240.0,1,Beginner,NONE,,
KZABSCASEBK,Kz Abs Case Black,kz-abs-case-black,KZ-Audio,Accessories,55.0,16,Beginner,NONE,,
KZAS10BLACK,Kz As10 In Ear Black,kz-as10-in-ear-black,KZ-Audio,Pro Audio,1640.0,1,Beginner,NONE,,
KZAS16BLACK,Kz As16 In Ears Black,kz-as16-in-ears-black,KZ-Audio,Pro Audio,2630.0,5,Intermediate,NONE,,
KZAS16BLUE,Kz As16 In Ears Blue,kz-as16-in-ears-blue,KZ-Audio,Pro Audio,2630.0,5,Intermediate,NONE,,
KZAS24BK,Kz As24 In Ears Black,kz-as24-in-ears-black,KZ-Audio,Pro Audio,4295.0,1,Intermediate,NONE,,
KZDQ6GRAY,Kz Dq6 In Ears Gray,kz-dq6-in-ears-gray,KZ-Audio,Pro Audio,630.0,9,Beginner,NONE,,
KZDQ6SILVER,Kz Dq6 Inears Silver,kz-dq6-inears-silver,KZ-Audio,Accessories,630.0,6,Beginner,NONE,,
KZEDXBLACK,Kz Edx In Ears Black,kz-edx-in-ears-black,KZ-Audio,Pro Audio,220.0,239,Beginner,NONE,,
KZEVACASESILVER,Kz Eva Case Silver,kz-eva-case-silver,KZ-Audio,Accessories,25.0,30,Beginner,NONE,,
KZMEMORYFOAM1,Kz Memory Foam 1 Pair,kz-memory-foam-1-pair,KZ-Audio,Accessories,25.0,68,Beginner,NONE,,
KZMEMORYFOAM3,Kz Memory Foam 3 Pairs,kz-memory-foam-3-pairs,KZ-Audio,Accessories,50.0,81,Beginner,NONE,,
KZOFCFLATCABLE,Kz Ofc Flat Cable No Microphone Type C,kz-ofc-flat-cable-no-microphone-type-c,KZ-Audio,Pro Audio,60.0,40,Beginner,NONE,,
KZOFCFLATCABLEB,Kz Ofc Flat Cable With Microphone Type B,kz-ofc-flat-cable-with-microphone-type-b,KZ-Audio,Pro Audio,95.0,96,Beginner,NONE,,
KZOFCFLATCABLEM,Kz Ofc Flat Cable With Microphone Type C,kz-ofc-flat-cable-with-microphone-type-c,KZ-Audio,Pro Audio,95.0,52,Beginner,NONE,,
KZOVALCASEBLACK,Kz In Earphone Case Oval Black,kz-in-earphone-case-oval-black,KZ-Audio,Pro Audio,20.0,78,Beginner,NONE,,
KZSILTIPWHITE,Kz Silicone Tips White,kz-silicone-tips-white,KZ-Audio,Accessories,25.0,20,Beginner,NONE,,
KZSILVERCABLEB,Kz Silver  Cable Type B No Microphone Upgrade,kz-silver-cable-type-b-no-microphone-upgrade,KZ-Audio,Pro Audio,110.0,49,Beginner,NONE,,
KZZS10PRO2BK,Kz Zs10Pro 2 In-Ears Black,kz-zs10pro-2-in-ears-black,KZ-Audio,Accessories,1130.0,35,Beginner,NONE,,
KZZS10PROBK,Kz Zs10Pro In-Ears Black,kz-zs10pro-in-ears-black,KZ-Audio,Accessories,1295.0,47,Beginner,NONE,,
KZZS10PROGBLUE,Kz Zs10 Professional In-Ears Blue,kz-zs10-professional-in-ears-blue,KZ-Audio,Accessories,1295.0,4,Beginner,NONE,,
KZZS10PROGGOLD,Kz Zs10 Professional In-Ears Gold,kz-zs10-professional-in-ears-gold,KZ-Audio,Accessories,1295.0,4,Beginner,NONE,,
KZZS10PROXST,Kz Zs10 Professional X In-Ears Stone Black,kz-zs10-professional-x-in-ears-stone-black,KZ-Audio,Accessories,1130.0,109,Beginner,NONE,,
KZZSNPROBLUE,Kz Zsn Professional In-Ears Blue,kz-zsn-professional-in-ears-blue,KZ-Audio,Accessories,480.0,19,Beginner,NONE,,
KZZSNPROPURPL,Kz Zsn Professional In-Ears Purple,kz-zsn-professional-in-ears-purple,KZ-Audio,Accessories,480.0,8,Beginner,NONE,,
KZZSNPROXBK,Kz Zsn Professional X In-Ears Black,kz-zsn-professional-x-in-ears-black,KZ-Audio,Accessories,550.0,39,Beginner,NONE,,
KZZSTBLACK,Kz Zst In-Ear  Black,kz-zst-in-ear-black,KZ-Audio,Accessories,410.0,57,Beginner,NONE,,
KZZSTXBLACK,Kz Zst X In-Ears Black,kz-zst-x-in-ears-black,KZ-Audio,Accessories,430.0,4,Beginner,NONE,,
KYKG12B,Kyser Guitar 12 String Capo Black,kyser-guitar-12-string-capo-black,Kyser,Guitars and Ukuleles,575.0,12,Beginner,NONE,,
KYKG3B,Kyser Short Cut Black,kyser-short-cut-black,Kyser,Accessories,575.0,21,Beginner,NONE,,
KYKG6B,Kyser Guitar 6 String Capo Black,kyser-guitar-6-string-capo-black,Kyser,Guitars and Ukuleles,575.0,24,Beginner,NONE,,
KYKG6BC,Kyser  Guitar 6Str Capo Black Chrome,kyser-guitar-6str-capo-black-chrome,Kyser,Guitars and Ukuleles,575.0,14,Beginner,NONE,,
KYKG6G,Kyser Guitar 6 String Capo Gold,kyser-guitar-6-string-capo-gold,Kyser,Guitars and Ukuleles,575.0,17,Beginner,NONE,,
KYKG6R,Kyser Guitar 6 String Capo Red,kyser-guitar-6-string-capo-red,Kyser,Guitars and Ukuleles,575.0,18,Beginner,NONE,,
KYKG6S,Kyser Guitar 6 String Capo Silver,kyser-guitar-6-string-capo-silver,Kyser,Guitars and Ukuleles,575.0,17,Beginner,NONE,,
KYKG6TDA,Kyser 6 String Guitar Capo Tie Dye,kyser-6-string-guitar-capo-tie-dye,Kyser,Guitars and Ukuleles,575.0,20,Beginner,NONE,,
KYKG6U,Kyser 6 String Cap Blue,kyser-6-string-cap-blue,Kyser,Accessories,575.0,17,Beginner,NONE,,
KYKG6WH,Kyser 6 String Capo White,kyser-6-string-capo-white,Kyser,Accessories,575.0,8,Beginner,NONE,,
KYKGCB,Kyser Guitar Classic Capo Black,kyser-guitar-classic-capo-black,Kyser,Guitars and Ukuleles,575.0,38,Beginner,NONE,,
LANACST-S,Lanikai Soprano Ukulele Acasia Solid Top,lanikai-soprano-ukulele-acasia-solid-top,Lanikai,Guitars and Ukuleles,4550.0,2,Intermediate,NONE,,
LANMA6T,Lanikai 6Str Soprano Ukulele Mahogany,lanikai-6str-soprano-ukulele-mahogany,Lanikai,Guitars and Ukuleles,3495.0,1,Intermediate,NONE,,
LANMACEC,Lanikai Concert Ukulele Mahogany With Picku,lanikai-concert-ukulele-mahogany-with-picku,Lanikai,Guitars and Ukuleles,4250.0,1,Intermediate,NONE,,
LANTKBLT,Lanikai Tenor Ukulele Thick Bag,lanikai-tenor-ukulele-thick-bag,Lanikai,Guitars and Ukuleles,395.0,23,Beginner,NONE,,
LANTNBLT,Lanikai Tenor Ukulele Thin Bag,lanikai-tenor-ukulele-thin-bag,Lanikai,Guitars and Ukuleles,280.8,5,Beginner,NONE,,
LS-DM1PD-BRG,Levy'S 3  Leather Strap Foam Pad Burgund,levys-3-leather-strap-foam-pad-burgund,Levy's,Accessories,995.0,1,Beginner,NONE,,
LS-L3,Levy Strap Display Stand,levy-strap-display-stand,Levy's,Accessories,520.0,1,Beginner,NONE,,
LS-M26-WAL,Levy 2.5  Leather Guitar Strap Walnut,levy-25-leather-guitar-strap-walnut,Levy's,Guitars and Ukuleles,745.0,1,Beginner,NONE,,
LS-M4WP005,Levy Strap 3  Padded Leather Decor Embos,levy-strap-3-padded-leather-decor-embos,Levy's,Accessories,2579.8,1,Intermediate,NONE,,
LS-M8HTV-13,Levy 2  Jackguard Weave Guitar Strap Vint,levy-2-jackguard-weave-guitar-strap-vint,Levy's,Guitars and Ukuleles,730.0,7,Beginner,NONE,,
LS-M8HTV-21,Levy 2  J/Guard Weave Strap Vintage,levy-2-jguard-weave-strap-vintage,Levy's,Accessories,730.0,3,Beginner,NONE,,
LS-M8P3-BLK,Levy'S 3   Poly Guitar Strap Black,levys-3-poly-guitar-strap-black,Levy's,Guitars and Ukuleles,335.0,87,Beginner,NONE,,
LS-M8POLY-BLK,Levy 2  Poly Guitar Strap Black,levy-2-poly-guitar-strap-black,Levy's,Guitars and Ukuleles,195.0,286,Beginner,NONE,,
LS-M8POLY-GRY,Levy 2  Poly Strap Grey,levy-2-poly-strap-grey,Levy's,Accessories,195.0,35,Beginner,NONE,,
LS-M8POLY-NAV,Levy 2  Poly Strap Navy Blue,levy-2-poly-strap-navy-blue,Levy's,Accessories,195.0,13,Beginner,NONE,,
LS-M8POLY-PRP,Levy 2  Poly Strap Purple,levy-2-poly-strap-purple,Levy's,Accessories,195.0,34,Beginner,NONE,,
LS-M8POLY-RED,Levy'S 2  Poly Guitar Strap Red,levys-2-poly-guitar-strap-red,Levy's,Guitars and Ukuleles,195.0,28,Beginner,NONE,,
LS-M8POLY-RNB,Levy 2  Poly Guitar Sprap Rainbow,levy-2-poly-guitar-sprap-rainbow,Levy's,Guitars and Ukuleles,175.0,167,Beginner,NONE,,
LS-M8POLY-ROY,Levy'S 2  Poly Guitar Strap Royal Blue,levys-2-poly-guitar-strap-royal-blue,Levy's,Guitars and Ukuleles,195.0,57,Beginner,NONE,,
LS-M8POLY-TAN,Levy 2  Poly Strap Tan,levy-2-poly-strap-tan,Levy's,Accessories,165.0,4,Beginner,NONE,,
LS-M8POLY-WHT,Levy 2  Poly Guitar Strap White,levy-2-poly-guitar-strap-white,Levy's,Guitars and Ukuleles,195.0,15,Beginner,NONE,,
LS-M8POLYGRN,Levy Straps 2  Poly Strap Green,levy-straps-2-poly-strap-green,Levy's,Accessories,195.0,53,Beginner,NONE,,
LS-M8POLYPNK,Levy Straps 2  Nylon Strap Pink,levy-straps-2-nylon-strap-pink,Levy's,Accessories,195.0,60,Beginner,NONE,,
LS-M8SB-BLK,Levy 2  Black Seatbelt Guitar Strap,levy-2-black-seatbelt-guitar-strap,Levy's,Guitars and Ukuleles,295.0,50,Beginner,NONE,,
LS-M8TF-001,Levy 2  Thailand Fabric Strap Burgundy,levy-2-thailand-fabric-strap-burgundy,Levy's,Accessories,490.0,1,Beginner,NONE,,
LS-MC8-RED,Levy 2  Cotton Guitar Strap Suede Ends Red,levy-2-cotton-guitar-strap-suede-ends-red,Levy's,Guitars and Ukuleles,465.0,1,Beginner,NONE,,
LS-MC8C-BLK,Levy 2  Cotton Cross Emblem Strap Black,levy-2-cotton-cross-emblem-strap-black,Levy's,Accessories,535.0,4,Beginner,NONE,,
LS-MC8C-TAN,Levy 2  Cotton Cross Emblam Strap Tan,levy-2-cotton-cross-emblam-strap-tan,Levy's,Accessories,535.0,9,Beginner,NONE,,
LS-MC8DS-BLU,Levy 2  Distressed Cotton Antique Brass,levy-2-distressed-cotton-antique-brass,Levy's,Accessories,815.0,1,Beginner,NONE,,
LS-MCP-001,Levy 2  Professional Case Guitar Strap,levy-2-professional-case-guitar-strap,Levy's,Guitars and Ukuleles,380.0,1,Beginner,NONE,,
LS-MCP-002,Levy 2  Professional Case Guitar Strap Black,levy-2-professional-case-guitar-strap-black,Levy's,Guitars and Ukuleles,380.0,1,Beginner,NONE,,
LS-MCP-003,Levy 2  Professional Case Guitar Strap Printed,levy-2-professional-case-guitar-strap-printed,Levy's,Guitars and Ukuleles,380.0,3,Beginner,NONE,,
LS-MCS-001,Levy Spirit Case Guitar Strap Maroon,levy-spirit-case-guitar-strap-maroon,Levy's,Guitars and Ukuleles,380.0,3,Beginner,NONE,,
LS-MCS-002,Levy 2  Spirit Case  Guitar Strap Red,levy-2-spirit-case-guitar-strap-red,Levy's,Guitars and Ukuleles,380.0,3,Beginner,NONE,,
LS-MCS-003,Levy 2  Spirit Case Guitar Strap Black Prin,levy-2-spirit-case-guitar-strap-black-prin,Levy's,Guitars and Ukuleles,380.0,4,Beginner,NONE,,
LS-MCS-004,Levy 2  Spirit Case Guitar Strap,levy-2-spirit-case-guitar-strap,Levy's,Guitars and Ukuleles,380.0,2,Beginner,NONE,,
LS-MCS-005,Levy 2  Spirit Case Guitar Strap Black,levy-2-spirit-case-guitar-strap-black,Levy's,Guitars and Ukuleles,380.0,3,Beginner,NONE,,
LS-MCS-006,Levy 2  Spirit Case Guitar Strap Navy,levy-2-spirit-case-guitar-strap-navy,Levy's,Guitars and Ukuleles,380.0,3,Beginner,NONE,,
LS-MCS-007,Levy 2  Spirit Case Guitar Strap Navy Blue,levy-2-spirit-case-guitar-strap-navy-blue,Levy's,Guitars and Ukuleles,380.0,5,Beginner,NONE,,
LS-MDPUK,Levy 2  Poly Subliminal Print Strap,levy-2-poly-subliminal-print-strap,Levy's,Accessories,530.0,2,Beginner,NONE,,
LS-MGS26L-004,Levy Strap 2.5 Decorative Inlay,levy-strap-25-decorative-inlay,Levy's,Accessories,1190.0,1,Beginner,NONE,,
LS-MH8P-001,Levy 2  Hemp Web Guitar Strap Printed Ink,levy-2-hemp-web-guitar-strap-printed-ink,Levy's,Guitars and Ukuleles,845.0,2,Beginner,NONE,,
LS-MH8P-002,Levy 2  Hemp Web Guitar Strap Printed Ink,levy-2-hemp-web-guitar-strap-printed-ink-2,Levy's,Guitars and Ukuleles,845.0,1,Beginner,NONE,,
LS-MH8P-007,Levy 2  Hemp Webbing Strap Printed Ink,levy-2-hemp-webbing-strap-printed-ink,Levy's,Accessories,799.0,1,Beginner,NONE,,
LS-MH8P-009,Levy 2  Hemp Vegan Strap With Rosa,levy-2-hemp-vegan-strap-with-rosa,Levy's,Accessories,799.0,1,Beginner,NONE,,
LS-MH8P-010,Levy 2  Hemp Vegan Strap With Rosa,levy-2-hemp-vegan-strap-with-rosa-2,Levy's,Accessories,799.0,2,Beginner,NONE,,
LS-MH8P-NAT,Levy 2  Hemp Strap Natural,levy-2-hemp-strap-natural,Levy's,Accessories,775.0,7,Beginner,NONE,,
LS-MJ12GSC-BLU,Levy 1.5  Kids Leather Galaxy Punch Stra,levy-15-kids-leather-galaxy-punch-stra,Levy's,Accessories,365.0,4,Beginner,NONE,,
LS-MJ12LBC-RED,Levy 1.5  Kids Leather Lightning Bolt St,levy-15-kids-leather-lightning-bolt-st,Levy's,Accessories,365.0,4,Beginner,NONE,,
LS-MM18CH-BLK,Levy Acoustic Adaptor Black,levy-acoustic-adaptor-black,Levy's,Accessories,295.0,4,Beginner,NONE,,
LS-MM18CH-BRN,Levy Acoustic Strap Adaptor Brown,levy-acoustic-strap-adaptor-brown,Levy's,Accessories,295.0,4,Beginner,NONE,,
LS-MM18X-NAT,Levy Natural Cork Headstock Strap Adaptor,levy-natural-cork-headstock-strap-adaptor,Levy's,Accessories,295.0,6,Beginner,NONE,,
LS-MP-18,Levy'S 2  Poly Guitar Strap Print Design,levys-2-poly-guitar-strap-print-design,Levy's,Guitars and Ukuleles,550.0,8,Beginner,NONE,,
LS-MP-28,Levy'S 2  Poly Guitar Strap Print Design,levys-2-poly-guitar-strap-print-design-2,Levy's,Guitars and Ukuleles,550.0,7,Beginner,NONE,,
LS-MP2-009,Levy 2  Poly Print Strap Suede Ends,levy-2-poly-print-strap-suede-ends,Levy's,Accessories,550.0,9,Beginner,NONE,,
LS-MP2FS006,Levy Strap 2  Sublim Citrus Suede Ends,levy-strap-2-sublim-citrus-suede-ends,Levy's,Accessories,485.6,3,Beginner,NONE,,
LS-MPD2-013,Levy'S 2  Poly Guitar Strap Sublim Print,levys-2-poly-guitar-strap-sublim-print,Levy's,Guitars and Ukuleles,520.0,1,Beginner,NONE,,
LS-MPD2-016,Levy'S 2  Poly Guitar Strap Sublim Print,levys-2-poly-guitar-strap-sublim-print-2,Levy's,Guitars and Ukuleles,520.0,1,Beginner,NONE,,
LS-MPD2-036,Levy 2  Poly Guitar Strap Sublime Print,levy-2-poly-guitar-strap-sublime-print,Levy's,Guitars and Ukuleles,520.0,3,Beginner,NONE,,
LS-MPD2-104,Levy 2  Poly Guitar Strap Sublime Print,levy-2-poly-guitar-strap-sublime-print-2,Levy's,Guitars and Ukuleles,520.0,2,Beginner,NONE,,
LS-MPD2-120,Levy 2  Poly Guitar Strap Sonic Art Doghnut,levy-2-poly-guitar-strap-sonic-art-doghnut,Levy's,Guitars and Ukuleles,550.0,1,Beginner,NONE,,
LS-MPD2-123,Levy 2  Poly Strap Traditional Dragon,levy-2-poly-strap-traditional-dragon,Levy's,Accessories,550.0,2,Beginner,NONE,,
LS-MPD2-124,Levy 2  Poly Strap Traditional Tiger,levy-2-poly-strap-traditional-tiger,Levy's,Accessories,550.0,1,Beginner,NONE,,
LS-MPJG-SUN-GRN,Levy'S 2  Poly Strap With Jack Guard Grn,levys-2-poly-strap-with-jack-guard-grn,Levy's,Accessories,735.0,5,Beginner,NONE,,
LS-MPJG-SUN-RED,Levy'S 2  Poly Strap With Jack Guard Red,levys-2-poly-strap-with-jack-guard-red,Levy's,Accessories,735.0,2,Beginner,NONE,,
LS-MPJR-001,Levy 1.5 Kids Shooting Print Guitar Strap,levy-15-kids-shooting-print-guitar-strap,Levy's,Guitars and Ukuleles,320.0,10,Beginner,NONE,,
LS-MPJR-002,Levy 1.5 Kids Skull Print Guitar Strap,levy-15-kids-skull-print-guitar-strap,Levy's,Guitars and Ukuleles,320.0,6,Beginner,NONE,,
LS-MPJR-003,Levy 1.5  Kids Dinosaur Print Guitar Strap,levy-15-kids-dinosaur-print-guitar-strap,Levy's,Guitars and Ukuleles,320.0,9,Beginner,NONE,,
LS-MPJR-004,Levy 1.5  Kids Purple Print Guitar Strap,levy-15-kids-purple-print-guitar-strap,Levy's,Guitars and Ukuleles,320.0,3,Beginner,NONE,,
LS-MPJR-005,Levy 1.5  Kids Flying Print Guitar Strap,levy-15-kids-flying-print-guitar-strap,Levy's,Guitars and Ukuleles,320.0,8,Beginner,NONE,,
LS-MPJR-006,Levy 1.5  Kids Red Print Guitar Strap,levy-15-kids-red-print-guitar-strap,Levy's,Guitars and Ukuleles,320.0,10,Beginner,NONE,,
LS-MPJR-007,Levy 1.5  Kids Diagonal Print Guitar Strap,levy-15-kids-diagonal-print-guitar-strap,Levy's,Guitars and Ukuleles,320.0,12,Beginner,NONE,,
LS-MPS2-121,Levy 2  Poly Guitar Strap Sonic Art,levy-2-poly-guitar-strap-sonic-art,Levy's,Guitars and Ukuleles,460.0,2,Beginner,NONE,,
LS-MRHC-BLK,Levy 2.5  Right Height Garment Leath Black,levy-25-right-height-garment-leath-black,Levy's,Accessories,520.0,13,Beginner,NONE,,
LS-MRHC-RED,Levy 2  Right Height Red Cotton Leather,levy-2-right-height-red-cotton-leather,Levy's,Accessories,520.0,3,Beginner,NONE,,
LS-MRHSS-CRM,Levy 3  Right Height Garment Leather Chm,levy-3-right-height-garment-leather-chm,Levy's,Accessories,950.0,1,Beginner,NONE,,
LS-MS12-GRN,Levy 2  Suede Guitar Strap Green,levy-2-suede-guitar-strap-green,Levy's,Guitars and Ukuleles,950.0,3,Beginner,NONE,,
LS-MS12-HNY,Levy'S 2  Suede Guitar Strap Honey,levys-2-suede-guitar-strap-honey,Levy's,Guitars and Ukuleles,950.0,3,Beginner,NONE,,
LS-MS12-TAN,Levy 2  Suede Guitar Strap Tan,levy-2-suede-guitar-strap-tan,Levy's,Guitars and Ukuleles,950.0,3,Beginner,NONE,,
LS-MSSBC4-BLK,Levy 3  Cotton Bass Guitar Strap Black,levy-3-cotton-bass-guitar-strap-black,Levy's,Guitars and Ukuleles,795.0,4,Beginner,NONE,,
LS-MX23001,Levy Strap 1  Ukulele Printed Cork,levy-strap-1-ukulele-printed-cork,Levy's,Guitars and Ukuleles,877.6,2,Beginner,NONE,,
LS-MX23002,Levy Strap 1  Ukulele Printed Cork,levy-strap-1-ukulele-printed-cork-2,Levy's,Guitars and Ukuleles,877.6,1,Beginner,NONE,,
LS-MX23004,Levy Strap 1  Ukulele Printed Cork,levy-strap-1-ukulele-printed-cork-3,Levy's,Guitars and Ukuleles,877.6,1,Beginner,NONE,,
LS-MX23005,Levy Strap 1  Ukulele Printed Cork,levy-strap-1-ukulele-printed-cork-4,Levy's,Guitars and Ukuleles,877.6,1,Beginner,NONE,,
LS-MX23ALL002,Levy Strap 1  Mandolin Printed Cork,levy-strap-1-mandolin-printed-cork,Levy's,Accessories,643.6,1,Beginner,NONE,,
LS-MX23ALL003,Levy Strap 1  Mandolin Printed Cork,levy-strap-1-mandolin-printed-cork-2,Levy's,Accessories,643.6,2,Beginner,NONE,,
LS-MX23ALL004,Levy Strap 1  Mandolin Printed Cork,levy-strap-1-mandolin-printed-cork-3,Levy's,Accessories,643.6,2,Beginner,NONE,,
LS-MX23ALL005,Levy Strap 1  Mandolin Printed Cork,levy-strap-1-mandolin-printed-cork-4,Levy's,Accessories,643.6,1,Beginner,NONE,,
LS-MX8-001,Levy 2  Cork Wildflower On Black Guitar Strap,levy-2-cork-wildflower-on-black-guitar-strap,Levy's,Guitars and Ukuleles,1045.0,1,Beginner,NONE,,
LS-MX8-002,Levy 2  Cork Zanzibar On Natural Guitar Strap,levy-2-cork-zanzibar-on-natural-guitar-strap,Levy's,Guitars and Ukuleles,995.0,1,Beginner,NONE,,
LS-MX8-003,Levy 2  Cork Nantucket Pattern On Tan,levy-2-cork-nantucket-pattern-on-tan,Levy's,Accessories,1045.0,1,Beginner,NONE,,
LS-MX8-004,Levy 2  Cork Orleans Pattern On Black Strap,levy-2-cork-orleans-pattern-on-black-strap,Levy's,Accessories,1045.0,3,Beginner,NONE,,
LVY-FGHNGR-BKBK,Levy Guitar Wall Hanger Leather Black,levy-guitar-wall-hanger-leather-black,Levy's,Guitars and Ukuleles,685.0,11,Beginner,NONE,,
LVY-FGHNGR-BKBN,Levy Guitar Hanger Black Metal Brown Leather,levy-guitar-hanger-black-metal-brown-leather,Levy's,Guitars and Ukuleles,685.0,12,Beginner,NONE,,
LVY-FGHNGR-BKTN,Levy Guitar Hanger Black Met Tan Leather,levy-guitar-hanger-black-met-tan-leather,Levy's,Guitars and Ukuleles,685.0,14,Beginner,NONE,,
LVY-FGHNGR-BRBK,Levy Guitar Hanger Brown Met Black Leather,levy-guitar-hanger-brown-met-black-leather,Levy's,Guitars and Ukuleles,685.0,11,Beginner,NONE,,
LVY-FGHNGR-BRBN,Levy Guitar Hanger Bronze Met Brown Leather,levy-guitar-hanger-bronze-met-brown-leather,Levy's,Guitars and Ukuleles,685.0,7,Beginner,NONE,,
LVY-FGHNGR-BRTN,Levy Guitar Wall Hanger Bronze Tan Leather,levy-guitar-wall-hanger-bronze-tan-leather,Levy's,Guitars and Ukuleles,695.0,8,Beginner,NONE,,
LVY-FGHNGR-SMBK,Levy Guitar Hanger Silver Met Black Leather,levy-guitar-hanger-silver-met-black-leather,Levy's,Guitars and Ukuleles,685.0,15,Beginner,NONE,,
LVY-FGHNGR-SMBN,Levy Guitar Hanger Silver Met Brown Leather,levy-guitar-hanger-silver-met-brown-leather,Levy's,Guitars and Ukuleles,685.0,15,Beginner,NONE,,
LVY-FGHNGR-SMTN,Levy Guitar Hanger Silver Met Tan Leather,levy-guitar-hanger-silver-met-tan-leather,Levy's,Guitars and Ukuleles,685.0,17,Beginner,NONE,,
LVY-RINGBLOCKBK,Levy Rubber Guitar Strap Block Pair Black,levy-rubber-guitar-strap-block-pair-black,Levy's,Guitars and Ukuleles,160.0,168,Beginner,NONE,,
LP001GLO,Lp Egg Shakers Glow In Dark,lp-egg-shakers-glow-in-dark,LP,Accessories,99.0,4,Beginner,NONE,,
LP001MXI,Lp Egg Shakers Mix,lp-egg-shakers-mix,LP,Accessories,99.0,25,Beginner,NONE,,
LP009N,Lp Classic Rock Ridge Rider 8.5  Cowbell,lp-classic-rock-ridge-rider-85-cowbell,LP,Accessories,1155.0,9,Beginner,NONE,,
LP1425DR,Lp Prism Cajon Red Snare With Pad,lp-prism-cajon-red-snare-with-pad,LP,Drums and Percussion,2955.0,4,Intermediate,NONE,,
LP1425FW,Lp Prism Cajon White Snare With Pad,lp-prism-cajon-white-snare-with-pad,LP,Drums and Percussion,2955.0,3,Intermediate,NONE,,
LP1425LG,Lp Prism Cajon Green Snare With Pad,lp-prism-cajon-green-snare-with-pad,LP,Drums and Percussion,2955.0,4,Intermediate,NONE,,
LP1425SB,Lp Prism Cajon Blue Snare With Pad,lp-prism-cajon-blue-snare-with-pad,LP,Drums and Percussion,2955.0,4,Intermediate,NONE,,
LP1442BL,Lp Festivo Cajon Blue,lp-festivo-cajon-blue,LP,Drums and Percussion,3235.0,1,Intermediate,NONE,,
LP1442GN,Lp Festivo Cajon Green,lp-festivo-cajon-green,LP,Drums and Percussion,3568.6,1,Intermediate,NONE,,
LP188,Lp Foot Tambourine,lp-foot-tambourine,LP,Accessories,561.6,13,Beginner,NONE,,
LP2010BK,Lp World 10  Rope Circ Djembe Black,lp-world-10-rope-circ-djembe-black,LP,Drums and Percussion,2955.0,3,Intermediate,NONE,,
LP2010BM,Lp 10  World Rope Circ Djembe Blue Marbl,lp-10-world-rope-circ-djembe-blue-marbl,LP,Drums and Percussion,2955.0,3,Intermediate,NONE,,
LP2010GM,Lp 10  World Rope Circ Djembe Green Marb,lp-10-world-rope-circ-djembe-green-marb,LP,Drums and Percussion,2955.0,2,Intermediate,NONE,,
LP2010OM,Lp 10  World Rope Circ Djembe Orange Mar,lp-10-world-rope-circ-djembe-orange-mar,LP,Drums and Percussion,2955.0,3,Intermediate,NONE,,
LP201BK,Lp Conga Shaker Black,lp-conga-shaker-black,LP,Drums and Percussion,95.0,19,Beginner,NONE,,
LP204AN,Lp Black Beauty Cowbell 1/2  Mount,lp-black-beauty-cowbell-12-mount,LP,Accessories,930.2,4,Beginner,NONE,,
LP234BK,Lp Afuche Cabasa Mini Black,lp-afuche-cabasa-mini-black,LP,Accessories,1295.0,2,Beginner,NONE,,
LP263A,Lp Small Matador Bongo Rawhide Head,lp-small-matador-bongo-rawhide-head,LP,Accessories,1995.0,9,Beginner,NONE,,
LP264A,Lp Large Matador Bongo Rawhide Head,lp-large-matador-bongo-rawhide-head,LP,Accessories,2195.0,9,Intermediate,NONE,,
LP267A,Lp 10  City Conga Head,lp-10-city-conga-head,LP,Drums and Percussion,1545.0,5,Beginner,NONE,,
LP267B,Lp 11  City Conga Head,lp-11-city-conga-head,LP,Drums and Percussion,1675.0,5,Beginner,NONE,,
LP267C,Lp 12  City Conga Head,lp-12-city-conga-head,LP,Drums and Percussion,1859.2,4,Beginner,NONE,,
LP303,Lp Mini Merengue Guiro With Scraper,lp-mini-merengue-guiro-with-scraper,LP,Accessories,1702.4,4,Beginner,NONE,,
LP316,Lp Worship 10 Double Row Syn Head Tamour,lp-worship-10-double-row-syn-head-tamour,LP,Accessories,1195.0,3,Beginner,NONE,,
LP451,Lp Multi Guiro Ii,lp-multi-guiro-ii,LP,Accessories,1667.2,2,Beginner,NONE,,
LP4512S,Lp 4.5X12 Salsa Snare  Stainless Steel,lp-45x12-salsa-snare-stainless-steel,LP,Drums and Percussion,10205.0,1,Professional,NONE,,
LP452,Lp Multi Guiro,lp-multi-guiro,LP,Accessories,1333.8,3,Beginner,NONE,,
LP480,Lp Traditional Cabasa,lp-traditional-cabasa,LP,Accessories,2685.0,2,Intermediate,NONE,,
LP5513S,Lp 5.5X13 Salsa Snare Drum,lp-55x13-salsa-snare-drum,LP,Drums and Percussion,10735.0,1,Professional,NONE,,
LP601NYAW,Lp City Bongo Set Aw,lp-city-bongo-set-aw,LP,Accessories,3225.0,6,Intermediate,NONE,,
LP601NYDW,Lp City Bongo Set Dark Wood,lp-city-bongo-set-dark-wood,LP,Accessories,3225.0,4,Intermediate,NONE,,
LP601NYVSB,Lp City Bongo Set Vsb,lp-city-bongo-set-vsb,LP,Accessories,3225.0,8,Intermediate,NONE,,
LP646NYAW,Lp City 10+11  Conga Set Aw,lp-city-1011-conga-set-aw,LP,Drums and Percussion,10735.0,7,Professional,NONE,,
LP646NYDW,Lp City 10+11  Conga Set Dw,lp-city-1011-conga-set-dw,LP,Drums and Percussion,10735.0,7,Professional,NONE,,
LP646NYVSB,Lp City 10+11  Conga Set Vsb,lp-city-1011-conga-set-vsb,LP,Drums and Percussion,10735.0,8,Professional,NONE,,
LP663A,Lp Small City Bongo Head,lp-small-city-bongo-head,LP,Accessories,985.0,8,Beginner,NONE,,
LP663B,Lp Large City Bongo Head,lp-large-city-bongo-head,LP,Accessories,1045.0,8,Beginner,NONE,,
LPA256,Lp Aspire Timbale Set,lp-aspire-timbale-set,LP,Accessories,8055.0,3,Intermediate,NONE,,
LPA521,Lp Aspire Trap Table,lp-aspire-trap-table,LP,Accessories,3485.0,3,Intermediate,NONE,,
LPM750SABW,Lp Mat 11 Quinto Oak Almond Brown,lp-mat-11-quinto-oak-almond-brown,LP,Accessories,13695.0,1,Professional,NONE,,
TE-MA1DR,Mahalo Art Series Soprano Ukulele Darts,mahalo-art-series-soprano-ukulele-darts,Mahalo,Guitars and Ukuleles,1085.0,22,Beginner,NONE,,
TE-MA1GR,Mahalo Art Series Soprano Ukulele Grafitti,mahalo-art-series-soprano-ukulele-grafitti,Mahalo,Guitars and Ukuleles,1245.0,42,Beginner,NONE,,
TE-MA1HEBK,Mahalo Soprano Ukulele Heart Black,mahalo-soprano-ukulele-heart-black,Mahalo,Guitars and Ukuleles,865.0,22,Beginner,NONE,,
TE-MA1MT,Mahalo Soprano Ukulele Monstera,mahalo-soprano-ukulele-monstera,Mahalo,Guitars and Ukuleles,835.0,18,Beginner,NONE,,
TE-MA1NJ,Mahalo Art Series Soprano Ukulele Ninja,mahalo-art-series-soprano-ukulele-ninja,Mahalo,Guitars and Ukuleles,1085.0,17,Beginner,NONE,,
TE-MA1RD,Mahalo Art Series Soprano Ukulele Russian Do,mahalo-art-series-soprano-ukulele-russian-do,Mahalo,Guitars and Ukuleles,865.0,22,Beginner,NONE,,
TE-MA1SKBK,Mahalo Soprano Ukulele Skull Colours,mahalo-soprano-ukulele-skull-colours,Mahalo,Guitars and Ukuleles,1165.0,17,Beginner,NONE,,
TE-MA1TK,Mahalo Art Series Soprano Ukulele Tiki,mahalo-art-series-soprano-ukulele-tiki,Mahalo,Guitars and Ukuleles,1085.0,35,Beginner,NONE,,
TE-MA1WL,Mahalo Art Series Soprano Ukulele Owl,mahalo-art-series-soprano-ukulele-owl,Mahalo,Guitars and Ukuleles,1085.0,11,Beginner,NONE,,
TE-MA1ZE,Mahalo Art Series Soprano Ukulele Zebra,mahalo-art-series-soprano-ukulele-zebra,Mahalo,Guitars and Ukuleles,999.0,1,Beginner,NONE,,
TE-MA2KA,Mahalo Elite Series Concert Ukulele Koa,mahalo-elite-series-concert-ukulele-koa,Mahalo,Guitars and Ukuleles,1399.0,4,Beginner,NONE,,
TE-MA2PH,Mahalo Elite Series Concert Uke Pharoah,mahalo-elite-series-concert-uke-pharoah,Mahalo,Guitars and Ukuleles,1540.0,22,Beginner,NONE,,
TE-MA3KA,Mahalo Elite Series Tenor Ukulele Koa,mahalo-elite-series-tenor-ukulele-koa,Mahalo,Guitars and Ukuleles,1540.0,8,Beginner,NONE,,
TE-MC1SKBK,Mahalo Soprano Ukulele Skull Black,mahalo-soprano-ukulele-skull-black,Mahalo,Guitars and Ukuleles,1065.0,8,Beginner,NONE,,
TE-MC1SKVTBK,Mahalo Soprano Ukulele With Pick Up Black,mahalo-soprano-ukulele-with-pick-up-black,Mahalo,Guitars and Ukuleles,1670.0,4,Beginner,NONE,,
TE-MD1HBBUB,Mahalo Soprano Ukulele Hibiscus Blue Burst,mahalo-soprano-ukulele-hibiscus-blue-burst,Mahalo,Guitars and Ukuleles,1085.0,32,Beginner,NONE,,
TE-MD1HBORB,Mahalo Soprano Ukulele Hibuscis Orange Burst,mahalo-soprano-ukulele-hibuscis-orange-burst,Mahalo,Guitars and Ukuleles,1085.0,14,Beginner,NONE,,
TE-MD1HBPPB,Mahalo Soprano Ukulele Hibuscis Purple,mahalo-soprano-ukulele-hibuscis-purple,Mahalo,Guitars and Ukuleles,1085.0,33,Beginner,NONE,,
TE-MD1HBRDB,Mahalo Soprano Ukulele Hibuscis Red Burst,mahalo-soprano-ukulele-hibuscis-red-burst,Mahalo,Guitars and Ukuleles,1085.0,42,Beginner,NONE,,
TE-MH1VNA,Mahalo Soprano Ukulele Vintage Natural,mahalo-soprano-ukulele-vintage-natural,Mahalo,Guitars and Ukuleles,1025.0,24,Beginner,NONE,,
TE-MH2VNA,Mahalo Concert Ukulele Vintage Natural,mahalo-concert-ukulele-vintage-natural,Mahalo,Guitars and Ukuleles,1215.0,22,Beginner,NONE,,
TE-MH3CVTVNA,Mahalo Tenor Uke Ac/Electric V/Natural,mahalo-tenor-uke-acelectric-vnatural,Mahalo,Guitars and Ukuleles,2610.0,1,Intermediate,NONE,,
TE-MH3VNA,Mahalo Tenor Ukulele Vintage Natural,mahalo-tenor-ukulele-vintage-natural,Mahalo,Guitars and Ukuleles,1435.0,10,Beginner,NONE,,
TE-MJ1TBR,Mahalo Soprano Ukulele Trans Brown,mahalo-soprano-ukulele-trans-brown,Mahalo,Guitars and Ukuleles,1395.0,16,Beginner,NONE,,
TE-MJ2TBR,Mahalo Concert Ukulele Transparent Brown,mahalo-concert-ukulele-transparent-brown,Mahalo,Guitars and Ukuleles,1710.0,1,Beginner,NONE,,
TE-MJ2VTTBR,Mahalo Concert Ukulele Brown With Pickup,mahalo-concert-ukulele-brown-with-pickup,Mahalo,Guitars and Ukuleles,2395.0,31,Intermediate,NONE,,
TE-MJ33TS,Mahalo Tenor Ukulele 3 Tone Sunburst,mahalo-tenor-ukulele-3-tone-sunburst,Mahalo,Guitars and Ukuleles,1599.0,32,Beginner,NONE,,
TE-MJ3CEVNA,Mahalo Ten Ukulele Vintage Natural + Pickup,mahalo-ten-ukulele-vintage-natural-pickup,Mahalo,Guitars and Ukuleles,3445.0,10,Intermediate,NONE,,
TE-MJ3TBR,Mahalo Tenor Ukulele Trans Brown,mahalo-tenor-ukulele-trans-brown,Mahalo,Guitars and Ukuleles,1920.0,20,Beginner,NONE,,
TE-MJ3VNA,Mahalo Tenor Ukulele Vintage Natural,mahalo-tenor-ukulele-vintage-natural-2,Mahalo,Guitars and Ukuleles,1895.0,17,Beginner,NONE,,
TE-MJ3VT3TS,Mahalo Tenor Ukulele With Pickup 3Ts,mahalo-tenor-ukulele-with-pickup-3ts,Mahalo,Guitars and Ukuleles,2265.0,11,Intermediate,NONE,,
TE-MJ3VTTBR,Mahalo Tenor Ukulele Brown With Pickup,mahalo-tenor-ukulele-brown-with-pickup,Mahalo,Guitars and Ukuleles,2855.0,30,Intermediate,NONE,,
TE-MJ4TBE,Mahalo Baritone Ukulele Natural,mahalo-baritone-ukulele-natural,Mahalo,Guitars and Ukuleles,2275.0,2,Intermediate,NONE,,
TE-MK1BATBK,Mahalo Batik Soprano Uke Trans Black,mahalo-batik-soprano-uke-trans-black,Mahalo,Guitars and Ukuleles,695.0,5,Beginner,NONE,,
TE-MK1BATBR,Mahalo Batik Soprano Uke Trans Brown With Bag,mahalo-batik-soprano-uke-trans-brown-with-bag,Mahalo,Guitars and Ukuleles,695.0,75,Beginner,NONE,,
TE-MK1BATBU,Mahalo Batik Soprano Uke Trans Blue With Bag,mahalo-batik-soprano-uke-trans-blue-with-bag,Mahalo,Guitars and Ukuleles,695.0,29,Beginner,NONE,,
TE-MK1BATRD,Mahalo Batik Soprano Uke Trans Red With Bag,mahalo-batik-soprano-uke-trans-red-with-bag,Mahalo,Guitars and Ukuleles,695.0,146,Beginner,NONE,,
TE-MK1PTBK,Mahalo Soprano Ukulele Trans Black,mahalo-soprano-ukulele-trans-black,Mahalo,Guitars and Ukuleles,695.0,16,Beginner,NONE,,
TE-MK1PTPP,Mahalo Soprano Ukulele Trans Purple,mahalo-soprano-ukulele-trans-purple,Mahalo,Guitars and Ukuleles,695.0,26,Beginner,NONE,,
TE-MKA17CH,Mahalo 17 Key Kalimba Cheetah,mahalo-17-key-kalimba-cheetah,Mahalo,Accessories,675.0,18,Beginner,NONE,,
TE-MKA17PH,Mahalo 17 Key Kalimba Pharoah,mahalo-17-key-kalimba-pharoah,Mahalo,Accessories,605.0,18,Beginner,NONE,,
TE-MKA17TD,Mahalo Traditional Kalimba + Bag,mahalo-traditional-kalimba-bag,Mahalo,Accessories,745.0,16,Beginner,NONE,,
TE-MKA17ZE,Mahalo 17 Key Kalimba Zebra Design,mahalo-17-key-kalimba-zebra-design,Mahalo,Accessories,840.0,18,Beginner,NONE,,
TE-ML1AB,Mahalo Soprano Ukulele Aqua Blue,mahalo-soprano-ukulele-aqua-blue,Mahalo,Guitars and Ukuleles,875.0,10,Beginner,NONE,,
TE-ML1CP,Mahalo Soprano Ukulele Coral Pink,mahalo-soprano-ukulele-coral-pink,Mahalo,Guitars and Ukuleles,875.0,11,Beginner,NONE,,
TE-ML1CR,Mahalo Soprano Ukulele Cherry Red,mahalo-soprano-ukulele-cherry-red,Mahalo,Guitars and Ukuleles,875.0,14,Beginner,NONE,,
TE-ML1SH,Mahalo Soprano Ukulele Smoke Haze,mahalo-soprano-ukulele-smoke-haze,Mahalo,Guitars and Ukuleles,875.0,6,Beginner,NONE,,
TE-ML2AB,Mahalo Island Con Ukulele Aqua Blue,mahalo-island-con-ukulele-aqua-blue,Mahalo,Guitars and Ukuleles,895.0,15,Beginner,NONE,,
TE-ML2BC,Mahalo Island Series Con Uke Berry Crush,mahalo-island-series-con-uke-berry-crush,Mahalo,Guitars and Ukuleles,895.0,15,Beginner,NONE,,
TE-ML2CR,Mahalo Island Series Con Uke Cherry Red,mahalo-island-series-con-uke-cherry-red,Mahalo,Guitars and Ukuleles,895.0,17,Beginner,NONE,,
TE-ML3AB,Mahalo Tenor Ukulele Aqua Blue,mahalo-tenor-ukulele-aqua-blue,Mahalo,Guitars and Ukuleles,1375.0,5,Beginner,NONE,,
TE-ML3BC,Mahalo Tenor Ukulele Berry Crush,mahalo-tenor-ukulele-berry-crush,Mahalo,Guitars and Ukuleles,1375.0,6,Beginner,NONE,,
TE-ML3SD,Mahalo Island Ten Ukulele Sand Dune,mahalo-island-ten-ukulele-sand-dune,Mahalo,Guitars and Ukuleles,1055.0,20,Beginner,NONE,,
TE-ML3SH,Mahalo Tenor Ukulele Smoke Haze,mahalo-tenor-ukulele-smoke-haze,Mahalo,Guitars and Ukuleles,1195.0,23,Beginner,NONE,,
TE-MO3,Mahalo Ten Solid Wood Uke Hist Brown,mahalo-ten-solid-wood-uke-hist-brown,Mahalo,Guitars and Ukuleles,3075.0,10,Intermediate,NONE,,
TE-MP1,Mahalo Pearl Series Soprano Ukulele Natural,mahalo-pearl-series-soprano-ukulele-natural,Mahalo,Guitars and Ukuleles,1995.0,23,Beginner,NONE,,
TE-MP1E,Mahalo Pearl Series Soprano Uke Natural + Pickup,mahalo-pearl-series-soprano-uke-natural-pickup,Mahalo,Guitars and Ukuleles,2340.0,10,Intermediate,NONE,,
TE-MPJ1PR,Mahalo Lap Top Cajon Pirate,mahalo-lap-top-cajon-pirate,Mahalo,Drums and Percussion,1025.0,4,Beginner,NONE,,
TE-MPJ1TD,Mahalo Lap Top Cajon Traditional,mahalo-lap-top-cajon-traditional,Mahalo,Drums and Percussion,1025.0,4,Beginner,NONE,,
TE-MR1BK,Mahalo Soprano Ukulele Black,mahalo-soprano-ukulele-black,Mahalo,Guitars and Ukuleles,995.0,5,Beginner,NONE,,
TE-MR1BU,Mahalo Soprano Ukulele Blue,mahalo-soprano-ukulele-blue,Mahalo,Guitars and Ukuleles,995.0,42,Beginner,NONE,,
TE-MR1GN,Mahalo Soprano Ukulele Green,mahalo-soprano-ukulele-green,Mahalo,Guitars and Ukuleles,995.0,44,Beginner,NONE,,
TE-MR1OR,Mahalo Soprano Ukulele Orange,mahalo-soprano-ukulele-orange,Mahalo,Guitars and Ukuleles,995.0,47,Beginner,NONE,,
TE-MR1PK,Mahalo Soprano Ukulele Pink,mahalo-soprano-ukulele-pink,Mahalo,Guitars and Ukuleles,995.0,44,Beginner,NONE,,
TE-MR1PP,Mahalo Soprano Ukulele Purple,mahalo-soprano-ukulele-purple,Mahalo,Guitars and Ukuleles,995.0,40,Beginner,NONE,,
TE-MR1RD,Mahalo Soprano Ukulele Red,mahalo-soprano-ukulele-red,Mahalo,Guitars and Ukuleles,995.0,41,Beginner,NONE,,
TE-MR1TBR,Mahalo Soprano Ukulele Trans Brown,mahalo-soprano-ukulele-trans-brown-2,Mahalo,Guitars and Ukuleles,995.0,44,Beginner,NONE,,
TE-MR1YW,Mahalo Soprano Ukulele Yellow,mahalo-soprano-ukulele-yellow,Mahalo,Guitars and Ukuleles,995.0,21,Beginner,NONE,,
TE-MS1TBR,Mahalo Slimline Soprano Ukulele Trans Brown,mahalo-slimline-soprano-ukulele-trans-brown,Mahalo,Guitars and Ukuleles,705.0,25,Beginner,NONE,,
TE-MS1TBU,Mahalo Slimline Soprano Ukulele Trans Blue,mahalo-slimline-soprano-ukulele-trans-blue,Mahalo,Guitars and Ukuleles,705.0,27,Beginner,NONE,,
TE-MS1TRD,Mahalo Slimline Soprano Ukulele Trans Red,mahalo-slimline-soprano-ukulele-trans-red,Mahalo,Guitars and Ukuleles,705.0,29,Beginner,NONE,,
TE-MZCP2,Mahalo Ukulele Capo,mahalo-ukulele-capo,Mahalo,Guitars and Ukuleles,135.0,1,Beginner,NONE,,
TE-U-SMILEOR,Mahalo U Smile Ukulele Orange,mahalo-u-smile-ukulele-orange,Mahalo,Guitars and Ukuleles,835.0,9,Beginner,NONE,,
TE-U-SMILETBR,Mahalo Soprano Ukulele Smile Trans Brown,mahalo-soprano-ukulele-smile-trans-brown,Mahalo,Guitars and Ukuleles,1095.0,21,Beginner,NONE,,
TE-U-SMILETBS,Mahalo Smile Soprano Ukulele Trans Buttescot,mahalo-smile-soprano-ukulele-trans-buttescot,Mahalo,Guitars and Ukuleles,735.0,9,Beginner,NONE,,
TE-U-SMILETBU,Mahalo Soprano Ukulele Smile Trans Blue,mahalo-soprano-ukulele-smile-trans-blue,Mahalo,Guitars and Ukuleles,1095.0,18,Beginner,NONE,,
TE-U-SMILETRD,Mahalo Soprano Ukulele Smile Trans Red,mahalo-soprano-ukulele-smile-trans-red,Mahalo,Guitars and Ukuleles,735.0,12,Beginner,NONE,,
TE-U-SMILINOYW,Mahalo Sopranissimo Uke Yellow +Bag,mahalo-sopranissimo-uke-yellow-bag,Mahalo,Guitars and Ukuleles,835.0,8,Beginner,NONE,,
TE-U/LTD2,Mahalo Soprano Ukulele Limited 2 + Bag,mahalo-soprano-ukulele-limited-2-bag,Mahalo,Guitars and Ukuleles,2320.0,2,Intermediate,NONE,,
TE-U400,Mahalo Akasia Ukulele Natural,mahalo-akasia-ukulele-natural,Mahalo,Guitars and Ukuleles,1720.0,2,Beginner,NONE,,
MO-AIRP10,Mooer P10 Guitar Wireless System,mooer-p10-guitar-wireless-system,Mooer,Guitars and Ukuleles,3505.0,2,Intermediate,NONE,,
MO-AIRSWITCHC4,Mooer Wireless Footswitch Controller,mooer-wireless-footswitch-controller,Mooer,Accessories,1295.0,2,Beginner,NONE,,
MO-BLADE,Mooer Distortion Pedal,mooer-distortion-pedal,Mooer,Accessories,1320.0,3,Beginner,NONE,,
MO-BLUESMOOD,Mooer Blues Drive Pedal,mooer-blues-drive-pedal,Mooer,Accessories,1495.0,1,Beginner,NONE,,
MO-BROWNSOUND,Mooer Evh150 Simulation Pedal,mooer-evh150-simulation-pedal,Mooer,Accessories,2750.0,1,Intermediate,NONE,,
MO-CALIMK3,Mooer Cali Pedal Mesa Mk3,mooer-cali-pedal-mesa-mk3,Mooer,Accessories,2750.0,1,Intermediate,NONE,,
MO-D7DELAYX2,Mooer X2 Series Digital Delay Pedal,mooer-x2-series-digital-delay-pedal,Mooer,Accessories,4265.0,1,Intermediate,NONE,,
MO-E7SYNTH,Mooer E7 Polyphonic Synth Guitar Pedal,mooer-e7-polyphonic-synth-guitar-pedal,Mooer,Guitars and Ukuleles,2960.0,2,Intermediate,NONE,,
MO-ELADY,Mooer Flanger Pedal,mooer-flanger-pedal,Mooer,Accessories,1495.0,2,Beginner,NONE,,
MO-ENVELOPE,Mooer Analog Auto Wah Pedal,mooer-analog-auto-wah-pedal,Mooer,Accessories,1395.0,2,Beginner,NONE,,
MO-FPT,Mooer Guitar Picks Thick 1.37Mm 10Pk,mooer-guitar-picks-thick-137mm-10pk,Mooer,Guitars and Ukuleles,55.0,2,Beginner,NONE,,
MO-FREESTEP,Mooer Wah & Volume Pedal,mooer-wah-volume-pedal,Mooer,Accessories,2870.0,1,Intermediate,NONE,,
MO-FTBU,Mooer Footswitch Topper Blue,mooer-footswitch-topper-blue,Mooer,Accessories,25.0,29,Beginner,NONE,,
MO-FTGR,Mooer Footswitch Topper Green,mooer-footswitch-topper-green,Mooer,Accessories,25.0,49,Beginner,NONE,,
MO-FTJAR,Mooer Footswitch Topper Candy Jat 100Pcs,mooer-footswitch-topper-candy-jat-100pcs,Mooer,Accessories,1320.0,3,Beginner,NONE,,
MO-FTPP,Mooer Footswitch Topper Purple,mooer-footswitch-topper-purple,Mooer,Accessories,25.0,39,Beginner,NONE,,
MO-FTRE,Mooer Footswitch Topper Red,mooer-footswitch-topper-red,Mooer,Accessories,25.0,50,Beginner,NONE,,
MO-FTRV,Mooer Footswitch Topper Rose Violet,mooer-footswitch-topper-rose-violet,Mooer,Accessories,25.0,49,Beginner,NONE,,
MO-FTYG,Mooer Footswitch Topper Yellow Green,mooer-footswitch-topper-yellow-green,Mooer,Accessories,25.0,42,Beginner,NONE,,
MO-FUNKEYMONKEY,Mooer Digital Auto Wah Pedal,mooer-digital-auto-wah-pedal,Mooer,Accessories,1670.0,3,Beginner,NONE,,
MO-GE100,Mooer Multi Effects Guitar Pedal,mooer-multi-effects-guitar-pedal,Mooer,Guitars and Ukuleles,2515.0,7,Intermediate,NONE,,
MO-GE150,Mooer Ge150 Multi Effects Guitar Pedal,mooer-ge150-multi-effects-guitar-pedal,Mooer,Guitars and Ukuleles,4295.0,1,Intermediate,NONE,,
MO-GE250,Mooer Ge250 Multi Effects Guitar Pedal,mooer-ge250-multi-effects-guitar-pedal,Mooer,Guitars and Ukuleles,10150.0,2,Professional,NONE,,
MO-GE300,Mooer Ge300 Multi Effects Pedal,mooer-ge300-multi-effects-pedal,Mooer,Accessories,21760.0,1,Professional,NONE,,
MO-GREENMILE,Mooer Green Mile Overdrive Pedal,mooer-green-mile-overdrive-pedal,Mooer,Accessories,1320.0,4,Beginner,NONE,,
MO-GROOVELOOP,Mooer Drum Machine Looper Pedal,mooer-drum-machine-looper-pedal,Mooer,Drums and Percussion,2695.0,3,Intermediate,NONE,,
MO-GROOVELOOPX2,Mooer Grooveloop X2 Series,mooer-grooveloop-x2-series,Mooer,Accessories,3340.0,2,Intermediate,NONE,,
MO-HUSTLEDRIVE,Mooer Distortion Pedal,mooer-distortion-pedal-2,Mooer,Accessories,1320.0,3,Beginner,NONE,,
MO-LEVELINE,Mooer Volume Pedal,mooer-volume-pedal,Mooer,Accessories,1910.0,4,Beginner,NONE,,
MO-LOFIMACHINE,Mooer 3 Mode Decimator Effects Pedal,mooer-3-mode-decimator-effects-pedal,Mooer,Accessories,1795.0,1,Beginner,NONE,,
MO-LOOPERX2,Mooer X2 Looper Pedal,mooer-x2-looper-pedal,Mooer,Accessories,3350.0,2,Intermediate,NONE,,
MO-M810,Mooer Gtrs Electric Guitar Blue Busrt,mooer-gtrs-electric-guitar-blue-busrt,Mooer,Guitars and Ukuleles,20570.0,1,Professional,NONE,,
MO-MACROPOWERS1,Mooer 12 Port Power Supply,mooer-12-port-power-supply,Mooer,Accessories,3650.0,4,Intermediate,NONE,,
MO-MACROPOWERS8,Mooer 8 Port Power Supply,mooer-8-port-power-supply,Mooer,Accessories,1910.0,18,Beginner,NONE,,
MO-MICROABYMKII,Mooer Micro Aby Pedal Mkii,mooer-micro-aby-pedal-mkii,Mooer,Accessories,960.0,1,Beginner,NONE,,
MO-MICRODI,Mooer Direct Input Box,mooer-direct-input-box,Mooer,Accessories,1495.0,3,Beginner,NONE,,
MO-MICRODRUMMER,Mooer Micro Drum Machine Pedal,mooer-micro-drum-machine-pedal,Mooer,Drums and Percussion,2030.0,6,Intermediate,NONE,,
MO-MICROLOOPER,Mooer Loop Recording Pedal,mooer-loop-recording-pedal,Mooer,Accessories,1910.0,33,Beginner,NONE,,
MO-NOISEKILLER,Mooer Noise Reduction Pedal,mooer-noise-reduction-pedal,Mooer,Accessories,1495.0,3,Beginner,NONE,,
MO-P1INTELLIGEN,Mooer P1 Intelligent Pedal Black,mooer-p1-intelligent-pedal-black,Mooer,Accessories,4695.0,1,Intermediate,NONE,,
MO-P801,Mooer Intelligent Electric Guitar Dark Night,mooer-intelligent-electric-guitar-dark-night,Mooer,Guitars and Ukuleles,25895.0,1,Professional,NONE,,
MO-PC-S,Mooer Straight Pedal Connecter Jack Plug,mooer-straight-pedal-connecter-jack-plug,Mooer,Accessories,128.8,12,Beginner,NONE,,
MO-PC-Z,Mooer Z Shape Pedal Connector Jack Plug,mooer-z-shape-pedal-connector-jack-plug,Mooer,Accessories,117.0,7,Beginner,NONE,,
MO-PDC-5S,Mooer 5 Straight Multi Dc Power Cable,mooer-5-straight-multi-dc-power-cable,Mooer,Accessories,95.0,16,Beginner,NONE,,
MO-PDC-8A,Mooer 8 Plug Angled Multi Dc Power Cable,mooer-8-plug-angled-multi-dc-power-cable,Mooer,Accessories,115.0,8,Beginner,NONE,,
MO-PITCHBOX,Mooer Harmony Shifting Pedal,mooer-harmony-shifting-pedal,Mooer,Accessories,1495.0,1,Beginner,NONE,,
MO-PITCHSTEP,Mooer Octave Pedal,mooer-octave-pedal,Mooer,Accessories,3580.0,4,Intermediate,NONE,,
MO-PREAMPLIVE,Mooer Digital Multi Preamp Pedal,mooer-digital-multi-preamp-pedal,Mooer,Accessories,12195.0,1,Professional,NONE,,
MO-PUREBOOST,Mooer Boost Pedal,mooer-boost-pedal,Mooer,Accessories,1320.0,3,Beginner,NONE,,
MO-PUREOCTAVE,Mooer Multi Mode Clean Octave Pedal,mooer-multi-mode-clean-octave-pedal,Mooer,Accessories,1670.0,2,Beginner,NONE,,
MO-R7REVERBX2,Mooer Reverb Pedal X2 Series,mooer-reverb-pedal-x2-series,Mooer,Accessories,2810.0,2,Intermediate,NONE,,
MO-RADAR,Mooer Speaker Cab Simulator Pedal,mooer-speaker-cab-simulator-pedal,Mooer,Pro Audio,4295.0,5,Intermediate,NONE,,
MO-RAGEMACHINE,Mooer Metal Distortion Pedal,mooer-metal-distortion-pedal,Mooer,Accessories,1670.0,2,Beginner,NONE,,
MO-REECHO,Mooer Digital Delay Pedal,mooer-digital-delay-pedal,Mooer,Accessories,1670.0,3,Beginner,NONE,,
MO-SHIMVERB,Mooer Digital Reverb Pedal,mooer-digital-reverb-pedal,Mooer,Accessories,1670.0,4,Beginner,NONE,,
MO-SKYVERB,Mooer Digital Reverb Pedal,mooer-digital-reverb-pedal-2,Mooer,Accessories,1670.0,4,Beginner,NONE,,
MO-SLOWENGINE,Mooer Slow Engine,mooer-slow-engine,Mooer,Accessories,1950.0,2,Beginner,NONE,,
MO-SOULSHIVER,Mooer Univibe Chorus & Vibrato Pedal,mooer-univibe-chorus-vibrato-pedal,Mooer,Accessories,1895.0,1,Beginner,NONE,,
MO-THEWAHTER,Mooer Wah Pedal,mooer-wah-pedal,Mooer,Accessories,2330.0,1,Intermediate,NONE,,
MO-TONECAPTURE,Mooer Tone Capture Pedal,mooer-tone-capture-pedal,Mooer,Accessories,2810.0,4,Intermediate,NONE,,
MO-TRELICOPTER,Mooer Tremelo Pedal,mooer-tremelo-pedal,Mooer,Accessories,1320.0,4,Beginner,NONE,,
MO-TRESCAB,Mooer Cab Simulated Pedal,mooer-cab-simulated-pedal,Mooer,Accessories,1950.0,4,Beginner,NONE,,
MO-UKGOLD900,Mooer Jcm900 Micro Pedal,mooer-jcm900-micro-pedal,Mooer,Accessories,3095.0,1,Intermediate,NONE,,
MO-UKGOLDPLX,Mooer Marshall Plexi 50 Simulator Pedal,mooer-marshall-plexi-50-simulator-pedal,Mooer,Accessories,2750.0,2,Intermediate,NONE,,
MO-W900,Mooer Headless Electric Guitar Aurora Purple,mooer-headless-electric-guitar-aurora-purple,Mooer,Guitars and Ukuleles,27730.0,2,Professional,NONE,,
MO-YELLOWCOMP,Mooer Compressor Pedal,mooer-compressor-pedal,Mooer,Accessories,1495.0,1,Beginner,NONE,,
MYCL2011,Mypad Clarinet 11Mm,mypad-clarinet-11mm,Mypad,Wind and Brass,41.0,55,Beginner,NONE,,
MYCL20115,Mypads Clarinet 115,mypads-clarinet-115,Mypad,Wind and Brass,41.0,87,Beginner,NONE,,
MYCL2012,Mypad Clarinet 12Mm,mypad-clarinet-12mm,Mypad,Wind and Brass,41.0,8,Beginner,NONE,,
MYCL20125,Mypads Clarinet 12.5,mypads-clarinet-125,Mypad,Wind and Brass,41.0,51,Beginner,NONE,,
MYCL2014,Mypads Clarinet Pads 140,mypads-clarinet-pads-140,Mypad,Wind and Brass,41.0,105,Beginner,NONE,,
MYCL2015,Mypads Clarinet 15.0,mypads-clarinet-150,Mypad,Wind and Brass,41.0,99,Beginner,NONE,,
MYCL20155,Mypad Clarinet Pads 155,mypad-clarinet-pads-155,Mypad,Wind and Brass,41.0,95,Beginner,NONE,,
MYCL2016,Mypad Clarinet 16Mm,mypad-clarinet-16mm,Mypad,Wind and Brass,41.0,121,Beginner,NONE,,
MYCL20165,Mypad Clarinet 16.5Mm,mypad-clarinet-165mm,Mypad,Wind and Brass,41.0,23,Beginner,NONE,,
MYCL2017,Mypad Clarinet 17Mm,mypad-clarinet-17mm,Mypad,Wind and Brass,41.0,18,Beginner,NONE,,
MYCL20175,Mypads Clarinet Pads 17.5,mypads-clarinet-pads-175,Mypad,Wind and Brass,64.4,43,Beginner,NONE,,
MYCL2018,Mypad Clarinet Pad Transparent,mypad-clarinet-pad-transparent,Mypad,Wind and Brass,41.0,74,Beginner,NONE,,
MYCL20185,Mypads Clarinet Pads 18.5,mypads-clarinet-pads-185,Mypad,Wind and Brass,41.0,90,Beginner,NONE,,
MYCL2019,Mypads Clarinet Pads 190,mypads-clarinet-pads-190,Mypad,Wind and Brass,52.6,108,Beginner,NONE,,
MYCL207,Mypads Clarinet Pads Np 7,mypads-clarinet-pads-np-7,Mypad,Wind and Brass,41.0,128,Beginner,NONE,,
MYCL2075,Mypad Clarinet Pads 7.5 Dbl,mypad-clarinet-pads-75-dbl,Mypad,Wind and Brass,41.0,169,Beginner,NONE,,
MYCL208,Mypads Clarinet Pads No.8,mypads-clarinet-pads-no8,Mypad,Wind and Brass,41.0,125,Beginner,NONE,,
MYCL2085,Mypads Clarinet Pads No. 8.5,mypads-clarinet-pads-no-85,Mypad,Wind and Brass,41.0,99,Beginner,NONE,,
MYCL209,Mypad Clarinet 9Mm,mypad-clarinet-9mm,Mypad,Wind and Brass,41.0,55,Beginner,NONE,,
MYDP120,Mypad Deluxe Piccolo Set,mypad-deluxe-piccolo-set,Mypad,Accessories,855.2,4,Beginner,NONE,,
MYFL4011,Mypad Flute 11Mm,mypad-flute-11mm,Mypad,Wind and Brass,77.2,75,Beginner,NONE,,
MYFL40115,Mypads Flute Pads 115,mypads-flute-pads-115,Mypad,Wind and Brass,77.2,122,Beginner,NONE,,
MYFL4012,Mypad Flute 12Mm,mypad-flute-12mm,Mypad,Wind and Brass,77.2,27,Beginner,NONE,,
MYFL4015,Mypad Flute Pad Yellow Bladder 15Mm,mypad-flute-pad-yellow-bladder-15mm,Mypad,Wind and Brass,77.2,116,Beginner,NONE,,
MYFL4016,Mypads Flute Pad 16Mm,mypads-flute-pad-16mm,Mypad,Wind and Brass,77.2,120,Beginner,NONE,,
MYFL40165,Mypad Flute 16.5Mm,mypad-flute-165mm,Mypad,Wind and Brass,77.2,70,Beginner,NONE,,
MYFL4019,Mypads Flute 19Mm,mypads-flute-19mm,Mypad,Wind and Brass,77.2,18,Beginner,NONE,,
MYFL40195,Mypads Flute Pads No 195,mypads-flute-pads-no-195,Mypad,Wind and Brass,77.2,39,Beginner,NONE,,
MYRT15,Mypad Alto Reed Trimmer,mypad-alto-reed-trimmer,Mypad,Wind and Brass,1564.2,1,Beginner,NONE,,
MYS100105,Mypads Sax Pad No. 105,mypads-sax-pad-no-105,Mypad,Wind and Brass,41.0,32,Beginner,NONE,,
MYS10011,Mypad Sax Pad,mypad-sax-pad,Mypad,Wind and Brass,41.0,10,Beginner,NONE,,
MYS10012,Mypad Sax Pad 12Mm,mypad-sax-pad-12mm,Mypad,Wind and Brass,41.0,90,Beginner,NONE,,
MYS100125,Mypad Sax Pad 12.5Mm,mypad-sax-pad-125mm,Mypad,Wind and Brass,41.0,68,Beginner,NONE,,
MYS10013,Mypad Sax Pad 13,mypad-sax-pad-13,Mypad,Wind and Brass,41.0,59,Beginner,NONE,,
MYS100135,Mypad Sax Pad 13.5Mm,mypad-sax-pad-135mm,Mypad,Wind and Brass,41.0,46,Beginner,NONE,,
MYS100165,Mypad Sax Pad 16.5Mm,mypad-sax-pad-165mm,Mypad,Wind and Brass,64.4,84,Beginner,NONE,,
MYS1008,Mypad Sax Pad 8Mm,mypad-sax-pad-8mm,Mypad,Wind and Brass,41.0,24,Beginner,NONE,,
MYS10085,Mypad Sax Pads 8.5,mypad-sax-pads-85,Mypad,Wind and Brass,41.0,15,Beginner,NONE,,
MYS11011.5,Mypad Sax Pads 11.5Mm,mypad-sax-pads-115mm,Mypad,Wind and Brass,41.0,39,Beginner,NONE,,
MYS110145,Mypad Sax Pad 14.5Mm,mypad-sax-pad-145mm,Mypad,Wind and Brass,64.4,27,Beginner,NONE,,
MYS11015,Mypads Sax Single Pad 15Mm,mypads-sax-single-pad-15mm,Mypad,Wind and Brass,64.4,45,Beginner,NONE,,
MYS110155,Mypads Sax 15.5Mm,mypads-sax-155mm,Mypad,Wind and Brass,64.4,13,Beginner,NONE,,
MYS11016,Mypad Sax 16Mm,mypad-sax-16mm,Mypad,Wind and Brass,64.4,60,Beginner,NONE,,
MYS11017,Mypad Sax Pads 17Mm,mypad-sax-pads-17mm,Mypad,Wind and Brass,64.4,52,Beginner,NONE,,
MYS110175,Mypad Sax 17.5Mm,mypad-sax-175mm,Mypad,Wind and Brass,64.4,1,Beginner,NONE,,
MYS110195,Mypad Sax Pad 19.5Mm,mypad-sax-pad-195mm,Mypad,Wind and Brass,112.4,36,Beginner,NONE,,
MYS11020,Mypad Sax 20Mm,mypad-sax-20mm,Mypad,Wind and Brass,89.0,30,Beginner,NONE,,
MYS110205,Mypad Sax Pad 20.5Mm,mypad-sax-pad-205mm,Mypad,Wind and Brass,112.4,28,Beginner,NONE,,
MYS11021,Mypad Sax Pad 21Mm,mypad-sax-pad-21mm,Mypad,Wind and Brass,112.4,52,Beginner,NONE,,
MYS11022,Mypad Sax 22Mm,mypad-sax-22mm,Mypad,Wind and Brass,112.4,8,Beginner,NONE,,
MYS110225,Mypad Sax Pad 22.5Mm,mypad-sax-pad-225mm,Mypad,Wind and Brass,135.8,59,Beginner,NONE,,
MYS11024,Mypad  Sax 24Mm,mypad-sax-24mm,Mypad,Wind and Brass,124.0,20,Beginner,NONE,,
MYS110245,Mypads Sax 24.5Mm,mypads-sax-245mm,Mypad,Wind and Brass,124.0,24,Beginner,NONE,,
MYS11026,Mypad Sax 26Mm,mypad-sax-26mm,Mypad,Wind and Brass,124.0,30,Beginner,NONE,,
MYS110265,Mypads Sax 26.5Mm,mypads-sax-265mm,Mypad,Wind and Brass,124.0,11,Beginner,NONE,,
MYS11027,Mypad Sax 27Mm,mypad-sax-27mm,Mypad,Wind and Brass,124.0,3,Beginner,NONE,,
MYS11029,Mypad Sax Pad 29Mm,mypad-sax-pad-29mm,Mypad,Wind and Brass,124.0,21,Beginner,NONE,,
MYS110295,Mypad Sax Pads 29.5Mm,mypad-sax-pads-295mm,Mypad,Wind and Brass,124.0,37,Beginner,NONE,,
MYS110305,Mypad Sax 30.5 Mm,mypad-sax-305-mm,Mypad,Wind and Brass,135.8,22,Beginner,NONE,,
MYS110315,Mypad Sax Pads 31.5Mm,mypad-sax-pads-315mm,Mypad,Wind and Brass,135.8,31,Beginner,NONE,,
MYS11032,Mypad Sax 32Mm,mypad-sax-32mm,Mypad,Wind and Brass,135.8,49,Beginner,NONE,,
MYS110325,Mypads Saxophone 32.5Mm,mypads-saxophone-325mm,Mypad,Wind and Brass,135.8,48,Beginner,NONE,,
MYS11033,Mypad Sax 33Mm,mypad-sax-33mm,Mypad,Wind and Brass,135.8,30,Beginner,NONE,,
MYS110335,Mypad Sax 33.5Mm,mypad-sax-335mm,Mypad,Wind and Brass,135.8,22,Beginner,NONE,,
MYS11035,Mypad Sax Pad 35Mm,mypad-sax-pad-35mm,Mypad,Wind and Brass,159.2,2,Beginner,NONE,,
MYS11036,Mypad Sax 36Mm,mypad-sax-36mm,Mypad,Wind and Brass,159.2,18,Beginner,NONE,,
MYS11037,Mypad Alto Sax 37Mm,mypad-alto-sax-37mm,Mypad,Wind and Brass,159.2,1,Beginner,NONE,,
MYS110375,Mypad Sax Pads 37.5Mm,mypad-sax-pads-375mm,Mypad,Wind and Brass,159.2,21,Beginner,NONE,,
MYS11038,Mypad Sax 38Mm,mypad-sax-38mm,Mypad,Wind and Brass,159.2,29,Beginner,NONE,,
MYS110415,Mypads Sax Pad 41.5Mm,mypads-sax-pad-415mm,Mypad,Wind and Brass,230.4,29,Beginner,NONE,,
MYS11043,Mypad Sax 43Mm,mypad-sax-43mm,Mypad,Wind and Brass,194.2,8,Beginner,NONE,,
MYS110475,Mypad Sax Pads 47.5,mypad-sax-pads-475,Mypad,Wind and Brass,242.2,8,Beginner,NONE,,
MYS11048,Mypad Sax 48Mm,mypad-sax-48mm,Mypad,Wind and Brass,218.8,4,Beginner,NONE,,
MYS110485,Mypad Sax Pad 48.5Mm,mypad-sax-pad-485mm,Mypad,Wind and Brass,218.8,21,Beginner,NONE,,
MYS11050,Mypads Sax 50Mm,mypads-sax-50mm,Mypad,Wind and Brass,218.8,5,Beginner,NONE,,
MYS11051,Mypad Sax Pads 51Mm,mypad-sax-pads-51mm,Mypad,Wind and Brass,242.2,22,Beginner,NONE,,
MYS11052,Mypad Sax 52Mm,mypad-sax-52mm,Mypad,Wind and Brass,242.2,7,Beginner,NONE,,
MYS11053,Mypad Sax Pads 53Mm,mypad-sax-pads-53mm,Mypad,Wind and Brass,242.2,25,Beginner,NONE,,
MYS11054,Mypad Sax 54Mm,mypad-sax-54mm,Mypad,Wind and Brass,242.2,26,Beginner,NONE,,
MYS11056,Mypads Sax 56Mm,mypads-sax-56mm,Mypad,Wind and Brass,242.2,37,Beginner,NONE,,
MYS110A-YANA,Mypad Alto Pad Set - Yanagisawa,mypad-alto-pad-set---yanagisawa,Mypad,Accessories,3181.2,1,Intermediate,NONE,,
MYS110AJUP,Mypad Alto Jupiter Set,mypad-alto-jupiter-set,Mypad,Accessories,3181.2,2,Intermediate,NONE,,
MYS110SBUN,Mypad Soprano Sax Pad Set - Bundy Style,mypad-soprano-sax-pad-set---bundy-style,Mypad,Wind and Brass,2035.8,8,Intermediate,NONE,,
MYS110SJUP,Mypad Soprano Sax Pad Set - Jupiter,mypad-soprano-sax-pad-set---jupiter,Mypad,Wind and Brass,2035.8,2,Intermediate,NONE,,
MYS110SSEL,Mypad Soprano Sax Pad Set Selmer,mypad-soprano-sax-pad-set-selmer,Mypad,Wind and Brass,2035.8,4,Intermediate,NONE,,
MYS110SYANA,Mypads Soprano Sax - Yanagisawa,mypads-soprano-sax---yanagisawa,Mypad,Wind and Brass,2154.0,1,Intermediate,NONE,,
MYS110TCONN,Mypad Tenor Sax Pad Set Conn Selmer,mypad-tenor-sax-pad-set-conn-selmer,Mypad,Wind and Brass,3522.8,3,Intermediate,NONE,,
MYS110TJUP,Mypads Tenor Pad Set (Jupiter),mypads-tenor-pad-set-jupiter,Mypad,Accessories,3500.0,1,Intermediate,NONE,,
MYS110TSEL,Mypads Tenor Sax  Pad Set Selmer,mypads-tenor-sax-pad-set-selmer,Mypad,Wind and Brass,3522.8,1,Intermediate,NONE,,
MYSPS-FL,Mypad Flute Springs,mypad-flute-springs,Mypad,Wind and Brass,230.4,1,Beginner,NONE,,
NUONAS4,Nuova Alto Sax Eb Laquer With Case,nuova-alto-sax-eb-laquer-with-case,Nuova,Wind and Brass,11995.0,34,Professional,NONE,,
NUONTR4,Nuova Bb Trumpet Laquer With Case,nuova-bb-trumpet-laquer-with-case,Nuova,Wind and Brass,5260.0,19,Intermediate,NONE,,
OMCALMBLACK,Omete Calm Series Cymbal Set Black,omete-calm-series-cymbal-set-black,Omete,Drums and Percussion,2875.0,9,Intermediate,NONE,,
OMCALMBLUE,Omete Calm Series Cymbal Set Blue,omete-calm-series-cymbal-set-blue,Omete,Drums and Percussion,3295.0,9,Intermediate,NONE,,
OMCALMCOLOUR,Omete Calm Series Cymbal Set Colours,omete-calm-series-cymbal-set-colours,Omete,Drums and Percussion,3225.0,7,Intermediate,NONE,,
OMCALMGOLD,Omete Calm Series Cymbal Set Gold,omete-calm-series-cymbal-set-gold,Omete,Drums and Percussion,2635.0,1,Intermediate,NONE,,
OMCALMRED,Omete Calm Series Cymbal Set Red,omete-calm-series-cymbal-set-red,Omete,Drums and Percussion,2875.0,9,Intermediate,NONE,,
OMCALMSILVER,Omete Calm Series Cymbal Set Silver,omete-calm-series-cymbal-set-silver,Omete,Drums and Percussion,2315.0,15,Intermediate,NONE,,
OP1112,Optech Pucker Pouch Small Black,optech-pucker-pouch-small-black,Optech,Accessories,190.0,7,Beginner,NONE,,
OP1901162,Optech Regular Sax Swivel Strap Black,optech-regular-sax-swivel-strap-black,Optech,Wind and Brass,730.0,6,Beginner,NONE,,
OP1901172,Optech Regular Swivel Sax Strap Xl Black,optech-regular-swivel-sax-strap-xl-black,Optech,Wind and Brass,695.0,11,Beginner,NONE,,
OP1902162,Optech Regular Swivel Sax Strap Red,optech-regular-swivel-sax-strap-red,Optech,Wind and Brass,795.0,12,Beginner,NONE,,
OP1903162,Optech Regular Swivel Sax Strap Navy,optech-regular-swivel-sax-strap-navy,Optech,Wind and Brass,795.0,4,Beginner,NONE,,
OP1904162,Optech Regular Swivel Sax Strap Royal Hc,optech-regular-swivel-sax-strap-royal-hc,Optech,Wind and Brass,745.0,8,Beginner,NONE,,
OP1906162,Optech Sax Strap Regular Swivel Wine Red,optech-sax-strap-regular-swivel-wine-red,Optech,Wind and Brass,795.0,2,Beginner,NONE,,
OP2001152,Optech Classic Strap Junior Swivel Black,optech-classic-strap-junior-swivel-black,Optech,Accessories,765.0,13,Beginner,NONE,,
OP2001162,Optech Classic Sax Strap Regular Black,optech-classic-sax-strap-regular-black,Optech,Wind and Brass,745.0,10,Beginner,NONE,,
OP2201182,Optech Tux Strap Junior Black,optech-tux-strap-junior-black,Optech,Accessories,415.0,7,Beginner,NONE,,
OP2201232,Optech Tux Strap Xl Black,optech-tux-strap-xl-black,Optech,Accessories,495.0,8,Beginner,NONE,,
OP2301192,Optech Ceo Comfort Strap Black,optech-ceo-comfort-strap-black,Optech,Accessories,550.0,2,Beginner,NONE,,
OP2601162,Optech Super Harnass Reg. Swivel Black,optech-super-harnass-reg-swivel-black,Optech,Accessories,1220.0,1,Beginner,NONE,,
OP5001342,Optech Banjo Adaptor Loop,optech-banjo-adaptor-loop,Optech,Guitars and Ukuleles,125.0,2,Beginner,NONE,,
OP5001432,Optech Trombone Guard Black,optech-trombone-guard-black,Optech,Wind and Brass,260.0,1,Beginner,NONE,,
OP5101222,Optech Sousaphone Shoulder Pad,optech-sousaphone-shoulder-pad,Optech,Accessories,1350.0,2,Beginner,NONE,,
OP5101232,Optech Sousaphone Cradle Pad,optech-sousaphone-cradle-pad,Optech,Accessories,1295.0,4,Beginner,NONE,,
OP5131001,Optech Trombone Grip,optech-trombone-grip,Optech,Wind and Brass,995.0,1,Beginner,NONE,,
OP5401152,Optech Tuba Harness Junior Black,optech-tuba-harness-junior-black,Optech,Accessories,2335.0,1,Intermediate,NONE,,
OP5401172,Optech Pad It Tuba Harness Reg,optech-pad-it-tuba-harness-reg,Optech,Accessories,2295.0,7,Intermediate,NONE,,
OP8401192,Optech Wick To Sax Reg. Metal Black,optech-wick-to-sax-reg-metal-black,Optech,Wind and Brass,520.0,1,Beginner,NONE,,
OR30HV2,Orange Or30 Guitar Amp,orange-or30-guitar-amp,Orange,Guitars and Ukuleles,54895.0,1,Professional,NONE,,
ORBASSBUTLER,Orange Bass Butler Bi-Amp Preamp Pedal,orange-bass-butler-bi-amp-preamp-pedal,Orange,Accessories,9795.0,1,Intermediate,NONE,,
ORCA034,Orange Crush Cable 10Ft Straight Jack,orange-crush-cable-10ft-straight-jack,Orange,Accessories,395.0,89,Beginner,NONE,,
ORCA035,Orange Crush Instr Cable 10 Ft Angled,orange-crush-instr-cable-10-ft-angled,Orange,Accessories,395.0,102,Beginner,NONE,,
ORCA036,Orange Crush Instr Cable 20Ft Straight,orange-crush-instr-cable-20ft-straight,Orange,Accessories,490.0,25,Beginner,NONE,,
ORCA037,Orange Crush Instr Cable 20Ft Angled,orange-crush-instr-cable-20ft-angled,Orange,Accessories,490.0,25,Beginner,NONE,,
ORCAJSSTSPOR3,Orange Speaker Cable Jack-Speakon 30Ft.,orange-speaker-cable-jack-speakon-30ft,Orange,Pro Audio,789.8,4,Beginner,NONE,,
ORCASSSPOR3,Orange Speaker Cable Speakon 3Ft.,orange-speaker-cable-speakon-3ft,Orange,Pro Audio,906.8,13,Beginner,NONE,,
ORCRUSH12,Orange Crush 12Watt Guitar Amp Combo,orange-crush-12watt-guitar-amp-combo,Orange,Guitars and Ukuleles,3120.0,22,Intermediate,NONE,,
ORCRUSH20,Orange Crush 20Watt Guitar Amp Combo,orange-crush-20watt-guitar-amp-combo,Orange,Guitars and Ukuleles,4050.0,22,Intermediate,NONE,,
ORCRUSH20RT,Orange Crush 20W Guitar Amp Combo With Reve,orange-crush-20w-guitar-amp-combo-with-reve,Orange,Guitars and Ukuleles,5650.0,24,Intermediate,NONE,,
ORCRUSH20RTORI,Orange 20Watt Amp White With Black Grill,orange-20watt-amp-white-with-black-grill,Orange,Accessories,6340.0,16,Intermediate,NONE,,
ORCRUSH35RT,Orange Crush 35W Guitar Amp Combo With Reve,orange-crush-35w-guitar-amp-combo-with-reve,Orange,Guitars and Ukuleles,8250.0,6,Intermediate,NONE,,
ORCRUSHACOUST30,Orange 30Watt Crush Acoustic Guitar Amp,orange-30watt-crush-acoustic-guitar-amp,Orange,Guitars and Ukuleles,11745.0,12,Professional,NONE,,
ORCRUSHMINI,Orange 3Watt Crush Mini Amp,orange-3watt-crush-mini-amp,Orange,Accessories,1695.0,26,Beginner,NONE,,
ORFSMINI,Orange Mini Single Footswitch,orange-mini-single-footswitch,Orange,Accessories,675.0,6,Beginner,NONE,,
ORMT,Orange Micro Terror 20Watt Amp Head,orange-micro-terror-20watt-amp-head,Orange,Accessories,5195.0,3,Intermediate,NONE,,
ORPPC108,Orange Micro Terror 1X8 Cab,orange-micro-terror-1x8-cab,Orange,Accessories,3395.0,2,Intermediate,NONE,,
DWPDAX2014,Pdp Felts For Hihat Clutch 4Pack,pdp-felts-for-hihat-clutch-4pack,PDP,Drums and Percussion,105.4,40,Beginner,NONE,,
DWPDAX379A,Pdp Hi Hat Clutch,pdp-hi-hat-clutch,PDP,Accessories,315.0,2,Beginner,NONE,,
DWPDAX801,Pdp Drum Key,pdp-drum-key,PDP,Drums and Percussion,105.4,10,Beginner,NONE,,
DWPDAX9212,Pdp Closed Hh Mount With Mg3 & Long Arm,pdp-closed-hh-mount-with-mg3-long-arm,PDP,Accessories,1913.0,6,Beginner,NONE,,
DWPDAXCFKIT,Pdp Cymbal Felt & Seat Kit 6Pce,pdp-cymbal-felt-seat-kit-6pce,PDP,Drums and Percussion,316.0,29,Beginner,NONE,,
DWPDAXRES10,Pdp Receiver Zinc 12-24 10Pk,pdp-receiver-zinc-12-24-10pk,PDP,Accessories,270.0,5,Beginner,NONE,,
DWPDAXRETP10,Pdp Reciever Zinc True Pitch 10Pk,pdp-reciever-zinc-true-pitch-10pk,PDP,Accessories,270.0,4,Beginner,NONE,,
DWPDAXTRTP11008,Pdp Tension Rods Tru Pitch Cr 110Mm 8Pk,pdp-tension-rods-tru-pitch-cr-110mm-8pk,PDP,Accessories,193.0,9,Beginner,NONE,,
DWPDAXTRTP4208,Pdp Tension Rods Cr Tru Pitch 42Mm 8Pk,pdp-tension-rods-cr-tru-pitch-42mm-8pk,PDP,Accessories,140.4,3,Beginner,NONE,,
DWPDAXTRTP5008,Pdp Tension Rods Cr Tru Pitch 50Mm 8Pk,pdp-tension-rods-cr-tru-pitch-50mm-8pk,PDP,Accessories,140.4,2,Beginner,NONE,,
DWPDAXTRTP5508,Pdp Tension Rods Cr Tru Pitch 55Mm 8Pk,pdp-tension-rods-cr-tru-pitch-55mm-8pk,PDP,Accessories,140.4,5,Beginner,NONE,,
DWPDCE2215KTRR,Pdp Centerstage With Hardware Cym Ruby,pdp-centerstage-with-hardware-cym-ruby,PDP,Accessories,22295.0,1,Professional,NONE,,
DWPDCE2215KTSS,Pdp Centerstage 5Pcs Kit Silver,pdp-centerstage-5pcs-kit-silver,PDP,Accessories,22295.0,1,Professional,NONE,,
DWPDCM2217PW,Pdp Concept 7Pce Maple Pearlecent White,pdp-concept-7pce-maple-pearlecent-white,PDP,Accessories,36065.0,1,Professional,NONE,,
DWPDCM2217SCB,Pdp Concept 7Pce Maple Satin Charcoal Br,pdp-concept-7pce-maple-satin-charcoal-br,PDP,Accessories,36065.0,1,Professional,NONE,,
DWPDCM2217SF,Pdp Concept 7Pce Maple Satin Seafoam,pdp-concept-7pce-maple-satin-seafoam,PDP,Accessories,33285.0,2,Professional,NONE,,
DWPDCM2217SO,Pdp Concept Maple 7Pce  Satin Olive,pdp-concept-maple-7pce-satin-olive,PDP,Accessories,33285.0,3,Professional,NONE,,
DWPDCM2217TI,Pdp Concept Maple 7Pce Twisted Ivory,pdp-concept-maple-7pce-twisted-ivory,PDP,Accessories,33285.0,1,Professional,NONE,,
DWPDHW815,Pdp 800 Series Hardware Pack,pdp-800-series-hardware-pack,PDP,Accessories,10995.0,3,Professional,NONE,,
DWPDHWC15,Pdp Conept Hardware Pack 5Pce,pdp-conept-hardware-pack-5pce,PDP,Accessories,15255.0,2,Professional,NONE,,
DWPDMA2215KTBS,Pdp Mainstage 5Pce Black Spark Hw+ Paist,pdp-mainstage-5pce-black-spark-hw-paist,PDP,Accessories,24965.0,1,Professional,NONE,,
DWPDSN6514NAWH,Pdp Thick Snare 6.5X14 Wood Hoop Maple,pdp-thick-snare-65x14-wood-hoop-maple,PDP,Drums and Percussion,9435.0,1,Intermediate,NONE,,
EK-BS402,Quik Lok Studio Monitor Stand Adjstable,quik-lok-studio-monitor-stand-adjstable,Quiklok,Pro Audio,1250.0,1,Beginner,NONE,,
EK-GS4498,Quik Lok Guitar Wall Hanger With Yoke Lok,quik-lok-guitar-wall-hanger-with-yoke-lok,Quiklok,Guitars and Ukuleles,386.2,3,Beginner,NONE,,
EK-GS508,Quik Lok Universal Guitar Stand Locking,quik-lok-universal-guitar-stand-locking,Quiklok,Guitars and Ukuleles,1160.0,8,Beginner,NONE,,
EK-MP892,Quik Lok Microphone Clip Rubber,quik-lok-microphone-clip-rubber,Quiklok,Pro Audio,59.0,85,Beginner,NONE,,
EK-MP900,Quik Lok Adjustable Dual Microphone Holder,quik-lok-adjustable-dual-microphone-holder,Quiklok,Pro Audio,538.2,6,Beginner,NONE,,
EK-MS330,Quik Lok Music Stand And Bag,quik-lok-music-stand-and-bag,Quiklok,Accessories,1090.0,1,Beginner,NONE,,
EK-PS25,Quik Lok Sustain Pedal,quik-lok-sustain-pedal,Quiklok,Accessories,435.0,11,Beginner,NONE,,
EK-S213,Quik Lok Speaker Stand Extension Tube,quik-lok-speaker-stand-extension-tube,Quiklok,Pro Audio,175.6,1,Beginner,NONE,,
EK-SSAT10,Quik Lok Alto-Tenor Sax Tall Stand,quik-lok-alto-tenor-sax-tall-stand,Quiklok,Wind and Brass,895.0,25,Beginner,NONE,,
EK-STB1,Quik Lok Trombone Stand,quik-lok-trombone-stand,Quiklok,Wind and Brass,509.0,1,Beginner,NONE,,
EK-WI994,Quik Lok Trumpet/Cornet Stand,quik-lok-trumpetcornet-stand,Quiklok,Wind and Brass,525.0,11,Beginner,NONE,,
EK-Z2,Quik Lok Adj. Keyboard Second Tier,quik-lok-adj-keyboard-second-tier,Quiklok,Keyboards,1889.6,14,Beginner,NONE,,
EK-Z612,Quik Lok 12U Rack Stand Cherry Wood,quik-lok-12u-rack-stand-cherry-wood,Quiklok,Accessories,5779.8,1,Intermediate,NONE,,
GCSHMICBAG04,Gator Shure 4 Microphone Bag,gator-shure-4-microphone-bag,SHURE,Pro Audio,1510.0,8,Beginner,NONE,,
GCSHMICBAG12,Gator Shure 12 Microphone Bag,gator-shure-12-microphone-bag,SHURE,Pro Audio,2040.0,4,Intermediate,NONE,,
GCSHRBMICSTAND1,Gator Shure Round Base Microphone Stand,gator-shure-round-base-microphone-stand,SHURE,Pro Audio,1860.0,41,Beginner,NONE,,
GCSHSTANDBAG,Gator Shure 3 Microphone Stand 5 Microphone Bag,gator-shure-3-microphone-stand-5-microphone-bag,SHURE,Pro Audio,2095.0,2,Intermediate,NONE,,
GCSHTRIPODSTAND,Gator Shure Telescopic Tripod Microphone Stand,gator-shure-telescopic-tripod-microphone-stand,SHURE,Pro Audio,2250.0,38,Intermediate,NONE,,
GCSHWRLSCARRYBA,Gator Shure  2 Wireless Microphone Bag,gator-shure-2-wireless-microphone-bag,SHURE,Pro Audio,1995.0,4,Beginner,NONE,,
GCSHWSYSBAG,Gator Shure Wireless Microphone Bag,gator-shure-wireless-microphone-bag,SHURE,Pro Audio,2095.0,8,Intermediate,NONE,,
SA-22187XB,Sabian 11  Aax Xplosion Splash,sabian-11-aax-xplosion-splash,Sabian,Accessories,4620.0,1,Intermediate,NONE,,
SA-42012X,Sabian 20 B8X Ride Cymbal,sabian-20-b8x-ride-cymbal,Sabian,Drums and Percussion,4760.0,1,Intermediate,NONE,,
SA-45003XG,Sabian B8X Perf Set Plus With Free 18  Cras,sabian-b8x-perf-set-plus-with-free-18-cras,Sabian,Accessories,15050.0,3,Professional,NONE,,
SA-61008,Sabian Standard Cymbal Bag 22,sabian-standard-cymbal-bag-22,Sabian,Drums and Percussion,2650.0,1,Intermediate,NONE,,
SA-61010-12,Sabian Rivets 12 Pack,sabian-rivets-12-pack,Sabian,Accessories,270.0,5,Beginner,NONE,,
SA-61011,Sabian Drum Key,sabian-drum-key,Sabian,Drums and Percussion,125.0,40,Beginner,NONE,,
SA-61015PR,Sabian Nylon Cymbal Straps,sabian-nylon-cymbal-straps,Sabian,Drums and Percussion,295.0,9,Beginner,NONE,,
SA-61142,Sabian Standard Stick Bag,sabian-standard-stick-bag,Sabian,Accessories,1640.0,4,Beginner,NONE,,
SA-61143,Sabian Premium Xl Stick Bag,sabian-premium-xl-stick-bag,Sabian,Accessories,2295.0,1,Intermediate,NONE,,
SA-61144,Sabian Econo Stick Bag,sabian-econo-stick-bag,Sabian,Accessories,710.0,4,Beginner,NONE,,
SA-CCHM,Sabian Camber Chime Mount,sabian-camber-chime-mount,Sabian,Accessories,1054.0,2,Beginner,NONE,,
SA-CRISISKIT,Sabian Crisis Kit,sabian-crisis-kit,Sabian,Accessories,810.0,9,Beginner,NONE,,
SA-CSTK242,Sabian Camber Tilt Stacker,sabian-camber-tilt-stacker,Sabian,Accessories,681.0,3,Beginner,NONE,,
SA-CTLH,Sabian Camber Triangle L-Holder,sabian-camber-triangle-l-holder,Sabian,Accessories,1377.0,3,Beginner,NONE,,
SA-EXS1BG,Sabian Express Stick Bag,sabian-express-stick-bag,Sabian,Accessories,450.0,22,Beginner,NONE,,
SA-FELTPACK,Sabian Felt Pack,sabian-felt-pack,Sabian,Accessories,275.0,10,Beginner,NONE,,
SA-HC-14,Sabian Hc-14 14 Hoop Crasher,sabian-hc-14-14-hoop-crasher,Sabian,Accessories,5533.0,1,Intermediate,NONE,,
SA-LOGOREPAIR,Sabian Logo Repair Kit,sabian-logo-repair-kit,Sabian,Accessories,449.0,5,Beginner,NONE,,
SA-MAXP,Sabian Max Protect 22  Cymbal Case,sabian-max-protect-22-cymbal-case,Sabian,Drums and Percussion,3270.0,1,Intermediate,NONE,,
SA-S12CS,Sabian Stratus Cirro Stax,sabian-stratus-cirro-stax,Sabian,Accessories,5250.0,2,Intermediate,NONE,,
SA-S1402,Sabian 14  Stratus Hihats,sabian-14-stratus-hihats,Sabian,Drums and Percussion,9995.0,1,Intermediate,NONE,,
SA-S1502,Sabian 15  Stratus Crash,sabian-15-stratus-crash,Sabian,Accessories,10995.0,1,Professional,NONE,,
SA-S1806,Sabian 18  Stratus Crash,sabian-18-stratus-crash,Sabian,Accessories,7600.0,1,Intermediate,NONE,,
SA-S18ZE,Sabian 18  Stratus Zero Crash,sabian-18-stratus-zero-crash,Sabian,Accessories,7985.0,1,Intermediate,NONE,,
SA-S1906,Sabian 19  Stratus Crash,sabian-19-stratus-crash,Sabian,Accessories,8295.0,1,Intermediate,NONE,,
SA-S2006,Sabian 20  Stratus Crash,sabian-20-stratus-crash,Sabian,Accessories,9395.0,1,Intermediate,NONE,,
SA-S20ZE,Sabian 20  Stratus Zero,sabian-20-stratus-zero,Sabian,Accessories,9995.0,1,Intermediate,NONE,,
SA-SBR1005,Sabian Sbr 10 Splash,sabian-sbr-10-splash,Sabian,Accessories,930.0,12,Beginner,NONE,,
SA-SBR1402,Sabian Sbr 14 Hihats,sabian-sbr-14-hihats,Sabian,Drums and Percussion,2670.0,5,Intermediate,NONE,,
SA-SBR1422,Sabian 14 Sbr Band,sabian-14-sbr-band,Sabian,Accessories,2670.0,14,Intermediate,NONE,,
SA-SBR1606,Sabian Sbr 16 Crash,sabian-sbr-16-crash,Sabian,Accessories,2270.0,8,Intermediate,NONE,,
SA-SBR1616,Sabian Sbr 16  China,sabian-sbr-16-china,Sabian,Accessories,2270.0,4,Intermediate,NONE,,
SA-SBR2012,Sabian Sbr 20 Ride,sabian-sbr-20-ride,Sabian,Accessories,2650.0,1,Intermediate,NONE,,
SA-SBR5001,Sabian Sbr First Pack 13  Hats 16  Crash,sabian-sbr-first-pack-13-hats-16-crash,Sabian,Accessories,4295.0,4,Intermediate,NONE,,
SA-SBR5002,Sabian Sbr Two Pack 14  Hats 18  Crash,sabian-sbr-two-pack-14-hats-18-crash,Sabian,Accessories,4895.0,9,Intermediate,NONE,,
SA-SBR5003,Sabian Sbr 14 Hats 16 Crash 20 Ride Set,sabian-sbr-14-hats-16-crash-20-ride-set,Sabian,Accessories,7195.0,11,Intermediate,NONE,,
SA-SBR50071,Sabian Sbr Super Cymbal Set,sabian-sbr-super-cymbal-set,Sabian,Drums and Percussion,12130.0,1,Professional,NONE,,
SA-SSB360,Sabian 360 Stick Bag,sabian-360-stick-bag,Sabian,Accessories,1995.0,1,Beginner,NONE,,
SA-SSF11,Sabian Flip Stick Bag,sabian-flip-stick-bag,Sabian,Accessories,1640.0,1,Beginner,NONE,,
SNR-AG16-1W,Sandner Dreadnaught Guitar Natural,sandner-dreadnaught-guitar-natural,Sandner,Guitars and Ukuleles,2495.0,3,Intermediate,NONE,,
SNR-CS12,Sandner Cello String Set 1/2,sandner-cello-string-set-12,Sandner,Strings,365.0,20,Beginner,NONE,,
SNR-CS14,Sandner Cello String Set 1/4,sandner-cello-string-set-14,Sandner,Strings,365.0,63,Beginner,NONE,,
SNR-CS34,Sandner Cello String Set 3/4,sandner-cello-string-set-34,Sandner,Strings,365.0,25,Beginner,NONE,,
SNR-CVS12,Sandner Concert 1/2 -1/4 Violin Strings,sandner-concert-12--14-violin-strings,Sandner,Strings,450.0,35,Beginner,NONE,,
SNR-CVS44,Sandner Concert 4/4 Violin String Set,sandner-concert-44-violin-string-set,Sandner,Strings,450.0,51,Beginner,NONE,,
SNR-ROSIN5,Sandner Violin Rosin #5,sandner-violin-rosin-5,Sandner,Strings,60.0,785,Beginner,NONE,,
SNR-RS120,Sandner Rs120 Upright Piano Black Satin,sandner-rs120-upright-piano-black-satin,Sandner,Keyboards,91795.0,1,Professional,NONE,,
SNR-VS14,Sandner Violin String Set 1/4,sandner-violin-string-set-14,Sandner,Strings,155.0,63,Beginner,NONE,,
SNR-VS44,Sandner Violin String Set 4/4,sandner-violin-string-set-44,Sandner,Strings,155.0,8,Beginner,NONE,,
SNR300A,Sandner Violin 4/4 Outfit,sandner-violin-44-outfit,Sandner,Strings,4795.0,2,Intermediate,NONE,,
SNR300D,Sandner Violin 1/4 Outfit,sandner-violin-14-outfit,Sandner,Strings,4775.0,12,Intermediate,NONE,,
SNR301A,Sandner 4/4 Violin Outfit,sandner-44-violin-outfit,Sandner,Strings,2585.0,9,Intermediate,NONE,,
SNR301D,Sandner 1/4 Violin Outfit,sandner-14-violin-outfit,Sandner,Strings,2585.0,9,Intermediate,NONE,,
SNRB11A,Sandner Violin Bow B11,sandner-violin-bow-b11,Sandner,Strings,3295.0,6,Intermediate,NONE,,
SNRB25-B,Sandner Cello Bow 3/4,sandner-cello-bow-34,Sandner,Strings,975.0,7,Beginner,NONE,,
SNRB25-D,Sandner Cello Bow 1/4,sandner-cello-bow-14,Sandner,Strings,895.0,3,Beginner,NONE,,
SNRB25A,Sandner B25 Cello Bow 4/4,sandner-b25-cello-bow-44,Sandner,Strings,975.0,7,Beginner,NONE,,
SNRB27,Sandner Bow Cello B27 4/4,sandner-bow-cello-b27-44,Sandner,Strings,1540.0,3,Beginner,NONE,,
SNRB5A,Sandner Bow Vln B5 4/4,sandner-bow-vln-b5-44,Sandner,Strings,770.0,50,Beginner,NONE,,
SNRB5B,Sandner Violin Bow B5 3/4,sandner-violin-bow-b5-34,Sandner,Strings,770.0,5,Beginner,NONE,,
SNRB5C,Sandner Violin Bow B5 1/2,sandner-violin-bow-b5-12,Sandner,Strings,770.0,6,Beginner,NONE,,
SNRB7,Sandner 4/4 Violin Bow,sandner-44-violin-bow,Sandner,Strings,1330.0,3,Beginner,NONE,,
SNRB75F,Sandner D/Bass Bow 4/4 French Style,sandner-dbass-bow-44-french-style,Sandner,Strings,2395.0,1,Intermediate,NONE,,
SNRCC6,Sandner Concert 4/4 Cello Outfit + Bag,sandner-concert-44-cello-outfit-bag,Sandner,Strings,44910.0,1,Professional,NONE,,
SNRSA108C,Sandner 1/2 Violin Case Shaped,sandner-12-violin-case-shaped,Sandner,Strings,1045.0,3,Beginner,NONE,,
SNRSA208,Sandner 4/4 Violin Case,sandner-44-violin-case,Sandner,Strings,1960.0,4,Beginner,NONE,,
SNRSA260,Sandner 4/4 Violin Case,sandner-44-violin-case-2,Sandner,Strings,2595.0,12,Intermediate,NONE,,
SNRSA260V,Sandner 16  Viola Case,sandner-16-viola-case,Sandner,Strings,2070.0,2,Intermediate,NONE,,
SNRSB57,Sandner 4/4 Cello Bag,sandner-44-cello-bag,Sandner,Strings,2615.0,2,Intermediate,NONE,,
SNRSPB-32B,Sandner Piano Bench Adjustable Black,sandner-piano-bench-adjustable-black,Sandner,Keyboards,2995.0,1,Intermediate,NONE,,
SNRSPB-32M,Sandner Piano Bench Mahogany,sandner-piano-bench-mahogany,Sandner,Keyboards,2995.0,1,Intermediate,NONE,,
SNRSPB-32RW,Sandner Adjustable Piano Bench Rosewood,sandner-adjustable-piano-bench-rosewood,Sandner,Keyboards,2995.0,8,Intermediate,NONE,,
SNRSPB-32W,Sandner Piano Bench Wallnut Matt,sandner-piano-bench-wallnut-matt,Sandner,Keyboards,2995.0,1,Intermediate,NONE,,
SNRSRL,Sandner Violin Shoulder Rest Large 4/4 - 3-4,sandner-violin-shoulder-rest-large-44---3-4,Sandner,Strings,420.0,101,Beginner,NONE,,
SNRSRM,Sandner Violin Shoulder Rest Medium 1/2 - 3/4,sandner-violin-shoulder-rest-medium-12---34,Sandner,Strings,420.0,6,Beginner,NONE,,
SNRSRS,Sandner Violin Shoulder Rest Small 1/8 - 1/4,sandner-violin-shoulder-rest-small-18---14,Sandner,Strings,420.0,18,Beginner,NONE,,
SUN-B-BIRDC,Santa Fe B-Bird Capo Chrome,santa-fe-b-bird-capo-chrome,Santa Fe,Accessories,240.0,119,Beginner,NONE,,DUPLICATE - REVIEW
SUN-CC-500M,Santa Fe Classic Wood Case Flat Top,santa-fe-classic-wood-case-flat-top,Santa Fe,Accessories,2395.0,9,Intermediate,NONE,,DUPLICATE - REVIEW
SUN-CG1001/2-PK,Santa Fe 1/2 Classic Guitar Pink,santa-fe-12-classic-guitar-pink,Santa Fe,Guitars and Ukuleles,1650.0,1,Beginner,NONE,,DUPLICATE - REVIEW
SUN-LEMONOIL,Santa Fe Guitar Lemon Oil Bottle,santa-fe-guitar-lemon-oil-bottle,Santa Fe,Guitars and Ukuleles,99.0,164,Beginner,NONE,,DUPLICATE - REVIEW
SUN-POLISH,Santa Fe Guitar Polish Bottle,santa-fe-guitar-polish-bottle,Santa Fe,Guitars and Ukuleles,99.0,224,Beginner,NONE,,DUPLICATE - REVIEW
SUN-STRINGCLEAN,Santa Fe Guitar String & Fret Cleaner,santa-fe-guitar-string-fret-cleaner,Santa Fe,Guitars and Ukuleles,99.0,447,Beginner,NONE,,DUPLICATE - REVIEW
MUDPS-C033,Tornado Double Sax Stand,tornado-double-sax-stand,Santa Fe,Wind and Brass,761.6,17,Beginner,NONE,,
MUDPS-C050,Tornado Baritone Sax Stand,tornado-baritone-sax-stand,Santa Fe,Wind and Brass,293.6,1,Beginner,NONE,,
MUSDST0601,Tornado Steel Snappy Snare Strainer,tornado-steel-snappy-snare-strainer,Santa Fe,Drums and Percussion,435.2,1,Beginner,NONE,,
SUN-07WD034,Santa Fe Baritone Horn Mouthpiece,santa-fe-baritone-horn-mouthpiece,Santa Fe,Wind and Brass,250.0,7,Beginner,NONE,,
SUN-101K,Santa Fe Orchestral Stand Black,santa-fe-orchestral-stand-black,Santa Fe,Accessories,850.0,21,Beginner,NONE,,
SUN-11ML006,Santa Fe Melodica 37 Keys,santa-fe-melodica-37-keys,Santa Fe,Accessories,560.0,68,Beginner,NONE,,
SUN-6PAD,Santa Fe 6  Drum Mute Pad,santa-fe-6-drum-mute-pad,Santa Fe,Drums and Percussion,90.0,194,Beginner,NONE,,
SUN-A100034,Santa Fe 3/4 Double Bass String Set,santa-fe-34-double-bass-string-set,Santa Fe,Strings,950.0,7,Beginner,NONE,,
SUN-A80312,Santa Fe 1/2 Cello String Set,santa-fe-12-cello-string-set,Santa Fe,Strings,351.0,11,Beginner,NONE,,
SUN-B-BIRDC,Santa Fe B-Bird Capo Chrome,santa-fe-b-bird-capo-chrome-2,Santa Fe,Accessories,240.0,119,Beginner,NONE,,DUPLICATE - REVIEW
SUN-CC-500M,Santa Fe Classic Wood Case Flat Top,santa-fe-classic-wood-case-flat-top-2,Santa Fe,Accessories,2395.0,9,Intermediate,NONE,,DUPLICATE - REVIEW
SUN-CG1001/2-PK,Santa Fe 1/2 Classic Guitar Pink,santa-fe-12-classic-guitar-pink-2,Santa Fe,Guitars and Ukuleles,1650.0,1,Beginner,NONE,,DUPLICATE - REVIEW
SUN-EBOTCAP,Santa Fe Euphonium Bottom Cap,santa-fe-euphonium-bottom-cap,Santa Fe,Drums and Percussion,140.0,18,Beginner,NONE,,
SUN-HM10A,Santa Fe 10 Key Harmonica A,santa-fe-10-key-harmonica-a,Santa Fe,Accessories,150.0,63,Beginner,NONE,,
SUN-HM10D,Santa Fe 10 Key Harmonica D,santa-fe-10-key-harmonica-d,Santa Fe,Accessories,150.0,57,Beginner,NONE,,
SUN-HM10G,Santa Fe 10 Key Harmonica G,santa-fe-10-key-harmonica-g,Santa Fe,Accessories,150.0,41,Beginner,NONE,,
SUN-HM24A,Santa Fe 24 Key Harmonica A,santa-fe-24-key-harmonica-a,Santa Fe,Accessories,410.0,58,Beginner,NONE,,
SUN-HM24C,Santa Fe 24 Key Harmonica C,santa-fe-24-key-harmonica-c,Santa Fe,Accessories,410.0,117,Beginner,NONE,,
SUN-HM24G,Santa Fe 24 Key Harmonica G,santa-fe-24-key-harmonica-g,Santa Fe,Accessories,410.0,66,Beginner,NONE,,
SUN-LEMONOIL,Santa Fe Guitar Lemon Oil Bottle,santa-fe-guitar-lemon-oil-bottle-2,Santa Fe,Guitars and Ukuleles,99.0,88,Beginner,NONE,,DUPLICATE - REVIEW
SUN-MTMA,Santa Fe Metal Tenor Sax Mouthpiece Gold,santa-fe-metal-tenor-sax-mouthpiece-gold,Santa Fe,Wind and Brass,1805.0,4,Beginner,NONE,,
SUN-POLISH,Santa Fe Guitar Polish Bottle,santa-fe-guitar-polish-bottle-2,Santa Fe,Guitars and Ukuleles,99.0,182,Beginner,NONE,,DUPLICATE - REVIEW
SUN-PTBMPBK,Santa Fe Plastic Trombone Mouthpiece Black,santa-fe-plastic-trombone-mouthpiece-black,Santa Fe,Wind and Brass,220.0,4,Beginner,NONE,,
SUN-PTBMPWH,Santa Fe Plastic Trombone Mouthpiece White,santa-fe-plastic-trombone-mouthpiece-white,Santa Fe,Wind and Brass,220.0,13,Beginner,NONE,,
SUN-PTRBLUE,Santa Fe Zo Plastic Trumpet Blue,santa-fe-zo-plastic-trumpet-blue,Santa Fe,Wind and Brass,4295.0,4,Intermediate,NONE,,
SUN-PTRMPBK,Santa Fe Plastic Trumpet Mouthpiece Black,santa-fe-plastic-trumpet-mouthpiece-black,Santa Fe,Wind and Brass,195.0,2,Beginner,NONE,,
SUN-PTRMPWH,Santa Fe Plastic Trumpet Mouthpiece White,santa-fe-plastic-trumpet-mouthpiece-white,Santa Fe,Wind and Brass,195.0,2,Beginner,NONE,,
SUN-PTRRED,Santa Fe Plastic Trumpet Red,santa-fe-plastic-trumpet-red,Santa Fe,Wind and Brass,4295.0,13,Intermediate,NONE,,
SUN-SAX-ALH,Santa Fe Eb Alto Saxophone - Laq,santa-fe-eb-alto-saxophone---laq,Santa Fe,Wind and Brass,10595.0,3,Professional,NONE,,
SUN-SPONGE,Santa Fe Studio Insulation Foam,santa-fe-studio-insulation-foam-2,Santa Fe,Accessories,85.0,57,Beginner,NONE,,DUPLICATE - REVIEW
SUN-STRINGCLEAN,Santa Fe Guitar String & Fret Cleaner,santa-fe-guitar-string-fret-cleaner-2,Santa Fe,Guitars and Ukuleles,99.0,420,Beginner,NONE,,DUPLICATE - REVIEW
SUN112-13L,Santa Fe Alto/Tenor Horn Bb - Laq,santa-fe-altotenor-horn-bb---laq,Santa Fe,Accessories,8495.0,1,Intermediate,NONE,,
SU-D107B,Superlux Compact Vocal Microphone,superlux-compact-vocal-microphone,Superlux,Accessories,1305.0,2,Beginner,NONE,,
SU-D112,Superlux Omni Directional Harmonica Microphone,superlux-omni-directional-harmonica-microphone,Superlux,Accessories,999.0,5,Beginner,NONE,,
SU-DMC03,Superlux Drum Microphone Clip,superlux-drum-microphone-clip,Superlux,Drums and Percussion,135.0,35,Beginner,NONE,,
SU-DRKA5C2,Superlux 7Pce Drum Microphone Set,superlux-7pce-drum-microphone-set,Superlux,Drums and Percussion,4615.0,10,Intermediate,NONE,,
SU-E102,Superlux Instrument Microphone,superlux-instrument-microphone,Superlux,Pro Audio,1225.0,15,Beginner,NONE,,
SU-E205,Superlux Studio Condensor Microphone Black,superlux-studio-condensor-microphone-black,Superlux,Pro Audio,1265.0,26,Beginner,NONE,,
SU-E205U,Superlux Studio Condenser Microphone Silver Usb,superlux-studio-condenser-microphone-silver-usb,Superlux,Pro Audio,1510.0,19,Beginner,NONE,,
SU-ECO88S,Superlux Dynamic Microphone Sonato 6Pcs,superlux-dynamic-microphone-sonato-6pcs,Superlux,Pro Audio,2175.0,11,Intermediate,NONE,,
SU-FS6,Superlux Snare Drum Microphone,superlux-snare-drum-microphone,Superlux,Drums and Percussion,599.0,5,Beginner,NONE,,
SU-HA1D,Superlux In Ear Headphone Amp,superlux-in-ear-headphone-amp,Superlux,Pro Audio,1265.0,72,Beginner,NONE,,
SU-HD662,Superlux  Studio Headphones,superlux-studio-headphones,Superlux,Pro Audio,1025.0,28,Beginner,NONE,,
SU-HD662B,Superlux Studio Headphones,superlux-studio-headphones-2,Superlux,Pro Audio,1015.0,16,Beginner,NONE,,
SU-HD662EVOBK,Superlux Closed Back Studio Headphones,superlux-closed-back-studio-headphones,Superlux,Pro Audio,1265.0,6,Beginner,NONE,,
SU-HD662EVOWHT,Superlux Studio Headphones White,superlux-studio-headphones-white,Superlux,Pro Audio,1265.0,6,Beginner,NONE,,
SU-HD667,Superlux Professional Drummers Headphones,superlux-professional-drummers-headphones,Superlux,Drums and Percussion,1555.0,4,Beginner,NONE,,
SU-HD668B,Superlux Open Studio Headphones Black,superlux-open-studio-headphones-black,Superlux,Pro Audio,995.0,36,Beginner,NONE,,
SU-HD669,Superlux Professional Studio Headphones,superlux-professional-studio-headphones,Superlux,Pro Audio,1115.0,12,Beginner,NONE,,
SU-HD681,Superlux Studio Headphones,superlux-studio-headphones-3,Superlux,Pro Audio,795.0,24,Beginner,NONE,,
SU-HD681EVO,Superlux Evo Studio Headphones Black,superlux-evo-studio-headphones-black,Superlux,Pro Audio,1125.0,10,Beginner,NONE,,
SU-HD681EVOWHT,Superlux Studio Headphones White,superlux-studio-headphones-white-2,Superlux,Pro Audio,1125.0,12,Beginner,NONE,,
SU-HM12A,Superlux Drum Microphone Clamp,superlux-drum-microphone-clamp,Superlux,Drums and Percussion,115.0,43,Beginner,NONE,,
SU-HM25,Superlux Drum Microphone Clamp,superlux-drum-microphone-clamp-2,Superlux,Drums and Percussion,155.0,195,Beginner,NONE,,
SU-HM56,Superlux Shockmount For E205 E205U,superlux-shockmount-for-e205-e205u,Superlux,Accessories,1055.0,48,Beginner,NONE,,
SU-HM58B,Superlux Studio Broadcast Microphone Boom Arm,superlux-studio-broadcast-microphone-boom-arm,Superlux,Pro Audio,1185.0,25,Beginner,NONE,,
SU-PRA218B,Superlux Bass Drum Microphone,superlux-bass-drum-microphone,Superlux,Drums and Percussion,1155.0,24,Beginner,NONE,,
SU-PRO268B,Superlux Overhead Condensor Microphone,superlux-overhead-condensor-microphone,Superlux,Accessories,2155.0,1,Intermediate,NONE,,
SU-S40BK,Superlux Microphone Windshield Black,superlux-microphone-windshield-black,Superlux,Pro Audio,35.0,300,Beginner,NONE,,
SU-TM58,Superlux Tm58 Dynamic Microphone Black,superlux-tm58-dynamic-microphone-black,Superlux,Pro Audio,599.0,606,Beginner,NONE,,
SU-TM58S,Superlux Tm58S Microphone With Switch,superlux-tm58s-microphone-with-switch,Superlux,Pro Audio,699.0,59,Beginner,NONE,,
TE-BMH1530GDR4,Sx Doctor Parts Bass Guitar M/Heads Gold Ri,sx-doctor-parts-bass-guitar-mheads-gold-ri,SX Doctor Parts,Guitars and Ukuleles,641.0,28,Beginner,NONE,,
TE-CMH0350/GD,Sx Dr Parts Classic M/Head Gold - Oval,sx-dr-parts-classic-mhead-gold---oval,SX Doctor Parts,Accessories,395.0,5,Beginner,NONE,,
TE-CMH0351/GD,Sx Dr Parts Classic M/Head Gold - Star,sx-dr-parts-classic-mhead-gold---star,SX Doctor Parts,Accessories,395.0,12,Beginner,NONE,,
TE-DR0701/BK,Sx Dr Parts Bass Drum Ring Pair,sx-dr-parts-bass-drum-ring-pair,SX Doctor Parts,Drums and Percussion,65.0,112,Beginner,NONE,,
TE-EE3VS,Sx Les Paul Electric Guitar Vintage Sunburst,sx-les-paul-electric-guitar-vintage-sunburst,SX Doctor Parts,Guitars and Ukuleles,6450.0,1,Intermediate,NONE,,
TE-EH3/GD,Sx Les Paul Eletric Guitar Gold Top,sx-les-paul-eletric-guitar-gold-top,SX Doctor Parts,Guitars and Ukuleles,8415.0,2,Intermediate,NONE,,
TE-EH3DCS,Sx Les Paul Electric Guitar Cherry S/Burst,sx-les-paul-electric-guitar-cherry-sburst,SX Doctor Parts,Guitars and Ukuleles,9505.0,1,Intermediate,NONE,,
TE-EH3DDS,Sx Les Paul Electric Guitar Desert Burst,sx-les-paul-electric-guitar-desert-burst,SX Doctor Parts,Guitars and Ukuleles,9505.0,1,Intermediate,NONE,,
TE-EMH7004CRRL,Sx Dr Parts Electric Guitar M/Heads Chrome R/L,sx-dr-parts-electric-guitar-mheads-chrome-rl,SX Doctor Parts,Guitars and Ukuleles,395.0,3,Beginner,NONE,,
TE-FST/ADLER/3T,Sx Strat Electric Guitar 3Ts,sx-strat-electric-guitar-3ts,SX Doctor Parts,Guitars and Ukuleles,5395.0,1,Intermediate,NONE,,
TE-FST/ADLER/NA,Sx Strat Electric Guitar Adler Natural,sx-strat-electric-guitar-adler-natural,SX Doctor Parts,Guitars and Ukuleles,5395.0,1,Intermediate,NONE,,
TE-SBM2/PT,Sx 4Str Electric Bass Guitar Twilight Pink,sx-4str-electric-bass-guitar-twilight-pink,SX Doctor Parts,Guitars and Ukuleles,5130.0,1,Intermediate,NONE,,
TE-SE3-SK/BK,Sx Les Paul Electric Guitar Black + Bag,sx-les-paul-electric-guitar-black-bag,SX Doctor Parts,Guitars and Ukuleles,6320.0,1,Intermediate,NONE,,
TE-SE3-SK/VS,Sx Les Paul Electric Guitar  Vsb + Bag,sx-les-paul-electric-guitar-vsb-bag,SX Doctor Parts,Guitars and Ukuleles,6320.0,2,Intermediate,NONE,,
TE-SEM2/BF,Sx Tele Electric Guitar Burning Fire + Bag,sx-tele-electric-guitar-burning-fire-bag,SX Doctor Parts,Guitars and Ukuleles,4260.0,2,Intermediate,NONE,,
TE-SJB75/3TS,Sx Jazz Bass 4Str 3Ts,sx-jazz-bass-4str-3ts,SX Doctor Parts,Accessories,8610.0,2,Intermediate,NONE,,
TE-SPB62/3TS,Sx 4Str Precision Bass Guitar 3Ts,sx-4str-precision-bass-guitar-3ts,SX Doctor Parts,Guitars and Ukuleles,5395.0,1,Intermediate,NONE,,
TE-SPB62/5LH/3T,Sx 5Str Precision Bass Guitar L/Hand 3Ts,sx-5str-precision-bass-guitar-lhand-3ts,SX Doctor Parts,Guitars and Ukuleles,6320.0,2,Intermediate,NONE,,
TE-SPB62/LH/BK,Sx 4Str Precision Bass Guitar L/Hand Black,sx-4str-precision-bass-guitar-lhand-black,SX Doctor Parts,Guitars and Ukuleles,5595.0,1,Intermediate,NONE,,
TE-SST/ALDER/3T,Sx Strat Electric Guitar Alder 3Ts,sx-strat-electric-guitar-alder-3ts,SX Doctor Parts,Guitars and Ukuleles,5395.0,6,Intermediate,NONE,,
TE-SST/ALDER/NA,Sx Strat Electric Guitar Alder Natural,sx-strat-electric-guitar-alder-natural,SX Doctor Parts,Guitars and Ukuleles,5395.0,7,Intermediate,NONE,,
TE-SST/ALDERH3T,Sx Strat Electric Guitar Alder H/Body 3Ts,sx-strat-electric-guitar-alder-hbody-3ts,SX Doctor Parts,Guitars and Ukuleles,5920.0,6,Intermediate,NONE,,
TE-SST/ALDERHNA,Sx Strat Electric Guitar Alder H/Body Natural,sx-strat-electric-guitar-alder-hbody-natural,SX Doctor Parts,Guitars and Ukuleles,5920.0,5,Intermediate,NONE,,
TE-SST/ALDERHVW,Sx Strat Electric Guitar Alder H/Body V/White,sx-strat-electric-guitar-alder-hbody-vwhite,SX Doctor Parts,Guitars and Ukuleles,5920.0,7,Intermediate,NONE,,
TE-SST/ASH/H/NA,Sx Strat Electric Guitar Ash H/Body Natural,sx-strat-electric-guitar-ash-hbody-natural,SX Doctor Parts,Guitars and Ukuleles,7995.0,3,Intermediate,NONE,,
TE-SST/ASH/H3TS,Sx Strat Electric Guitar Ash H/Body 3Ts,sx-strat-electric-guitar-ash-hbody-3ts,SX Doctor Parts,Guitars and Ukuleles,7995.0,5,Intermediate,NONE,,
TE-SST/ASH/NA,Sx Strat Electric Guitar Ash Natural,sx-strat-electric-guitar-ash-natural,SX Doctor Parts,Guitars and Ukuleles,7395.0,13,Intermediate,NONE,,
TE-SST/ASH/TBU,Sx Strat Electric Guitar Ash Trans Blue,sx-strat-electric-guitar-ash-trans-blue,SX Doctor Parts,Guitars and Ukuleles,7395.0,3,Intermediate,NONE,,
TE-STBODY,Sx Strat Body,sx-strat-body,SX Doctor Parts,Accessories,1330.0,9,Beginner,NONE,,
TE-STL/ALDER/NA,Sx Tele Electric Guitar Alder Natural,sx-tele-electric-guitar-alder-natural,SX Doctor Parts,Guitars and Ukuleles,5510.0,9,Intermediate,NONE,,
TE-STL/ALDER3TS,Sx Tele Electric Guitar Alder 3Ts,sx-tele-electric-guitar-alder-3ts,SX Doctor Parts,Guitars and Ukuleles,5510.0,8,Intermediate,NONE,,
TE-STL/ASH/NA,Sx Tele Electric Guitar Ash Body Natural,sx-tele-electric-guitar-ash-body-natural,SX Doctor Parts,Guitars and Ukuleles,7640.0,11,Intermediate,NONE,,
TE-STL/H/3TS,Sx Tele Electric Guitar H/Body 3Ts,sx-tele-electric-guitar-hbody-3ts,SX Doctor Parts,Guitars and Ukuleles,7995.0,6,Intermediate,NONE,,
TE-STL/H/NA,Sx Tele Electric Guitar H/Body Natural,sx-tele-electric-guitar-hbody-natural,SX Doctor Parts,Guitars and Ukuleles,7995.0,3,Intermediate,NONE,,
TE-STNECK/M,Sx Start Neck Maple Fingerboeard,sx-start-neck-maple-fingerboeard,SX Doctor Parts,Accessories,1350.0,3,Beginner,NONE,,
TE-SZPB350FBK,Sx Pedal Board 35X15X4 With Bag,sx-pedal-board-35x15x4-with-bag,SX Doctor Parts,Accessories,1595.0,1,Beginner,NONE,,
TE-SZPB450BK,Sx Pedal Board 45X31X9 With Bag,sx-pedal-board-45x31x9-with-bag,SX Doctor Parts,Accessories,2010.0,1,Intermediate,NONE,,
TE-SZPB450FBK,Sx Pedal Board 45X15X4 With Bag,sx-pedal-board-45x15x4-with-bag,SX Doctor Parts,Accessories,1595.0,4,Beginner,NONE,,
TE-SZPB600BK,Sx Pedal Board 60X37X90 With Bag,sx-pedal-board-60x37x90-with-bag,SX Doctor Parts,Accessories,2440.0,2,Intermediate,NONE,,
TE-SZPB800BK,Sx Pedal Board 80X41X90 With Bag,sx-pedal-board-80x41x90-with-bag,SX Doctor Parts,Accessories,2820.0,2,Intermediate,NONE,,
TE-TLBODY,Sx Tele Body,sx-tele-body,SX Doctor Parts,Accessories,1330.0,10,Beginner,NONE,,
TE-TLNECK/M,Sx Tele Neck Maple Fingerboard,sx-tele-neck-maple-fingerboard,SX Doctor Parts,Accessories,1350.0,3,Beginner,NONE,,
TH10,Thomastik Superflexible Violin  A String,thomastik-superflexible-violin-a-string,Thomastik,Strings,315.0,9,Beginner,NONE,,
TH12,Thomastik Superflexible Violin D String,thomastik-superflexible-violin-d-string,Thomastik,Strings,335.0,24,Beginner,NONE,,
TH13,Thomastik Superflexible Violin G String,thomastik-superflexible-violin-g-string,Thomastik,Strings,420.0,25,Beginner,NONE,,
TH130,Thomastik Dominant Violin E String,thomastik-dominant-violin-e-string,Thomastik,Strings,295.0,29,Beginner,NONE,,
TH131,Thomastik Dominant Violin A String,thomastik-dominant-violin-a-string,Thomastik,Strings,395.0,4,Beginner,NONE,,
TH132,Thomastik Dominant Violin D String,thomastik-dominant-violin-d-string,Thomastik,Strings,550.0,11,Beginner,NONE,,
TH135,Thomastik Dominant Violin Set 4/4,thomastik-dominant-violin-set-44,Thomastik,Strings,1820.0,5,Beginner,NONE,,
TH136,Thomastik Dominant Viola A String,thomastik-dominant-viola-a-string,Thomastik,Strings,480.0,24,Beginner,NONE,,
TH137,Thomastik Dominant Viola D String,thomastik-dominant-viola-d-string,Thomastik,Strings,550.0,12,Beginner,NONE,,
TH138,Thomastik Dominant Viola G String,thomastik-dominant-viola-g-string,Thomastik,Strings,775.0,4,Beginner,NONE,,
TH139,Thomastik Dominant Viola C,thomastik-dominant-viola-c,Thomastik,Strings,1295.0,3,Beginner,NONE,,
TH142,Thomastik Cello Dominant A String,thomastik-cello-dominant-a-string,Thomastik,Strings,995.0,2,Beginner,NONE,,
TH144,Thomastik Cello Dominant G String,thomastik-cello-dominant-g-string,Thomastik,Strings,1620.0,3,Beginner,NONE,,
TH145,Thomastik Cello Dominant C String,thomastik-cello-dominant-c-string,Thomastik,Strings,1341.0,2,Beginner,NONE,,
TH147,Thomastik  Dominant Cello Set,thomastik-dominant-cello-set,Thomastik,Strings,5750.0,1,Intermediate,NONE,,
TH15,Thomastik  Violin Superflexible Set,thomastik-violin-superflexible-set,Thomastik,Strings,1395.0,4,Beginner,NONE,,
TH18,Thomastik Superflxible Viola  A String,thomastik-superflxible-viola-a-string,Thomastik,Strings,370.0,2,Beginner,NONE,,
TH19,Thomastik Viola Super Flex D String,thomastik-viola-super-flex-d-string,Thomastik,Strings,440.0,3,Beginner,NONE,,
TH20,Thomastik Viola Superflex G String,thomastik-viola-superflex-g-string,Thomastik,Strings,499.0,4,Beginner,NONE,,
TH21,Thomastik Viola Superflex C String,thomastik-viola-superflex-c-string,Thomastik,Strings,1070.0,3,Beginner,NONE,,
TH211,Thomastik Violin T/Piece 1/2-3/4,thomastik-violin-tpiece-12-34,Thomastik,Strings,721.0,9,Beginner,NONE,,
TH214A,Thomastik Cello T/Piece 1/2,thomastik-cello-tpiece-12,Thomastik,Strings,1161.0,5,Beginner,NONE,,
TH22,Thomastik  Viola Superflexi  C String,thomastik-viola-superflexi-c-string,Thomastik,Strings,600.0,3,Beginner,NONE,,
TH222,Thomastik Violin T/Piece 1/4,thomastik-violin-tpiece-14,Thomastik,Strings,871.0,9,Beginner,NONE,,
TH23,Thomastik Viola Superflex Set,thomastik-viola-superflex-set,Thomastik,Strings,1995.0,2,Beginner,NONE,,
TH25,Thomastik Cello Superflex A String,thomastik-cello-superflex-a-string,Thomastik,Strings,630.0,3,Beginner,NONE,,
TH28,Thomastik Cello Superflex G String,thomastik-cello-superflex-g-string,Thomastik,Strings,1050.0,1,Beginner,NONE,,
TH29,Thomastik Cello Superflex  C String,thomastik-cello-superflex-c-string,Thomastik,Strings,1080.0,1,Beginner,NONE,,
TH31,Thomastik  Cello Superflex Set,thomastik-cello-superflex-set,Thomastik,Strings,3195.0,1,Intermediate,NONE,,
TH36,Thomastik  D/Bass Superflex G String,thomastik-dbass-superflex-g-string,Thomastik,Accessories,1150.0,1,Beginner,NONE,,
TH37,Thomastik D/Bass Superflex String D,thomastik-dbass-superflex-string-d,Thomastik,Accessories,1260.0,1,Beginner,NONE,,
TH38,Thomastik D/ Bass Superflex A String,thomastik-d-bass-superflex-a-string,Thomastik,Accessories,1310.0,1,Beginner,NONE,,
TH39,Thomastik  D/Bass Superfelx  E String,thomastik-dbass-superfelx-e-string,Thomastik,Accessories,1141.0,6,Beginner,NONE,,
THAC111,Thomastik Plectrum Guitar String Set,thomastik-plectrum-guitar-string-set,Thomastik,Guitars and Ukuleles,361.0,24,Beginner,NONE,,
THAL200,Thomastik Aplpahyue Viola String Set,thomastik-aplpahyue-viola-string-set,Thomastik,Strings,1530.0,2,Beginner,NONE,,
THAL400,Thomastik Alphayue Cello String Set,thomastik-alphayue-cello-string-set,Thomastik,Strings,2450.0,2,Intermediate,NONE,,
THAL41,Thomastik Alphayue Cello A String,thomastik-alphayue-cello-a-string,Thomastik,Strings,530.0,2,Beginner,NONE,,
THCF127,Thomastik Super Flat Wound 027-045,thomastik-super-flat-wound-027-045,Thomastik,Accessories,341.0,7,Beginner,NONE,,
THCR127,Thomastik Super Round Wound 027-043,thomastik-super-round-wound-027-043,Thomastik,Accessories,301.0,4,Beginner,NONE,,
THGR112,Thomastik George Benson Guitar Strings,thomastik-george-benson-guitar-strings,Thomastik,Guitars and Ukuleles,811.0,17,Beginner,NONE,,
THKF110,Thomastik  Classic S  Flat Wound Set,thomastik-classic-s-flat-wound-set,Thomastik,Accessories,995.0,6,Beginner,NONE,,
THKR116,Thomastik  Classic S  Rope Core Flat Wou,thomastik-classic-s-rope-core-flat-wou,Thomastik,Accessories,995.0,6,Beginner,NONE,,
THP13,Thomastik Single .013 String,thomastik-single-013-string,Thomastik,Accessories,7.02,10,Beginner,NONE,,
THP16,Thomastik Single  .016 String,thomastik-single-016-string,Thomastik,Accessories,7.02,8,Beginner,NONE,,
THS26,Thomastik Spirocore Cello A String,thomastik-spirocore-cello-a-string,Thomastik,Strings,670.0,3,Beginner,NONE,,
THSB110,Thomastik Guitar Spectrum Set 10-46,thomastik-guitar-spectrum-set-10-46,Thomastik,Guitars and Ukuleles,361.0,11,Beginner,NONE,,
THSB111,Thomastik Guitar Spectrum Set,thomastik-guitar-spectrum-set,Thomastik,Guitars and Ukuleles,430.0,6,Beginner,NONE,,
THSP400,Thomastik Spiriti Cello String Set,thomastik-spiriti-cello-string-set,Thomastik,Strings,3220.0,2,Intermediate,NONE,,
THSP41,Thomastik Spiriti Cello A String,thomastik-spiriti-cello-a-string,Thomastik,Strings,875.0,5,Beginner,NONE,,
THTB109,Thomastik Techno Brights String Set,thomastik-techno-brights-string-set,Thomastik,Strings,131.0,1,Beginner,NONE,,
THTB110,Thomastik Techno Brights String Set,thomastik-techno-brights-string-set-2,Thomastik,Strings,141.0,1,Beginner,NONE,,
THTB111,Thomastik Techo Brights 011-046 Set,thomastik-techo-brights-011-046-set,Thomastik,Accessories,131.0,15,Beginner,NONE,,
THVIT100,Thomastik Titanium Vision  Violin Solo,thomastik-titanium-vision-violin-solo,Thomastik,Strings,2275.0,2,Intermediate,NONE,,
TE-VC201,Valencia 1/4 Classic Guitar Natural,valencia-14-classic-guitar-natural,Valencia,Guitars and Ukuleles,1695.0,34,Beginner,NONE,,
TE-VC201TBU,Valencia 1/4 Classic Guitar Trans Blue,valencia-14-classic-guitar-trans-blue,Valencia,Guitars and Ukuleles,1695.0,2,Beginner,NONE,,
TE-VC201TWR,Valencia 1/4 Classic Guitar Trans Red,valencia-14-classic-guitar-trans-red,Valencia,Guitars and Ukuleles,1695.0,2,Beginner,NONE,,
TE-VC202,Valencia 1/2 Classic Guitar Natural,valencia-12-classic-guitar-natural,Valencia,Guitars and Ukuleles,1725.0,22,Beginner,NONE,,
TE-VC202TBU,Valencia 1/2 Classic Guitar Trans Blue,valencia-12-classic-guitar-trans-blue,Valencia,Guitars and Ukuleles,1725.0,9,Beginner,NONE,,
TE-VC202TWR,Valencia 1/2 Classic Guitar Trans Red,valencia-12-classic-guitar-trans-red,Valencia,Guitars and Ukuleles,1725.0,8,Beginner,NONE,,
TE-VC203,Valencia 3/4 Classical Guitar Vintage Na,valencia-34-classical-guitar-vintage-na,Valencia,Guitars and Ukuleles,1755.0,5,Beginner,NONE,,
TE-VC203CSB,Valencia 3/4 Classic Guitar Sunburst,valencia-34-classic-guitar-sunburst,Valencia,Guitars and Ukuleles,1755.0,2,Beginner,NONE,,
TE-VC204L,Valencia 4/4 Classic Guitar L/Hand Natural,valencia-44-classic-guitar-lhand-natural,Valencia,Guitars and Ukuleles,1855.0,1,Beginner,NONE,,
TE-VC304CE,Valencia 4/4 Classic Guitar Cutaway Pickup,valencia-44-classic-guitar-cutaway-pickup,Valencia,Guitars and Ukuleles,4035.0,1,Intermediate,NONE,,
TE-VTP10044,Valencia 4/4 Ebony Violin Tailpiece,valencia-44-ebony-violin-tailpiece,Valencia,Strings,210.0,86,Beginner,NONE,,
TE-VTP50-1/2,Valencia 1/2 Metal Violin Tailpiece,valencia-12-metal-violin-tailpiece,Valencia,Strings,111.0,12,Beginner,NONE,,
VDCM1405,Vandoren Black Diamond Clarinet Mouthpiece Bd5,vandoren-black-diamond-clarinet-mouthpiece-bd5,Vandoren,Wind and Brass,4315.0,1,Intermediate,NONE,,
VDCR101,Vandoren Clarinet Reeds 1,vandoren-clarinet-reeds-1,Vandoren,Wind and Brass,785.0,2,Beginner,NONE,,
VDCR1015,Vandoren Clarinet Reeds 1.5,vandoren-clarinet-reeds-15,Vandoren,Wind and Brass,785.0,21,Beginner,NONE,,
VDCR102,Vandoren Clarinet Reeds 2,vandoren-clarinet-reeds-2,Vandoren,Wind and Brass,785.0,12,Beginner,NONE,,
VDCR1025,Vandoren Clarinet Reeds 2.5,vandoren-clarinet-reeds-25,Vandoren,Wind and Brass,785.0,27,Beginner,NONE,,
VDCR1035,Vandoren Clarinet Reeds 3.5,vandoren-clarinet-reeds-35,Vandoren,Wind and Brass,785.0,4,Beginner,NONE,,
VDCR105,Vandoren Clarinet Reeds 5,vandoren-clarinet-reeds-5,Vandoren,Wind and Brass,765.0,3,Beginner,NONE,,
VDCR112,Vandoren Eb Clarinet Reeds 2,vandoren-eb-clarinet-reeds-2,Vandoren,Wind and Brass,785.0,2,Beginner,NONE,,
VDCR113,Vandoren Eb Clarinet Reeds 3,vandoren-eb-clarinet-reeds-3,Vandoren,Wind and Brass,785.0,1,Beginner,NONE,,
VDCR1135,Vandoren Eb Clarinet Reeds 3.5,vandoren-eb-clarinet-reeds-35,Vandoren,Wind and Brass,785.0,1,Beginner,NONE,,
VDCR121,Vandoren Bass Clarinet Reeds 1,vandoren-bass-clarinet-reeds-1,Vandoren,Wind and Brass,675.0,2,Beginner,NONE,,
VDCR1215,Vandoren Bass Clarinet Reeds 1.5,vandoren-bass-clarinet-reeds-15,Vandoren,Wind and Brass,715.0,3,Beginner,NONE,,
VDCR122,Vandoren Bass Clarinet Reeds 2,vandoren-bass-clarinet-reeds-2,Vandoren,Wind and Brass,715.0,1,Beginner,NONE,,
VDCR1225,Vandoren Bass Clarinet Reeds 2.5,vandoren-bass-clarinet-reeds-25,Vandoren,Wind and Brass,715.0,1,Beginner,NONE,,
VDCR1235,Vandoren Bass Clarinet Reeds 3.5,vandoren-bass-clarinet-reeds-35,Vandoren,Wind and Brass,715.0,1,Beginner,NONE,,
VDCR124,Vandoren Bass Clarinet Reeds 4,vandoren-bass-clarinet-reeds-4,Vandoren,Wind and Brass,675.0,5,Beginner,NONE,,
VDCR125,Vandoren Bass Clarinet Reeds 5,vandoren-bass-clarinet-reeds-5,Vandoren,Wind and Brass,675.0,2,Beginner,NONE,,
VDCR141,Vandoren Alto/Clarinet Reeds 1,vandoren-altoclarinet-reeds-1,Vandoren,Wind and Brass,785.0,2,Beginner,NONE,,
VDCR1435,Vandoren Alto/Clarinet Reeds 3.5,vandoren-altoclarinet-reeds-35,Vandoren,Wind and Brass,785.0,7,Beginner,NONE,,
VDCR144,Vandoren Alto/Clarinet Reeds 4,vandoren-altoclarinet-reeds-4,Vandoren,Wind and Brass,785.0,5,Beginner,NONE,,
VDCR1925,Vandoren Clarinet V12 Reeds 2.5,vandoren-clarinet-v12-reeds-25,Vandoren,Wind and Brass,975.0,9,Beginner,NONE,,
VDCR195,Vandoren Clarinet V12 Reeds 5,vandoren-clarinet-v12-reeds-5,Vandoren,Wind and Brass,895.0,5,Beginner,NONE,,
VDCR5025,Vandoren Clariner  56 Rue  2.5 Reeds,vandoren-clariner-56-rue-25-reeds,Vandoren,Wind and Brass,975.0,4,Beginner,NONE,,
VDCR503,Vandoren Clarinet 56 Rue Lepic Reeds 3,vandoren-clarinet-56-rue-lepic-reeds-3,Vandoren,Wind and Brass,975.0,2,Beginner,NONE,,
VDCR504,Vandoren 56 Rue Lepit Clarinet Reeds 4,vandoren-56-rue-lepit-clarinet-reeds-4,Vandoren,Wind and Brass,895.0,3,Beginner,NONE,,
VDCR8025,Vandoren V21 Clarinet Reeds 2.5,vandoren-v21-clarinet-reeds-25,Vandoren,Wind and Brass,975.0,3,Beginner,NONE,,
VDCR803,Vandoren V21 Clarinet Reeds 3,vandoren-v21-clarinet-reeds-3,Vandoren,Wind and Brass,975.0,2,Beginner,NONE,,
VDCR8035,Vandoren V21 Clarinet Reeds 3.5,vandoren-v21-clarinet-reeds-35,Vandoren,Wind and Brass,975.0,1,Beginner,NONE,,
VDJCR0115,Vandoren Juno Clarinet Bb Reeds 1.5,vandoren-juno-clarinet-bb-reeds-15,Vandoren,Wind and Brass,515.0,10,Beginner,NONE,,
VDJCR012,Vandoren Juno Clarinet Reeds 2,vandoren-juno-clarinet-reeds-2,Vandoren,Wind and Brass,515.0,4,Beginner,NONE,,
VDJCR0125,Vandoren Juno Bb Calrinet Reeds 2.5,vandoren-juno-bb-calrinet-reeds-25,Vandoren,Wind and Brass,515.0,14,Beginner,NONE,,
VDJCR013,Vandoren Juno Clarinet Reeds 3,vandoren-juno-clarinet-reeds-3,Vandoren,Wind and Brass,515.0,7,Beginner,NONE,,
VDJCR0135,Vandoren Juno Clarinet Reeds 3.5,vandoren-juno-clarinet-reeds-35,Vandoren,Wind and Brass,515.0,3,Beginner,NONE,,
VDJSR512/3,Vandoren Juno Soprano Reeds 2 3 Pack,vandoren-juno-soprano-reeds-2-3-pack,Vandoren,Wind and Brass,155.0,7,Beginner,NONE,,
VDJSR5125/3,Vandoren Juno Soprano Reeds 2.5 3 Pack,vandoren-juno-soprano-reeds-25-3-pack,Vandoren,Wind and Brass,155.0,3,Beginner,NONE,,
VDJSR513/3,Vandoren Juno Soprano Reeds 3 3Pack,vandoren-juno-soprano-reeds-3-3pack,Vandoren,Wind and Brass,155.0,8,Beginner,NONE,,
VDJSR6115,Vandoren Juno Alto Sax Reeds 1.5,vandoren-juno-alto-sax-reeds-15,Vandoren,Wind and Brass,695.0,17,Beginner,NONE,,
VDJSR612,Vandoren Juno Alto Sax Reeds 2,vandoren-juno-alto-sax-reeds-2,Vandoren,Wind and Brass,695.0,8,Beginner,NONE,,
VDJSR6125,Vandoren Juno Alto Sax Reeds 2.5,vandoren-juno-alto-sax-reeds-25,Vandoren,Wind and Brass,695.0,6,Beginner,NONE,,
VDJSR6135,Vandoren Juno Alto Reeds 3.5,vandoren-juno-alto-reeds-35,Vandoren,Wind and Brass,695.0,5,Beginner,NONE,,
VDJSR7115,Vandoren Juno Tenor Reeds 1.5,vandoren-juno-tenor-reeds-15,Vandoren,Wind and Brass,510.0,8,Beginner,NONE,,
VDJSR712,Vandoren Juno Tenor Sax Reeds 2,vandoren-juno-tenor-sax-reeds-2,Vandoren,Wind and Brass,510.0,13,Beginner,NONE,,
VDJSR7125,Vandoren Juno Tenor Sax Reeds 2.5,vandoren-juno-tenor-sax-reeds-25,Vandoren,Wind and Brass,510.0,6,Beginner,NONE,,
VDLC080P,Vandoren Teno Optimum Lig V16 Metal +Cap,vandoren-teno-optimum-lig-v16-metal-cap,Vandoren,Accessories,1791.0,7,Beginner,NONE,,
VDLC08P,Vandoren Optimum Plastique Ligature,vandoren-optimum-plastique-ligature,Vandoren,Accessories,2495.0,2,Intermediate,NONE,,
VDLC27P,Vandoren Alto Ligature Leather & Cap,vandoren-alto-ligature-leather-cap,Vandoren,Accessories,1795.0,1,Beginner,NONE,,
VDLC28P,Vandoren Cuir Ligature Tenor Sax,vandoren-cuir-ligature-tenor-sax,Vandoren,Wind and Brass,1795.0,1,Beginner,NONE,,
VDLC31P,Vandoren Klassik Clarinet Ligature+Cap,vandoren-klassik-clarinet-ligaturecap,Vandoren,Wind and Brass,1950.0,1,Beginner,NONE,,
VDLC831,Vandoren Optimum Soprano Sax Lig/Cap,vandoren-optimum-soprano-sax-ligcap,Vandoren,Wind and Brass,911.0,1,Beginner,NONE,,
VDRC810,Vandoren Clarinet Reed Holder 8 Compartm,vandoren-clarinet-reed-holder-8-compartm,Vandoren,Wind and Brass,731.0,4,Beginner,NONE,,
VDSM414,Vandoren Alto V5 A27 Mouthpiece,vandoren-alto-v5-a27-mouthpiece,Vandoren,Accessories,3750.0,1,Intermediate,NONE,,
VDSR201,Vandoren Soprano Reeds 1,vandoren-soprano-reeds-1,Vandoren,Wind and Brass,785.0,8,Beginner,NONE,,
VDSR2015,Vandoren Soprano Reeds 1.5,vandoren-soprano-reeds-15,Vandoren,Wind and Brass,785.0,9,Beginner,NONE,,
VDSR202,Vandoren Soprano Reeds 2,vandoren-soprano-reeds-2,Vandoren,Wind and Brass,785.0,6,Beginner,NONE,,
VDSR2025,Vandoren Soprano Reeds 2.5,vandoren-soprano-reeds-25,Vandoren,Wind and Brass,785.0,10,Beginner,NONE,,
VDSR203,Vandoren Soprano Reeds 3,vandoren-soprano-reeds-3,Vandoren,Wind and Brass,785.0,5,Beginner,NONE,,
VDSR2035,Vandoren Soprano Reeds 3.5,vandoren-soprano-reeds-35,Vandoren,Wind and Brass,785.0,4,Beginner,NONE,,
VDSR2115,Vandoren Alto Reeds 1.5,vandoren-alto-reeds-15,Vandoren,Wind and Brass,995.0,34,Beginner,NONE,,
VDSR212,Vandoren Alto Reeds 2,vandoren-alto-reeds-2,Vandoren,Wind and Brass,995.0,21,Beginner,NONE,,
VDSR2125,Vandoren Alto Reeds 2.5,vandoren-alto-reeds-25,Vandoren,Wind and Brass,995.0,27,Beginner,NONE,,
VDSR213,Vandoren Alto Reeds 3,vandoren-alto-reeds-3,Vandoren,Wind and Brass,995.0,11,Beginner,NONE,,
VDSR2135,Vandoren Alto Reeds 3.5,vandoren-alto-reeds-35,Vandoren,Wind and Brass,995.0,10,Beginner,NONE,,
VDSR215,Vandoren Alto Reeds 5,vandoren-alto-reeds-5,Vandoren,Wind and Brass,865.0,16,Beginner,NONE,,
VDSR221,Vandoren Tenor 1,vandoren-tenor-1,Vandoren,Accessories,715.0,7,Beginner,NONE,,
VDSR2215,Vandoren Tenor Reeds 1.5,vandoren-tenor-reeds-15,Vandoren,Wind and Brass,715.0,17,Beginner,NONE,,
VDSR222,Vandoren Tenor Reeds 2,vandoren-tenor-reeds-2,Vandoren,Wind and Brass,715.0,15,Beginner,NONE,,
VDSR2225,Vandoren Tenor Reeds 2.5,vandoren-tenor-reeds-25,Vandoren,Wind and Brass,715.0,5,Beginner,NONE,,
VDSR2235,Vandoren Tenor Reeds 3.5,vandoren-tenor-reeds-35,Vandoren,Wind and Brass,715.0,6,Beginner,NONE,,
VDSR253,Vandoren Bass Reed 3,vandoren-bass-reed-3,Vandoren,Wind and Brass,1051.0,10,Beginner,NONE,,
VDSR261,Vandoren Java Alto Reeds 1,vandoren-java-alto-reeds-1,Vandoren,Wind and Brass,995.0,1,Beginner,NONE,,
VDSR2615,Vandoren Java Alto Reeds 1.5,vandoren-java-alto-reeds-15,Vandoren,Wind and Brass,995.0,9,Beginner,NONE,,
VDSR2615R,Vandoren Alto Java Red Cut 1.5 Reeds,vandoren-alto-java-red-cut-15-reeds,Vandoren,Wind and Brass,995.0,4,Beginner,NONE,,
VDSR262,Vandoren Java Alto Reeds 2,vandoren-java-alto-reeds-2,Vandoren,Wind and Brass,995.0,5,Beginner,NONE,,
VDSR2625,Vandoren Java Alto 2.5,vandoren-java-alto-25,Vandoren,Accessories,995.0,4,Beginner,NONE,,
VDSR2625R,Vandoren Alto Java Red Cut 2.5 Reeds,vandoren-alto-java-red-cut-25-reeds,Vandoren,Wind and Brass,995.0,2,Beginner,NONE,,
VDSR262R,Vandoren Alto Java Red Cut 2 Reeds,vandoren-alto-java-red-cut-2-reeds,Vandoren,Wind and Brass,995.0,5,Beginner,NONE,,
VDSR2635,Vandoren Java Alto Reeds 3.5,vandoren-java-alto-reeds-35,Vandoren,Wind and Brass,995.0,4,Beginner,NONE,,
VDSR2635R,Vandoren Java Alto Red Cut 3.5 Reeds,vandoren-java-alto-red-cut-35-reeds,Vandoren,Wind and Brass,995.0,2,Beginner,NONE,,
VDSR263R,Vandoren Java Alto Red Cut 3,vandoren-java-alto-red-cut-3,Vandoren,Accessories,995.0,3,Beginner,NONE,,
VDSR264,Vandoren Alto Reeds 4,vandoren-alto-reeds-4,Vandoren,Wind and Brass,975.0,5,Beginner,NONE,,
VDSR271,Vandoren Java Tenor Reeds 1,vandoren-java-tenor-reeds-1,Vandoren,Wind and Brass,715.0,1,Beginner,NONE,,
VDSR2715,Vandoren Java Tenor Reeds 1.5,vandoren-java-tenor-reeds-15,Vandoren,Wind and Brass,715.0,2,Beginner,NONE,,
VDSR2715R,Vandoren Tenor Java Red Cut 1.5 Reeds,vandoren-tenor-java-red-cut-15-reeds,Vandoren,Wind and Brass,715.0,2,Beginner,NONE,,
VDSR272,Vandoren Java Tenor Reeds 2,vandoren-java-tenor-reeds-2,Vandoren,Wind and Brass,715.0,5,Beginner,NONE,,
VDSR2725R,Vandoren Tenor Java Red Cut 2.5 Reeds,vandoren-tenor-java-red-cut-25-reeds,Vandoren,Wind and Brass,715.0,11,Beginner,NONE,,
VDSR272R,Vandoren Tenor Java Red Cut 2 Reeds,vandoren-tenor-java-red-cut-2-reeds,Vandoren,Wind and Brass,715.0,5,Beginner,NONE,,
VDSR273,Vandoren Java Tenor 3,vandoren-java-tenor-3,Vandoren,Accessories,715.0,6,Beginner,NONE,,
VDSR2735,Vandoren Java Tenor Reeds 3.5,vandoren-java-tenor-reeds-35,Vandoren,Wind and Brass,715.0,1,Beginner,NONE,,
VDSR2735R,Vandoren Tenor Sax 3.5,vandoren-tenor-sax-35,Vandoren,Wind and Brass,715.0,2,Beginner,NONE,,
VDSR275,Vandoren Java Tenor Reeds 5,vandoren-java-tenor-reeds-5,Vandoren,Wind and Brass,700.0,5,Beginner,NONE,,
VDSR302,Vandoren Java Soprano Sax Reeds 2,vandoren-java-soprano-sax-reeds-2,Vandoren,Wind and Brass,785.0,1,Beginner,NONE,,
VDSR3025,Vandoren Java Soprano Reeds 2.5,vandoren-java-soprano-reeds-25,Vandoren,Wind and Brass,785.0,3,Beginner,NONE,,
VDSR303,Vandoren Java Soprano Reeds 3,vandoren-java-soprano-reeds-3,Vandoren,Wind and Brass,785.0,2,Beginner,NONE,,
VDSR3035,Vandoren Java Soprano Reeds 3.5,vandoren-java-soprano-reeds-35,Vandoren,Wind and Brass,785.0,3,Beginner,NONE,,
VDSR304,Vandoren Java Soprano Reeds 4,vandoren-java-soprano-reeds-4,Vandoren,Wind and Brass,785.0,4,Beginner,NONE,,
VDSR4115,Vandoren Alto Sax Zz Jazz Reeds 1.5,vandoren-alto-sax-zz-jazz-reeds-15,Vandoren,Wind and Brass,995.0,2,Beginner,NONE,,
VDSR4125,Vandoren Alto Sax Zz Jazz Reeds 2.5,vandoren-alto-sax-zz-jazz-reeds-25,Vandoren,Wind and Brass,995.0,8,Beginner,NONE,,
VDSR413,Vandoren Alto Sax Zz Jazz Rreds 3,vandoren-alto-sax-zz-jazz-rreds-3,Vandoren,Wind and Brass,995.0,6,Beginner,NONE,,
VDSR4135,Vandoren Alto Sax Zz Jazz Reeds 3.5,vandoren-alto-sax-zz-jazz-reeds-35,Vandoren,Wind and Brass,995.0,1,Beginner,NONE,,
VDSR414,Vandoren Alto Sax Zz Jazz Reeds 4,vandoren-alto-sax-zz-jazz-reeds-4,Vandoren,Wind and Brass,995.0,1,Beginner,NONE,,
VDSR4215,Vandoren Tenor Zz Jazz Sax  Reeds 1.5,vandoren-tenor-zz-jazz-sax-reeds-15,Vandoren,Wind and Brass,765.0,7,Beginner,NONE,,
VDSR422,Vandoren Tenor Zz Jazz Reeds 2,vandoren-tenor-zz-jazz-reeds-2,Vandoren,Wind and Brass,765.0,3,Beginner,NONE,,
VDSR4225,Vandoren Tenor Zz Jazz Sax Reeds 2.5,vandoren-tenor-zz-jazz-sax-reeds-25,Vandoren,Wind and Brass,765.0,4,Beginner,NONE,,
VDSR423,Vandoren Zz  Jazz Tenor Sax Reeds 3,vandoren-zz-jazz-tenor-sax-reeds-3,Vandoren,Wind and Brass,765.0,1,Beginner,NONE,,
VDSR4235,Vandoren Zz Jazz Tenor Sax Reeds 3.5,vandoren-zz-jazz-tenor-sax-reeds-35,Vandoren,Wind and Brass,765.0,5,Beginner,NONE,,
VDSR442,Vandoren Zz Baritone Sax 2,vandoren-zz-baritone-sax-2,Vandoren,Wind and Brass,1250.0,1,Beginner,NONE,,
VDSR4425,Vandoren Baritone Sax Jazz Reeds 2.5,vandoren-baritone-sax-jazz-reeds-25,Vandoren,Wind and Brass,1250.0,2,Beginner,NONE,,
VDSR4435,Vandoren Zzz Baritone 3.5,vandoren-zzz-baritone-35,Vandoren,Accessories,1250.0,2,Beginner,NONE,,
VDSR444,Vandoren Zz Baritone 4 Reeds,vandoren-zz-baritone-4-reeds,Vandoren,Wind and Brass,1350.0,7,Beginner,NONE,,
VDSR6125,Vandoren V12 2.5 Alto Reeds,vandoren-v12-25-alto-reeds,Vandoren,Wind and Brass,1140.0,1,Beginner,NONE,,
VDSR613,Vandoren V12 Alto Reeds 3,vandoren-v12-alto-reeds-3,Vandoren,Wind and Brass,1040.0,1,Beginner,NONE,,
VDSR6135,Vandoren V12 Alto Reeds 3.5,vandoren-v12-alto-reeds-35,Vandoren,Wind and Brass,1040.0,1,Beginner,NONE,,
VDSR623,Vandoren V12 Tenor 3 Reeds,vandoren-v12-tenor-3-reeds,Vandoren,Wind and Brass,825.0,2,Beginner,NONE,,
VDSR7015,Vandoren Alto V16  Reeds 1.5,vandoren-alto-v16-reeds-15,Vandoren,Wind and Brass,995.0,1,Beginner,NONE,,
VDSR702,Vandoren Alto V16 Reeds 2,vandoren-alto-v16-reeds-2,Vandoren,Wind and Brass,995.0,2,Beginner,NONE,,
VDSR7025,Vandoren Alto V16 Reeds 2.5,vandoren-alto-v16-reeds-25,Vandoren,Wind and Brass,995.0,4,Beginner,NONE,,
VDSR7035,Vandoren Alto V16 Reeds 3.5,vandoren-alto-v16-reeds-35,Vandoren,Wind and Brass,995.0,2,Beginner,NONE,,
VDSR704,Vandoren Alto V16 Reeds 4,vandoren-alto-v16-reeds-4,Vandoren,Wind and Brass,975.0,6,Beginner,NONE,,
VDSR705,Vandoren Alto Eb V16 5,vandoren-alto-eb-v16-5,Vandoren,Accessories,975.0,6,Beginner,NONE,,
VDSR7125,Vandoren V16 Soprano Reeds 2.5,vandoren-v16-soprano-reeds-25,Vandoren,Wind and Brass,785.0,5,Beginner,NONE,,
VDSR713,Vandoren V16 Soprano Reeds 3,vandoren-v16-soprano-reeds-3,Vandoren,Wind and Brass,785.0,3,Beginner,NONE,,
VDSR7135,Vandoren V16 Soprano Reeds 3.5,vandoren-v16-soprano-reeds-35,Vandoren,Wind and Brass,785.0,3,Beginner,NONE,,
VDSR714,Vandoren V16 Soprano Reeds 4,vandoren-v16-soprano-reeds-4,Vandoren,Wind and Brass,765.0,2,Beginner,NONE,,
VDSR7215,Vandoren Tenor V16 Reeds 1.5,vandoren-tenor-v16-reeds-15,Vandoren,Wind and Brass,715.0,3,Beginner,NONE,,
VDSR722,Vandoren Tenor V16 Reeds 2,vandoren-tenor-v16-reeds-2,Vandoren,Wind and Brass,715.0,2,Beginner,NONE,,
VDSR7235,Vandoren Tenor V16 Reeds 3.5,vandoren-tenor-v16-reeds-35,Vandoren,Wind and Brass,715.0,2,Beginner,NONE,,
VDSR8025,Vandoren Soprano V21 Reeds 2.5,vandoren-soprano-v21-reeds-25,Vandoren,Wind and Brass,611.0,1,Beginner,NONE,,
VDSR8125,Vandoren Alto Sax V21 Reeds 2.5,vandoren-alto-sax-v21-reeds-25,Vandoren,Wind and Brass,1160.0,3,Beginner,NONE,,
VDSR813,Vandoren V21 Alto Sax Reeds 3,vandoren-v21-alto-sax-reeds-3,Vandoren,Wind and Brass,1160.0,1,Beginner,NONE,,
VDSR8135,Vandoren V21 Alto Sax Reeds 3.5,vandoren-v21-alto-sax-reeds-35,Vandoren,Wind and Brass,1160.0,2,Beginner,NONE,,
VDSR8225,Vandoren Tenor V21 Reeds 2.5,vandoren-tenor-v21-reeds-25,Vandoren,Wind and Brass,850.0,1,Beginner,NONE,,
VDH,Vater Drink Holder,vater-drink-holder,Vater,Accessories,1095.0,1,Beginner,NONE,,
VHBB525,Vater Bebop 525 Wood Tip,vater-bebop-525-wood-tip,Vater,Accessories,375.0,4,Beginner,NONE,,
VHC7AN,Vater Classic 7A Nylon Tip,vater-classic-7a-nylon-tip,Vater,Accessories,315.0,1,Beginner,NONE,,
VHCBBW,Vater Classic Big Band Wood Sabu Satcha,vater-classic-big-band-wood-sabu-satcha,Vater,Accessories,395.0,82,Beginner,NONE,,
VHCS30,Vater Chad Smith 30Th. Anniversary Sig,vater-chad-smith-30th-anniversary-sig,Vater,Accessories,495.0,9,Beginner,NONE,,
VHP3AW,Vater Power 3A Wood,vater-power-3a-wood,Vater,Accessories,305.0,2,Beginner,NONE,,
VHVCW,Vater Vinnie Colaiuta Sig Stick,vater-vinnie-colaiuta-sig-stick,Vater,Accessories,455.0,26,Beginner,NONE,,
VP1AW,Vater 1A Wood Tip,vater-1a-wood-tip,Vater,Accessories,395.0,12,Beginner,NONE,,
VP5A,Vater 5A Nylon Tip,vater-5a-nylon-tip,Vater,Accessories,430.0,21,Beginner,NONE,,
VP5AW,Vater 5A Wood Tip,vater-5a-wood-tip,Vater,Accessories,395.0,91,Beginner,NONE,,
VP5B,Vater 5B Nylon Tip,vater-5b-nylon-tip,Vater,Accessories,430.0,163,Beginner,NONE,,
VP5BW,Vater 5B Wood Tip,vater-5b-wood-tip,Vater,Accessories,395.0,69,Beginner,NONE,,
VP7A,Vater 7A Nylon Tip,vater-7a-nylon-tip,Vater,Accessories,430.0,44,Beginner,NONE,,
VP7AW,Vater 7A Wood Tip,vater-7a-wood-tip,Vater,Accessories,395.0,214,Beginner,NONE,,
VPFUSION,Vater Fusion Wood Tip,vater-fusion-wood-tip,Vater,Accessories,395.0,18,Beginner,NONE,,
VPGW5AW,Vater Goodwood 5A Wood,vater-goodwood-5a-wood,Vater,Accessories,225.0,231,Beginner,NONE,,
VPGW5B,Vater Goodwood 5B  Nylon,vater-goodwood-5b-nylon,Vater,Accessories,235.0,91,Beginner,NONE,,
VPGW5BW,Vater Goodwood 5B Wood,vater-goodwood-5b-wood,Vater,Accessories,225.0,54,Beginner,NONE,,
VPGW7A,Vater Goodwood 7A Nylon,vater-goodwood-7a-nylon,Vater,Accessories,235.0,64,Beginner,NONE,,
VPGW7AW,Vater Goodwood 7A Wood,vater-goodwood-7a-wood,Vater,Accessories,225.0,408,Beginner,NONE,,
VPMAS,Vater  Accoustic Rods,vater-accoustic-rods,Vater,Accessories,1105.0,2,Beginner,NONE,,
VPPOWER5B,Vater Power 5B Nylon Tip,vater-power-5b-nylon-tip,Vater,Accessories,315.0,58,Beginner,NONE,,
VPPOWER5BWMORNE,Vater 5B Wood Power Morne Sig,vater-5b-wood-power-morne-sig,Vater,Accessories,385.0,49,Beginner,NONE,,
VPRECW,Vater  Recording Wood,vater-recording-wood,Vater,Accessories,395.0,87,Beginner,NONE,,
VPRECWANDRIES,Vater Recording Wood A Visser Sig,vater-recording-wood-a-visser-sig,Vater,Accessories,395.0,87,Beginner,NONE,,
VSS,Vater Stick Shield,vater-stick-shield,Vater,Accessories,161.0,4,Beginner,NONE,,
VSSM,Vater Mallet Stiock Shield,vater-mallet-stiock-shield,Vater,Accessories,231.0,3,Beginner,NONE,,
VSTGR,Vater Stick & Finger Tape Green,vater-stick-finger-tape-green,Vater,Accessories,181.0,1,Beginner,NONE,,
VTIPS,Vater Practise Tips,vater-practise-tips,Vater,Accessories,181.0,29,Beginner,NONE,,
VTP,Vater Tech Pack,vater-tech-pack,Vater,Accessories,575.0,1,Beginner,NONE,,
WAR-WRB150401AA,Warwick R/Bass Corv Basic 4Str Natural Activ,warwick-rbass-corv-basic-4str-natural-activ,Warwick,Accessories,19550.0,1,Professional,NONE,,DUPLICATE - REVIEW
WAR-WRB150405AA,Warwick R/Bass Corv Basic 4Str H/Violin,warwick-rbass-corv-basic-4str-hviolin,Warwick,Strings,19550.0,1,Professional,NONE,,DUPLICATE - REVIEW
WAR-WRB150505AA,Warwick R/Bass Corv Basic 5Str H/Violin,warwick-rbass-corv-basic-5str-hviolin,Warwick,Strings,20450.0,1,Professional,NONE,,DUPLICATE - REVIEW
WAR-WRB150559AA,Warwick R/Bass Corv Classic 5Str S/Burst,warwick-rbass-corv-classic-5str-sburst,Warwick,Accessories,21095.0,1,Professional,NONE,,DUPLICATE - REVIEW
WAR-WRB151405PA,Warwick R/Bass Streamer Standard 4Str H/Violi,warwick-rbass-streamer-standard-4str-hvioli,Warwick,Accessories,16550.0,2,Professional,NONE,,DUPLICATE - REVIEW
WAR-WRB154531PA,Warwick R/Bass Streamer Lx 5Str Red,warwick-rbass-streamer-lx-5str-red,Warwick,Accessories,19095.0,2,Professional,NONE,,DUPLICATE - REVIEW
WAR-0241405,Warwick Surface Finisher Wax,warwick-surface-finisher-wax,Warwick,Accessories,291.0,3,Beginner,NONE,,
WAR-1505081000,Warwick R/Bass  Corvette Prem 5Str Natural,warwick-rbass-corvette-prem-5str-natural,Warwick,Accessories,25071.0,1,Professional,NONE,,
WAR-30383D6MBA,Warwick 3M Microphone Cable Male Balanced,warwick-3m-microphone-cable-male-balanced,Warwick,Pro Audio,185.0,10,Beginner,NONE,,
WAR-38210ML4,Warwick Emp Coated Bass 4Str M40-100,warwick-emp-coated-bass-4str-m40-100,Warwick,Accessories,851.0,28,Beginner,NONE,,
WAR-42200M4,Warwick Red Lab Bass Strings 4 St 45-105,warwick-red-lab-bass-strings-4-st-45-105,Warwick,Accessories,295.0,5,Beginner,NONE,,
WAR-42210ML4,Warwick Red Label Bass Strings 40-100,warwick-red-label-bass-strings-40-100,Warwick,Accessories,295.0,78,Beginner,NONE,,
WAR-42300ML5B,Warwick Red Label Bass Strings 40-130,warwick-red-label-bass-strings-40-130,Warwick,Accessories,355.0,36,Beginner,NONE,,
WAR-42301M5B,Warwick R/Label 5Str Bass Strings 45-135,warwick-rlabel-5str-bass-strings-45-135,Warwick,Accessories,355.0,32,Beginner,NONE,,
WAR-42401M6,Warwick Red Lab Bass String 6 String 45-135,warwick-red-lab-bass-string-6-string-45-135,Warwick,Accessories,425.0,33,Beginner,NONE,,
WAR-M50100/C,Warwick Mec Prof Input Jack For  Bass,warwick-mec-prof-input-jack-for-bass,Warwick,Accessories,350.0,29,Beginner,NONE,,
WAR-M85100,Warwick Mec Bass/Trbele Pot 100K,warwick-mec-basstrbele-pot-100k,Warwick,Accessories,450.0,3,Beginner,NONE,,
WAR-MULTITOOL,Warwick Guitar Multi Tool With S/Winder,warwick-guitar-multi-tool-with-swinder,Warwick,Guitars and Ukuleles,540.0,29,Beginner,NONE,,
WAR-RB20505B,Warwick  Bass Guitar Bag - Deluxe,warwick-bass-guitar-bag---deluxe,Warwick,Guitars and Ukuleles,1095.0,14,Beginner,NONE,,
WAR-RB20508B,Warwick Classic Guitar Bag Deluxe,warwick-classic-guitar-bag-deluxe,Warwick,Guitars and Ukuleles,1135.0,12,Beginner,NONE,,
WAR-RB20510B,Warwick Ac/Bass Bag - Deluxe,warwick-acbass-bag---deluxe,Warwick,Accessories,1355.0,1,Beginner,NONE,,
WAR-RB20515B,Warwick  Student Line Bass Bag,warwick-student-line-bass-bag,Warwick,Accessories,625.0,71,Beginner,NONE,,
WAR-RB20517B,Warwick 4/5 String Banjo Bag Deluxe,warwick-45-string-banjo-bag-deluxe,Warwick,Guitars and Ukuleles,1145.0,5,Beginner,NONE,,
WAR-RB20518B,Warwick Student Classic  Guitar Bag,warwick-student-classic-guitar-bag,Warwick,Guitars and Ukuleles,635.0,134,Beginner,NONE,,
WAR-RB20519B,Warwick Student Western Guitar Bag,warwick-student-western-guitar-bag,Warwick,Guitars and Ukuleles,675.0,26,Beginner,NONE,,
WAR-RB20523B,Warwick 1/2 Classic Bag,warwick-12-classic-bag,Warwick,Accessories,415.0,314,Beginner,NONE,,
WAR-RB20524B,Warwick 3/4 Classic Bag,warwick-34-classic-bag,Warwick,Accessories,425.0,140,Beginner,NONE,,
WAR-RB20525B,Warwick Basic Bag Electric Bass,warwick-basic-bag-electric-bass,Warwick,Accessories,455.0,2,Beginner,NONE,,
WAR-RB20526B,Warwick Basic Bag Electric,warwick-basic-bag-electric,Warwick,Accessories,445.0,36,Beginner,NONE,,
WAR-RB20529B,Warwick Basic  Accoustic Guitar Bag,warwick-basic-accoustic-guitar-bag,Warwick,Guitars and Ukuleles,495.0,56,Beginner,NONE,,
WAR-RB20534B,Warwick 3/4 Classic Bag Economy Black,warwick-34-classic-bag-economy-black,Warwick,Accessories,215.0,23,Beginner,NONE,,
WAR-RB20535B,Warwick Economy Bass Bag Black,warwick-economy-bass-bag-black,Warwick,Accessories,265.0,82,Beginner,NONE,,
WAR-RB20536B,Warwick Eco Electric Guitar Bag Black,warwick-eco-electric-guitar-bag-black,Warwick,Guitars and Ukuleles,215.0,53,Beginner,NONE,,
WAR-RB20538B,Warwick Classic Bag Economy Line,warwick-classic-bag-economy-line,Warwick,Accessories,250.0,76,Beginner,NONE,,
WAR-RB20539B,Warwick Western Bag Economy Line,warwick-western-bag-economy-line,Warwick,Accessories,245.0,46,Beginner,NONE,,
WAR-RB22160B,Warwick Cymbal Pad Standard,warwick-cymbal-pad-standard,Warwick,Drums and Percussion,340.0,13,Beginner,NONE,,
WAR-RB22170B,Warwick Hi Hat Pad,warwick-hi-hat-pad,Warwick,Accessories,475.0,21,Beginner,NONE,,
WAR-RB22195B,Warwick Silent Impact Set Starter Ii,warwick-silent-impact-set-starter-ii,Warwick,Accessories,2015.0,10,Intermediate,NONE,,
WAR-RB22197B,Warwick Silent Impact Fusion 22  Set,warwick-silent-impact-fusion-22-set,Warwick,Accessories,1830.0,3,Beginner,NONE,,
WAR-RB22444B,Warwick Student Line 14X5.5  Snare Bag,warwick-student-line-14x55-snare-bag,Warwick,Drums and Percussion,575.0,2,Beginner,NONE,,
WAR-RB22501B,Warwick Drummer H/Ware Bag 44,warwick-drummer-hware-bag-44,Warwick,Drums and Percussion,1685.0,1,Beginner,NONE,,
WAR-RB23011B,Warwick Amp Bag For Lwa1000 Watt Amp Hd,warwick-amp-bag-for-lwa1000-watt-amp-hd,Warwick,Accessories,991.0,8,Beginner,NONE,,
WAR-RB24903B,Warwick Velcro Binder 20X300Mm,warwick-velcro-binder-20x300mm,Warwick,Accessories,11.0,264,Beginner,NONE,,
WAR-RB99051,Warwick Bass Guitar String Display - Dual,warwick-bass-guitar-string-display---dual,Warwick,Guitars and Ukuleles,131.0,5,Beginner,NONE,,
WAR-RB99055,Warwick Bass Guitar String Display - 9Vp,warwick-bass-guitar-string-display---9vp,Warwick,Guitars and Ukuleles,661.0,11,Beginner,NONE,,
WAR-RBO2.2DUOB,Warwick R/Board 61X14.6Cm With Bag,warwick-rboard-61x146cm-with-bag,Warwick,Accessories,2155.0,1,Intermediate,NONE,,
WAR-RBO3.0TRESB,Warwick R/Board 43.2X23.6Cm With Bag,warwick-rboard-432x236cm-with-bag,Warwick,Accessories,2455.0,3,Intermediate,NONE,,
WAR-RBO3.1TRESB,Warwick Rockboard 51X23.6Cm With Bag,warwick-rockboard-51x236cm-with-bag,Warwick,Accessories,2545.0,2,Intermediate,NONE,,
WAR-RBO3.2TRESB,Warwick R/Board 59.8X23.6Cm With Bag,warwick-rboard-598x236cm-with-bag,Warwick,Accessories,3230.0,5,Intermediate,NONE,,
WAR-RBO3.3TRESB,Warwick R/Board 3.3Tres 72.2X23.6Cm Bag,warwick-rboard-33tres-722x236cm-bag,Warwick,Accessories,4030.0,7,Intermediate,NONE,,
WAR-RBO4.3QUADB,Warwick R/Board 61X32.6Cm With Bag,warwick-rboard-61x326cm-with-bag,Warwick,Accessories,4795.0,8,Intermediate,NONE,,
WAR-RBO4.4QUADB,Warwick R/Board 4.4Quad 72.2X33Cm,warwick-rboard-44quad-722x33cm,Warwick,Accessories,4395.0,1,Intermediate,NONE,,
WAR-RBOB2.0DUOB,Warwick R/Board 2.0 Duo 31.8X142.Cm + Bg,warwick-rboard-20-duo-318x142cm-bg,Warwick,Accessories,1655.0,2,Beginner,NONE,,
WAR-RBOB2.3DUOB,Warwick R/Board 2.3Duo 72.2X14.2Cm With Bag,warwick-rboard-23duo-722x142cm-with-bag,Warwick,Accessories,2850.0,6,Intermediate,NONE,,
WAR-RBOB4.1QUAD,Warwick Rockboard 46X32.6Cm With Gig Bag,warwick-rockboard-46x326cm-with-gig-bag,Warwick,Accessories,3250.0,1,Intermediate,NONE,,
WAR-RBOB5.3CINQ,Warwick R/Board + Bag Cinque 5.3 81X41.6,warwick-rboard-bag-cinque-53-81x416,Warwick,Accessories,6665.0,1,Intermediate,NONE,,
WAR-RBOBMOD1V2,Warwick Rockboard Mod1 Ver.2 Xlr,warwick-rockboard-mod1-ver2-xlr,Warwick,Accessories,1710.0,2,Beginner,NONE,,
WAR-RBOBMODUL3,Warwick Rockboard With Xlr Trs For Vocal,warwick-rockboard-with-xlr-trs-for-vocal,Warwick,Accessories,1401.0,2,Beginner,NONE,,
WAR-RBOBTHETRAY,Warwick Rockboard The Tray,warwick-rockboard-the-tray,Warwick,Accessories,345.0,19,Beginner,NONE,,
WAR-RBOCABPCF10,Warwick Rockboard Flat Patch Cable 10Cm,warwick-rockboard-flat-patch-cable-10cm,Warwick,Accessories,75.0,89,Beginner,NONE,,
WAR-RBOCABPCF20,Warwick Rockborad Flat Patch Cable 20Cm,warwick-rockborad-flat-patch-cable-20cm,Warwick,Accessories,85.0,126,Beginner,NONE,,
WAR-RBOCABPCF30,Warwick Rockboard Flat Patch Cable 30Cm,warwick-rockboard-flat-patch-cable-30cm,Warwick,Accessories,115.0,70,Beginner,NONE,,
WAR-RBOCABPCF60,Warwick Rockboard Flat Patch Cable 60Cm,warwick-rockboard-flat-patch-cable-60cm,Warwick,Accessories,120.0,88,Beginner,NONE,,
WAR-RBOCABPODC8,Warwick Daisy Chaine Flat Cable 8 Angled,warwick-daisy-chaine-flat-cable-8-angled,Warwick,Accessories,185.0,63,Beginner,NONE,,
WAR-RBOCABPWSET,Warwick Patch Works Solderless Set,warwick-patch-works-solderless-set,Warwick,Accessories,995.0,15,Beginner,NONE,,
WAR-RBOEHA1,Warwick In Ears Headphone Amplifier,warwick-in-ears-headphone-amplifier,Warwick,Pro Audio,1495.0,440,Beginner,NONE,,
WAR-RBOENSB,Warwick Rockboard Natural Sound Buffer,warwick-rockboard-natural-sound-buffer,Warwick,Accessories,895.0,10,Beginner,NONE,,
WAR-RBOERPA100,Warwick R/Board 100W Power Attenuator,warwick-rboard-100w-power-attenuator,Warwick,Accessories,2065.0,6,Intermediate,NONE,,
WAR-RBOEST01V2,Warwick Chromatic Stage Pedal Tuner,warwick-chromatic-stage-pedal-tuner,Warwick,Accessories,950.0,13,Beginner,NONE,,
WAR-RBOFY30BK,Warwick Flat Cable Y Splitter 30Cm,warwick-flat-cable-y-splitter-30cm,Warwick,Accessories,150.0,54,Beginner,NONE,,
WAR-RBOLEDLIGHT,Warwick Rockboard Led Light,warwick-rockboard-led-light,Warwick,Accessories,595.0,14,Beginner,NONE,,
WAR-RBOMODISODC,Warwick Iso Power Dc1,warwick-iso-power-dc1,Warwick,Accessories,2515.0,7,Intermediate,NONE,,
WAR-RBOPOWISO6,Warwick Power Block V6,warwick-power-block-v6,Warwick,Accessories,3295.0,8,Intermediate,NONE,,
WAR-RCL20914D4,Warwick Stereo Mini Jack To 2 Mono J 3M,warwick-stereo-mini-jack-to-2-mono-j-3m,Warwick,Accessories,160.0,61,Beginner,NONE,,
WAR-RCL30203D6,Warwick Instrument Cable 3M Jack To Jack,warwick-instrument-cable-3m-jack-to-jack,Warwick,Accessories,145.0,170,Beginner,NONE,,
WAR-RCL30206D6,Warwick Instrument J-J Cable 6M,warwick-instrument-j-j-cable-6m,Warwick,Accessories,245.0,378,Beginner,NONE,,
WAR-RCL30209D6,Warwick Instrument J-J Cable 9M,warwick-instrument-j-j-cable-9m,Warwick,Accessories,310.0,8,Beginner,NONE,,
WAR-RCL30256D6,Warwick Instr Cable Angled 6M,warwick-instr-cable-angled-6m,Warwick,Accessories,215.0,48,Beginner,NONE,,
WAR-RCL30301D6,Warwick Microphone Cable Xlr-Xlr 1Metre,warwick-microphone-cable-xlr-xlr-1metre,Warwick,Pro Audio,115.0,409,Beginner,NONE,,
WAR-RCL30303D6,Warwick Xlr- Xlr  Microphone Cable 3M,warwick-xlr--xlr-microphone-cable-3m,Warwick,Pro Audio,175.0,200,Beginner,NONE,,
WAR-RCL30306D6,Warwick Xlr-Xlr Microphone Cable 6M,warwick-xlr-xlr-microphone-cable-6m,Warwick,Pro Audio,225.0,710,Beginner,NONE,,
WAR-RCL30309D6,Warwick Xlr-Xlr  Microphone Cable 9M,warwick-xlr-xlr-microphone-cable-9m,Warwick,Pro Audio,305.0,440,Beginner,NONE,,
WAR-RCL30315D7,Warwick Microphone Cable 15M Xlr-Xlr,warwick-microphone-cable-15m-xlr-xlr,Warwick,Pro Audio,505.0,67,Beginner,NONE,,
WAR-RCL30320D7,Warwick Microphone Cable 20M Xlr-Xlr,warwick-microphone-cable-20m-xlr-xlr,Warwick,Pro Audio,645.0,5,Beginner,NONE,,
WAR-RCL30383FBA,Warwick 3M Fxlr - Jack Balanced,warwick-3m-fxlr---jack-balanced,Warwick,Accessories,195.0,5,Beginner,NONE,,
WAR-RCL30383MBA,Warwick 3M Mxlr- Jack Balanced,warwick-3m-mxlr--jack-balanced,Warwick,Accessories,195.0,3,Beginner,NONE,,
WAR-RCL30401D7,Warwick 1M Speaker Cable J-J Black,warwick-1m-speaker-cable-j-j-black,Warwick,Pro Audio,190.0,15,Beginner,NONE,,
WAR-RS20930B,Warwick Horizontal Guitar Wall Stand Black,warwick-horizontal-guitar-wall-stand-black,Warwick,Guitars and Ukuleles,540.0,5,Beginner,NONE,,
WAR-RS24000B,Warwick Foot Rest Black,warwick-foot-rest-black,Warwick,Accessories,175.0,104,Beginner,NONE,,
WAR-RTMT1,Warwick Rock Metronome,warwick-rock-metronome,Warwick,Accessories,191.0,88,Beginner,NONE,,
WAR-SPRB120,Warwick Active Mec Electronics,warwick-active-mec-electronics,Warwick,Accessories,1195.0,5,Beginner,NONE,,
WAR-SPW30035B1R,Warwick Machine Head Black Right,warwick-machine-head-black-right,Warwick,Accessories,395.0,6,Beginner,NONE,,
WAR-SPW30035PB1,Warwick Machine Heads Black Left,warwick-machine-heads-black-left,Warwick,Accessories,395.0,6,Beginner,NONE,,
WAR-SPW30038P1L,Warwick Machine Head Chrome Left,warwick-machine-head-chrome-left,Warwick,Accessories,315.0,10,Beginner,NONE,,
WAR-SPW30120N,Warwick Saddle Set Normal Space Narrow,warwick-saddle-set-normal-space-narrow,Warwick,Accessories,250.0,20,Beginner,NONE,,
WAR-SPW30120W,Warwick Saddle Set Normal Space Wide,warwick-saddle-set-normal-space-wide,Warwick,Accessories,250.0,20,Beginner,NONE,,
WAR-SPW30244,Warwick Just A Nut Iii 4Str,warwick-just-a-nut-iii-4str,Warwick,Accessories,350.0,19,Beginner,NONE,,
WAR-SPW30245,Warwick Just A Nut Iii 5Str,warwick-just-a-nut-iii-5str,Warwick,Accessories,350.0,19,Beginner,NONE,,
WAR-SPW30246,Warwick Just A Nut 6 String,warwick-just-a-nut-6-string,Warwick,Accessories,395.0,10,Beginner,NONE,,
WAR-SPW30315SB,Warwick Strap Lock Set Black,warwick-strap-lock-set-black,Warwick,Accessories,295.0,20,Beginner,NONE,,
WAR-SPW30318SC,Warwick Strap Lock Set Chrome,warwick-strap-lock-set-chrome,Warwick,Accessories,295.0,18,Beginner,NONE,,
WAR-SPW50008,Warwick Plastic Back Cover Black,warwick-plastic-back-cover-black,Warwick,Accessories,541.0,1,Beginner,NONE,,
WAR-SPW70107,Warwick Volume/Balance Stack Knob,warwick-volumebalance-stack-knob,Warwick,Accessories,3685.0,1,Intermediate,NONE,,
WAR-WRB150401AA,Warwick R/Bass Corv Basic 4Str Natural Activ,warwick-rbass-corv-basic-4str-natural-activ-2,Warwick,Accessories,19550.0,1,Professional,NONE,,DUPLICATE - REVIEW
WAR-WRB150405AA,Warwick R/Bass Corv Basic 4Str H/Violin,warwick-rbass-corv-basic-4str-hviolin-2,Warwick,Strings,19550.0,1,Professional,NONE,,DUPLICATE - REVIEW
WAR-WRB150505AA,Warwick R/Bass Corv Basic 5Str H/Violin,warwick-rbass-corv-basic-5str-hviolin-2,Warwick,Strings,20450.0,1,Professional,NONE,,DUPLICATE - REVIEW
WAR-WRB150559AA,Warwick R/Bass Corv Classic 5Str S/Burst,warwick-rbass-corv-classic-5str-sburst-2,Warwick,Accessories,21095.0,1,Professional,NONE,,DUPLICATE - REVIEW
WAR-WRB151405PA,Warwick R/Bass Streamer Standard 4Str H/Violi,warwick-rbass-streamer-standard-4str-hvioli-2,Warwick,Accessories,16550.0,2,Professional,NONE,,DUPLICATE - REVIEW
WAR-WRB154531PA,Warwick R/Bass Streamer Lx 5Str Red,warwick-rbass-streamer-lx-5str-red-2,Warwick,Accessories,19095.0,2,Professional,NONE,,DUPLICATE - REVIEW
WKH61,Wolf Maestro Chin Rest Napa Leather,wolf-maestro-chin-rest-napa-leather,Wolf,Accessories,2655.0,1,Intermediate,NONE,,
WSR22,Wolf Forte Primo Violin Shoulder Rest 4/4-3/4,wolf-forte-primo-violin-shoulder-rest-44-34,Wolf,Strings,1045.0,13,Beginner,NONE,,
WSR24,Wolf Violin Forte Seconda 1/2 1/4,wolf-violin-forte-seconda-12-14,Wolf,Strings,1045.0,11,Beginner,NONE,,
XVP3,Xvive P3 Wireless Xlr Audio Adaptor,xvive-p3-wireless-xlr-audio-adaptor,XVive,Accessories,1035.0,2,Beginner,NONE,,
XVPX,Xvive Portable 3 Channles Personal Mixer,xvive-portable-3-channles-personal-mixer,XVive,Pro Audio,2815.0,1,Intermediate,NONE,,
XVU3,Xvive U3 Wireless Microphone System,xvive-u3-wireless-microphone-system,XVive,Pro Audio,4665.0,2,Intermediate,NONE,,
XVU3C,Xvive Condenser Microphone Wireless Sysstem,xvive-condenser-microphone-wireless-sysstem,XVive,Pro Audio,4925.0,1,Intermediate,NONE,,
XVU3D,Xvive Dual Microphone Wireless System,xvive-dual-microphone-wireless-system,XVive,Pro Audio,9065.0,3,Intermediate,NONE,,
XVU4R2,Xvive Inear Wireless Monitor System Pack,xvive-inear-wireless-monitor-system-pack,XVive,Pro Audio,7780.0,3,Intermediate,NONE,,
XVU4R4,Xvive Wireless In Ear Monitor System,xvive-wireless-in-ear-monitor-system,XVive,Pro Audio,12955.0,5,Professional,NONE,,
XVU7,Xvive Sax & Trumpet Wireless System With Ca,xvive-sax-trumpet-wireless-system-with-ca,XVive,Wind and Brass,4925.0,6,Intermediate,NONE,,
XVU8,Xvive Acoustic Guitar Wireless System,xvive-acoustic-guitar-wireless-system,XVive,Guitars and Ukuleles,4925.0,7,Intermediate,NONE,,
XVU9,Xvive Violin Wireless System,xvive-violin-wireless-system,XVive,Strings,4925.0,15,Intermediate,NONE,,
