code,name,brand,legacy_category,corrected_category,reason,confidence
ADVSLEEP-BLK,Adv Sound Silicone Unibody Earbuds Black,ADV Sound,Pro Audio,pro-audio,No change needed,high
ADVSLEEP-BLU,Adv Sound Silicone Unibody Earbuds Blue,ADV Sound,Pro Audio,pro-audio,No change needed,high
ADVSLEEP-RED,Adv Sound Silicone Unibody Earbuds Red,ADV Sound,Pro Audio,pro-audio,No change needed,high
ADVSLEEP-WHT,Adv Sound Silicone Unibody Earbuds White,ADV Sound,Pro Audio,pro-audio,No change needed,high
ADVSLEEPW-BLK,Adv Sound Wireless Silicone Unibody Earbuds,ADV Sound,Accessories,accessories,No change needed,high
AQCC12,Aquarian 12  Classic Clear Head,Aquarian,Accessories,drums,"Brand ""Aquarian"" makes drum/percussion products only",high
AQCC13,Aquarian 13  Classic Clear Head,Aquarian,Accessories,drums,"Brand ""Aquarian"" makes drum/percussion products only",high
AQCC14,Aquarian 14  Classic Clear Head,Aquarian,Accessories,drums,"Brand ""Aquarian"" makes drum/percussion products only",high
AQCC16,Aquarian 16  Classic Clear Head,Aquarian,Accessories,drums,"Brand ""Aquarian"" makes drum/percussion products only",high
AQCCFX10,Aquarian 10  Clear Focus X Head,Aquarian,Accessories,drums,"Brand ""Aquarian"" makes drum/percussion products only",high
AQCCFX12,Aquarian 12  Clear Focus X Head,Aquarian,Accessories,drums,"Brand ""Aquarian"" makes drum/percussion products only",high
AQCCSN12,Aquarian 12  Classic Clear Snare Bottom,Aquarian,Drums and Percussion,drums,No change needed,high
AQCCSN13,Aquarian 13  Classic Clear Snare Bottom,Aquarian,Drums and Percussion,drums,No change needed,high
AQDVII18,Aquarian 18  Deep Vintage Ii Head,Aquarian,Accessories,drums,"Brand ""Aquarian"" makes drum/percussion products only",high
AQFB22,Aquarian 22  Bass Clear Batter & Kp1,Aquarian,Accessories,drums,"Brand ""Aquarian"" makes drum/percussion products only",high
AQFOR8,Aquarian 8  Force Ten Clear Head,Aquarian,Accessories,drums,"Brand ""Aquarian"" makes drum/percussion products only",high
AQFR22BK,Aquarian 22  Black Bass Resonant & Phbk,Aquarian,Accessories,drums,"Brand ""Aquarian"" makes drum/percussion products only",high
AQHE13,Aquarian 13  Hi Energy Head,Aquarian,Accessories,drums,"Brand ""Aquarian"" makes drum/percussion products only",high
AQHF15,Aquarian 15  Hi Frequency 1Ply Thin Head,Aquarian,Accessories,drums,"Brand ""Aquarian"" makes drum/percussion products only",high
AQMODII10,Aquarian 10  Modern Vintage Ii,Aquarian,Accessories,drums,"Brand ""Aquarian"" makes drum/percussion products only",high
AQMOTCM16,Aquarian 16  Modern Vintage,Aquarian,Accessories,drums,"Brand ""Aquarian"" makes drum/percussion products only",high
AQNOS13,Aquarian 13  New Orleans Special Head,Aquarian,Accessories,drums,"Brand ""Aquarian"" makes drum/percussion products only",high
AQPA3,Aquarian Kickpatch,Aquarian,Accessories,drums,"Brand ""Aquarian"" makes drum/percussion products only",high
AQPF10,Aquarian 10  2Ply  W.Glue Head,Aquarian,Accessories,drums,"Brand ""Aquarian"" makes drum/percussion products only",high
AQPF12,Aquarian 12  2Ply With Glue Head,Aquarian,Accessories,drums,"Brand ""Aquarian"" makes drum/percussion products only",high
AQPF16,Aquarian 16  2Ply With Glue Head,Aquarian,Accessories,drums,"Brand ""Aquarian"" makes drum/percussion products only",high
AQREF8,Aquarian 8  Reflector Black Head,Aquarian,Accessories,drums,"Brand ""Aquarian"" makes drum/percussion products only",high
AQRSM22BK,Aquarian 22  Reg Sm Port/Ring Black,Aquarian,Accessories,drums,"Brand ""Aquarian"" makes drum/percussion products only",high
AQRSP210,Aquarian 10  Response 2 2Ply Head,Aquarian,Accessories,drums,"Brand ""Aquarian"" makes drum/percussion products only",high
AQRSP212,Aquarian 12  Response 2 2Ply Head,Aquarian,Accessories,drums,"Brand ""Aquarian"" makes drum/percussion products only",high
AQRSP216,Aquarian 16  Response 2 2Ply Head,Aquarian,Accessories,drums,"Brand ""Aquarian"" makes drum/percussion products only",high
AQRSP2B,Aquarian Response2 12 13 16 Prepack,Aquarian,Accessories,drums,"Brand ""Aquarian"" makes drum/percussion products only",high
AQS210,Aquarian 10  Super-2 2Ply Head,Aquarian,Accessories,drums,"Brand ""Aquarian"" makes drum/percussion products only",high
AQS212,Aquarian 12  Super-2 2Ply Head,Aquarian,Accessories,drums,"Brand ""Aquarian"" makes drum/percussion products only",high
AQS214,Aquarian 14  Super-2 2Ply Head,Aquarian,Accessories,drums,"Brand ""Aquarian"" makes drum/percussion products only",high
AQS216,Aquarian 16  Super-2  2Ply Head,Aquarian,Accessories,drums,"Brand ""Aquarian"" makes drum/percussion products only",high
AQS2B,Aquarian Super2 12 13 16 Prepack,Aquarian,Accessories,drums,"Brand ""Aquarian"" makes drum/percussion products only",high
AQSK1022,Aquarian 22  Super Kick 10 With Stkp2 Bass,Aquarian,Accessories,drums,"Brand ""Aquarian"" makes drum/percussion products only",high
AQSKII22,Aquarian 22  Clr Dbl Ply Super Kick,Aquarian,Accessories,drums,"Brand ""Aquarian"" makes drum/percussion products only",high
AQSM16,Aquarian 16  Super Mesh Head,Aquarian,Accessories,drums,"Brand ""Aquarian"" makes drum/percussion products only",high
AQSRSET1,Aquarian Studio Rings Set 12 13 14 16,Aquarian,Accessories,drums,"Brand ""Aquarian"" makes drum/percussion products only",high
AQSRSET9,Aquarian 16  Studio E Ring Single,Aquarian,Accessories,drums,"Brand ""Aquarian"" makes drum/percussion products only",high
AQST4,Aquarian Snarestrip,Aquarian,Drums and Percussion,drums,No change needed,high
AQTA1,Aquarian T-Tab,Aquarian,Accessories,drums,"Brand ""Aquarian"" makes drum/percussion products only",high
AQTC8,Aquarian 8  Satin White Finsih Head,Aquarian,Accessories,drums,"Brand ""Aquarian"" makes drum/percussion products only",high
AQTCC,Aquarian Tc10 12 16 Prepack,Aquarian,Accessories,drums,"Brand ""Aquarian"" makes drum/percussion products only",high
AQTCFX12,Aquarian 12  Tex Coated Focus X White Hd,Aquarian,Accessories,drums,"Brand ""Aquarian"" makes drum/percussion products only",high
AQTCFX16,Aquarian 16  Tex Coated Focus X White Hd,Aquarian,Accessories,drums,"Brand ""Aquarian"" makes drum/percussion products only",high
AQTCFX8,Aquarian 8  Tex Coated Focus X White Hea,Aquarian,Accessories,drums,"Brand ""Aquarian"" makes drum/percussion products only",high
AQTCPD14,Aquarian 14  Tex Ctd With Bot Pwdot D/Head,Aquarian,Accessories,drums,"Brand ""Aquarian"" makes drum/percussion products only",high
AQTCPF12,Aquarian 12  Tex Ctd Perf Ii 2Ply Head,Aquarian,Accessories,drums,"Brand ""Aquarian"" makes drum/percussion products only",high
AQTCPF16,Aquarian 16  Tex Ctd Perf 11 2Ply Head,Aquarian,Accessories,drums,"Brand ""Aquarian"" makes drum/percussion products only",high
AQTCPF16B,Aquarian 16  Perf Ii Bass Head,Aquarian,Accessories,drums,"Brand ""Aquarian"" makes drum/percussion products only",high
AQTCREF13,Aquarian 13  Tex Ctd Reflector,Aquarian,Accessories,drums,"Brand ""Aquarian"" makes drum/percussion products only",high
AQTCRSP216,Aquarian 16  Tex Ctd Response 2 2Ply Hea,Aquarian,Accessories,drums,"Brand ""Aquarian"" makes drum/percussion products only",high
AQTCRSP28,Aquarian 8  Tex Ctd Response 2 2Ply Head,Aquarian,Accessories,drums,"Brand ""Aquarian"" makes drum/percussion products only",high
AQTCS28,Aquarian 8  Super-2 2Ply Texture Coated,Aquarian,Accessories,drums,"Brand ""Aquarian"" makes drum/percussion products only",high
AQTCSX16,Aquarian 16  Tex Coated Studio X,Aquarian,Accessories,drums,"Brand ""Aquarian"" makes drum/percussion products only",high
AQTRP13,Aquarian 13  Triple Threat Snare Head,Aquarian,Drums and Percussion,drums,No change needed,high
AQTRP14,Aquarian 14  Triple Threat Snare Head,Aquarian,Drums and Percussion,drums,No change needed,high
AQVEL14,Aquarian 14  Hi-Velocity Head,Aquarian,Accessories,drums,"Brand ""Aquarian"" makes drum/percussion products only",high
AR230621,Arturia Keylab 49 Mkii Black,Arturia,Keyboards,keyboards,No change needed,high
AR230622,Arturia Keylab 49 Mkii White,Arturia,Keyboards,keyboards,No change needed,high
AR230701,Arturia Astrolab 61 White,Arturia,Keyboards,keyboards,No change needed,high
AR231501,Arturia Minilab Mk 3 White,Arturia,Accessories,accessories,No change needed,high
AR231502,Arturia Minilab Mk 3 Black,Arturia,Accessories,accessories,No change needed,high
AR231506,Arturia Minilab Mak3 Mint Edition,Arturia,Accessories,accessories,No change needed,high
AR231521,Arturia Essential 49 Mk3 White,Arturia,Accessories,accessories,No change needed,high
AR231522,Arturia Essential 49 Mk3 Black,Arturia,Accessories,accessories,No change needed,high
AR231531,Arturia Essential 61 Mk3 White,Arturia,Accessories,accessories,No change needed,high
AR231532,Arturia Essential 61 Mk3 Black,Arturia,Accessories,accessories,No change needed,high
AR231541,Arturia Essential 88 Mk3 White,Arturia,Accessories,accessories,No change needed,high
AR231542,Arturia Keylab Essential 88 Mk3 Black,Arturia,Keyboards,keyboards,No change needed,high
AR231622,Arturia Keylab 49 Mk3 Black,Arturia,Keyboards,keyboards,No change needed,high
AR430211,Arturia Keystep Professional,Arturia,Accessories,accessories,No change needed,high
AR531003,Arturia Minibrute 2 Noir,Arturia,Accessories,accessories,No change needed,high
AR561101,Arturia Drumbrute Impact,Arturia,Drums and Percussion,drums,No change needed,high
AR571001,Arturia Mini Freak,Arturia,Accessories,accessories,No change needed,high
AR800101,Arturia Minifuse 1 Black,Arturia,Accessories,accessories,No change needed,high
AR800102,Arturia Minifuse 2 Black,Arturia,Accessories,accessories,No change needed,high
AR800103,Arturia Minifuse 4 Black,Arturia,Accessories,accessories,No change needed,high
AR800111,Arturia Minifuse 1 White,Arturia,Accessories,accessories,No change needed,high
AR800112,Arturia Minifuse 2 White,Arturia,Accessories,accessories,No change needed,high
AR830101,Arturia Audiofuse Studio,Arturia,Accessories,accessories,No change needed,high
AR831002,Arturia Audiofuse X8,Arturia,Accessories,accessories,No change needed,high
CGABLEG600CEN,Crafter Able G600Cen Classic Guitar,Crafter Guitars,Guitars and Ukuleles,strings,No change needed,high
CGABLEG620CEN,Crafter Able G620Ce Classic Guitar,Crafter Guitars,Guitars and Ukuleles,strings,No change needed,high
CGDE8MHBR,Crafter De8 Mh Acoustic Guitar,Crafter Guitars,Guitars and Ukuleles,strings,No change needed,high
CGHD100CEOPN,Crafter Acoustic Guitar Hd100 Cutaway + Pickup,Crafter Guitars,Guitars and Ukuleles,strings,No change needed,high
CGHD100OPN,Crafter Acoustic Guitar Hd100Op Natural,Crafter Guitars,Guitars and Ukuleles,strings,No change needed,high
CGHD250CEN,Crafter D/Naught Guitar Hd250 Cutaway Natural,Crafter Guitars,Guitars and Ukuleles,strings,No change needed,high
CGHG100CEOPN,Crafter Acoustic Guitar Cg100 Cutaway + Pickup,Crafter Guitars,Guitars and Ukuleles,strings,No change needed,high
CGHG100OPN,Crafter Hg100 Acoustic Guitar Open Pore,Crafter Guitars,Guitars and Ukuleles,strings,No change needed,high
CGNOBLEVTGEDIT,Crafter Noble Vtg Edition Guitar,Crafter Guitars,Guitars and Ukuleles,strings,No change needed,high
CGSNT16CEPRO,Crafter Snt 16Ce Professional Acoustic Guitar,Crafter Guitars,Guitars and Ukuleles,strings,No change needed,high
CGSTGG22CEPRO,Crafter G/Audit Stg G22Ce Professional Acoustic Guitar,Crafter Guitars,Guitars and Ukuleles,strings,No change needed,high
CGSTGG28CEPRO,Crafter Stg 28Ce Professional Acoustic Guitar,Crafter Guitars,Guitars and Ukuleles,strings,No change needed,high
CGTE6MHBR,Crafter Te6 Mh Acoustic Guitar,Crafter Guitars,Guitars and Ukuleles,strings,No change needed,high
CGTPBST,Crafter Gig Bag For Electric Guitar,Crafter Guitars,Guitars and Ukuleles,strings,No change needed,high
CGVLG22CEPRO,Crafter Vl G22Ce Professional Acoustic Guitar,Crafter Guitars,Guitars and Ukuleles,strings,No change needed,high
CGVLG28CEPRO,Crafter Vlg28 Ce Professional Acoustic Guitar,Crafter Guitars,Guitars and Ukuleles,strings,No change needed,high
CGVLG28CEVSPRO,Crafter Vlg28Ce Professional Acoustic Guitar,Crafter Guitars,Guitars and Ukuleles,strings,No change needed,high
CS263H,Conn Selmer Bassoon Reed Hard,Conn Selmer,Wind and Brass,wind,No change needed,high
CS2952B,Conn Selmer Polishing Cloth Lacquer,Conn Selmer,Accessories,accessories,No change needed,high
CSFL650EDIR,Conn Selmer Flute Split E Outfit,Conn Selmer,Wind and Brass,wind,No change needed,high
CSP2KIT,Conn Selmer Clarinet Mouthpiece With Cap,Conn Selmer,Wind and Brass,wind,No change needed,high
CSP3KIT,Conn Primo Plastic Alto Mouthpiece With Cap,Conn Selmer,Accessories,accessories,No change needed,high
SAGAB10014,Saga A Breton Violin Bow 1/4 Size,Saga,Strings,strings,No change needed,high
SAGAB116FC,Saga A Breton 4/4 Cello Bow Professional,Saga,Strings,strings,No change needed,high
SAGVP6112,Saga A Breton 1/2 Violin Tailpiece,Saga,Strings,strings,No change needed,high
SAGVP6114,Saga A Breton 1/4 Violin Tailpiece,Saga,Strings,strings,No change needed,high
SAGVP6118,Saga A Breton 1/8 Violin Tailpiece,Saga,Strings,strings,No change needed,high
SAGVP61C,Saga A Breton 4/4 Cello Tailpiece,Saga,Strings,strings,No change needed,high
SAGVP70K,Saga A Breton 3/4 4/4 Violin Shoulder Rest,Saga,Strings,strings,No change needed,high
SAGVP70KS,Saga A Breton 1/4 1/2 Violin Shoulder Rest,Saga,Strings,strings,No change needed,high
DM1008,Dean Markley Plain Singles .008P,Dean Markley,Accessories,accessories,No change needed,high
DM1018,Dean Markley Plain Singles .018P,Dean Markley,Accessories,accessories,No change needed,high
DM1019,Dean Markley Plain Singles .019P,Dean Markley,Accessories,accessories,No change needed,high
DM1770,Dean Markley Round Wound Bass .070,Dean Markley,Accessories,accessories,No change needed,high
DM2038,Dean Mark Blue Steel Ac Bro Med Lt 13-58,Dean Markley,Accessories,accessories,No change needed,high
DM2306,Dean Markley Banjo String Set Medium,Dean Markley,Guitars and Ukuleles,strings,No change needed,high
DM2402,Dean Markley Mandolin Phos Bronze Lt,Dean Markley,Accessories,accessories,No change needed,high
DM2505A,Dean Markley Signature Electric 11-52 Medium,Dean Markley,Accessories,accessories,No change needed,high
DM2556,Dean Markley Blue Steel Electric Reg 10-46,Dean Markley,Accessories,accessories,No change needed,high
DM2562,Dean Markley Blue Steel Electric Med 11-52,Dean Markley,Accessories,accessories,No change needed,high
DM2670,Dean Markley Blue Steel Bass X Light,Dean Markley,Accessories,accessories,No change needed,high
DM2672,Dean Markley Blue Steel Bass  Set Lt,Dean Markley,Accessories,accessories,No change needed,high
RESKG330BK,Dixon Electric Guitar Machine Heads Black,Dixon,Guitars and Ukuleles,strings,No change needed,high
RESKG330CR,Dixon Electric Guitar Machine Heads Chrome,Dixon,Guitars and Ukuleles,strings,No change needed,high
RESKG330NK,Dixon Electric Guitar Machine Heads Nickel,Dixon,Guitars and Ukuleles,strings,No change needed,high
RESKG443BK,Dixon Bass Guitar Machine Heads Black 4Set,Dixon,Guitars and Ukuleles,strings,No change needed,high
RESKG443GD,Dixon Bass Guitar Machine Heads Gold 4Set,Dixon,Guitars and Ukuleles,strings,No change needed,high
RESKU259,Dixon Ukulele Machine Heads,Dixon,Guitars and Ukuleles,strings,No change needed,high
PAKE266-HP,Dixon Speed Wrench,Dixon Drums,Accessories,drums,"Brand ""Dixon Drums"" + drum product name",high
PAKE271-HP,Dixon Drum Key 2Pcs,Dixon Drums,Drums and Percussion,drums,No change needed,high
PAKEIVBRBP,Dixon Brite Drum Key Led Light,Dixon Drums,Drums and Percussion,drums,No change needed,high
PAKERLWHP,Dixon Ratchet Lug Wrench,Dixon Drums,Accessories,drums,"Brand ""Dixon Drums"" + drum product name",high
PAMFRH5C1BX,Dixon Red Hots Tone Dampeners Combo,Dixon Drums,Accessories,accessories,No change needed,high
PARF102,Dixon Rubber Feet For 9290 Stand,Dixon Drums,Accessories,accessories,No change needed,high
PAWNCT8HP,Dixon Plastic Cymbal Topper 8Mm Thread,Dixon Drums,Drums and Percussion,drums,No change needed,high
PAWS-11U-HP,Dixon Metal Cup Washer,Dixon Drums,Accessories,drums,"Brand ""Dixon Drums"" + drum product name",high
PAWS9B1/4HP,Dixon Felt Washer For Cymbal Stands,Dixon Drums,Drums and Percussion,drums,No change needed,high
PAWSMCWHP,Dixon Metal Cymbal Washer 4Pc,Dixon Drums,Drums and Percussion,drums,No change needed,high
PDCM,Dixon Mini Drum Claw,Dixon Drums,Drums and Percussion,drums,No change needed,high
PDML26CF,Dixon S/Row 6  Wooden Tambourine,Dixon Drums,Accessories,drums,"Brand ""Dixon Drums"" + drum product name",high
PDP38,Dixon 8  Practise Pad Natural Rebound,Dixon Drums,Accessories,drums,"Brand ""Dixon Drums"" + drum product name",high
PDP481HP,Dixon 6  Practise Pad,Dixon Drums,Accessories,drums,"Brand ""Dixon Drums"" + drum product name",high
PDPC8SP,Dixon 8  Practise Pad With Strap,Dixon Drums,Accessories,drums,"Brand ""Dixon Drums"" + drum product name",high
PDSCL554ST,Dixon 5.5X14 Classic Steel Snare Drum,Dixon Drums,Drums and Percussion,drums,No change needed,high
PDZC3F,Dixon Bass Drum Claw Hook 4 Set 1.5Mm,Dixon Drums,Drums and Percussion,drums,No change needed,high
PHT014C1,Dixon 14  Clear Bottom Snare Head,Dixon Drums,Drums and Percussion,drums,No change needed,high
PHT114C1,Dixon 14  Clear Drum Head,Dixon Drums,Drums and Percussion,drums,No change needed,high
PHT120MSBKDIX,Dixon 20  Mesh Drum Head,Dixon Drums,Drums and Percussion,drums,No change needed,high
PHT122MSBKDIX,Dixon 22  Mesh Drum Head,Dixon Drums,Drums and Percussion,drums,No change needed,high
PHT214CT1,Dixon 14  White Coated Drum Head,Dixon Drums,Drums and Percussion,drums,No change needed,high
PHZ122BKMDIX1,Dixon 22  Bas Head New Logo,Dixon Drums,Accessories,accessories,No change needed,high
PHZ122CBDIX1,Dixon 22  Clear Batter Drum Head,Dixon Drums,Drums and Percussion,drums,No change needed,high
PHZ122CMDIX1,Dixon 22  Drum Head Clear Res,Dixon Drums,Drums and Percussion,drums,No change needed,high
PHZ122CTMDIX1,Dixon 22  White Bass Head New Logo,Dixon Drums,Accessories,accessories,No change needed,high
PHZ226CT1,Dixon 26  White Marching Bass Head,Dixon Drums,Accessories,accessories,No change needed,high
PKS014SNHP,Dixon 14  Maple Hoop Snare Drum  Top,Dixon Drums,Drums and Percussion,drums,No change needed,high
PKS3138HP,Dixon 13  Power Snare Hoop 8 Hole,Dixon Drums,Drums and Percussion,drums,No change needed,high
PKS3140HP,Dixon 14  Power Sanre Hoop 10 Hole,Dixon Drums,Accessories,accessories,No change needed,high
PKS3148HP,Dixon 14  Power Snare Hoop 8 Hole,Dixon Drums,Drums and Percussion,drums,No change needed,high
PKT014SNHP,Dixon 14  Maple Wood Hoop Snare Drum,Dixon Drums,Drums and Percussion,drums,No change needed,high
PKT3106HP,Dixon 10  Hoop 6 Hole,Dixon Drums,Accessories,accessories,No change needed,high
PKT3126HP,Dixon 12  Power Hoop 6 Hole,Dixon Drums,Accessories,accessories,No change needed,high
PKT3140HP,Dixon 14  Power Hoop 10 Hole,Dixon Drums,Accessories,accessories,No change needed,high
PKT3148HP,Dixon 14  Power Hoop 8 Hole,Dixon Drums,Accessories,accessories,No change needed,high
PKT3168HP,Dixon 16  Power Hoop 8 Hole,Dixon Drums,Accessories,accessories,No change needed,high
PODSPB522SB,Dixon Spark Birch 5Pc D/Kit  S/Black,Dixon Drums,Accessories,accessories,No change needed,high
PODSPB522STG,Dixon Spark Birch 5Pc D/Kit Green,Dixon Drums,Accessories,accessories,No change needed,high
PRCBH268RSP,Dixon Cowbell Holder With Round Post,Dixon Drums,Accessories,drums,"Brand ""Dixon Drums"" + drum product name",high
PSG9000,Dixon Professional Latin Bongo Stand,Dixon Drums,Accessories,drums,"Brand ""Dixon Drums"" + drum product name",high
PSHK-7C-HP,Dixon High Hat Clutch,Dixon Drums,Accessories,accessories,No change needed,high
PSHKK1HP,Dixon K Series Hihat Clutch,Dixon Drums,Drums and Percussion,drums,No change needed,high
PSK110,Dixon Single Conga Stand,Dixon Drums,Drums and Percussion,drums,No change needed,high
PSN6,Dixon Drum Throne Round Seat,Dixon Drums,Drums and Percussion,drums,No change needed,high
PSN7,Dixon Drum Throne Round Seat,Dixon Drums,Drums and Percussion,drums,No change needed,high
PSYK900I,Dixon Invisible Arm Cym Boom Stand,Dixon Drums,Accessories,accessories,No change needed,high
PSYP1I,Dixon P1 Series Cymbal Boom Stand,Dixon Drums,Drums and Percussion,drums,No change needed,high
PSYPOSI,Dixon Po Series S/Brace Cym Boom Stand,Dixon Drums,Accessories,accessories,No change needed,high
PSYV-19C-HP,Dixon Deluxe Cymbal Sleeve 8Mm 4Pcs,Dixon Drums,Drums and Percussion,drums,No change needed,high
PSYV-T1-HP,Dixon Cymbal Sleeve 4Pcs,Dixon Drums,Drums and Percussion,drums,No change needed,high
PSYV-T2-HP,Dixon Cymbal Sleeve 4Pcs,Dixon Drums,Drums and Percussion,drums,No change needed,high
PSYVT1HP,Dixon Cymbal Sleeve 4Pc,Dixon Drums,Drums and Percussion,drums,No change needed,high
PYH275SP,Dixon Cymbal Holder Arm,Dixon Drums,Drums and Percussion,drums,No change needed,high
PYP1,Dixon Cymbal Rubber Practise Pad,Dixon Drums,Drums and Percussion,drums,No change needed,high
DWCP3002,Dwcp3002 3000 Series Double Pedal,DW,Accessories,accessories,No change needed,high
DWCP5000AD4,Dw Single Pedal 5000,DW,Accessories,accessories,No change needed,high
DWCP5002AD4,Dwcp5002Ad4 5000 Accelerator Double Pdl,DW,Accessories,accessories,No change needed,high
DWCP5300,Dw Stand Snare 5000 Series Complete,DW,Drums and Percussion,drums,No change needed,high
DWCP5500D,Dw Cp5500D Heavy Duty Delta Ii 3Leg Hi H,DW,Accessories,accessories,No change needed,high
DWCP5700,Dw Stand Cymbal/Boom 5000 Complete,DW,Drums and Percussion,drums,No change needed,high
DWCP9000,Dw Pedal Sngl 9000,DW,Accessories,accessories,No change needed,high
DWSM991,Dw Single Clamp W V Memory Lock,DW,Accessories,accessories,No change needed,high
EL11002,Elixir Acoustic 8020 Nw Exlt 010 Set,Elixir,Accessories,accessories,No change needed,high
EL11052,Elixir Acoustic 8020 Nw Lt 012-53 Set,Elixir,Accessories,accessories,No change needed,high
EL11077,Elixir Acoustic 8020 Nw Ltmed 012-56 Set,Elixir,Accessories,accessories,No change needed,high
EL11102,Elixir Acoustic 8020 Nw Med 013-56 Set,Elixir,Accessories,accessories,No change needed,high
EL11182,Elixir Acoustic 8020 Nw Hdlt 013-53 Set,Elixir,Accessories,accessories,No change needed,high
EL12027,Elixir Electric Nckl Nw Cuslt 009-46 Set,Elixir,Accessories,accessories,No change needed,high
EL12052,Elixir Electric Nckl Nw Lt 010-46 Set,Elixir,Accessories,accessories,No change needed,high
EL12077,Elixir Electric Nckl Nw Lthvy 010-52 Set,Elixir,Accessories,accessories,No change needed,high
EL12152,Elixir Electric Nckl Nw Hvy 012-52 Set,Elixir,Accessories,accessories,No change needed,high
EL13009,Elixir 009 Single Steel String,Elixir,Accessories,accessories,No change needed,high
EL13010,Elixir 010 Single Steel String,Elixir,Accessories,accessories,No change needed,high
EL13012,Elixir 012 Single Steel String,Elixir,Accessories,accessories,No change needed,high
EL13016,Elixir 016 Single Steel String,Elixir,Accessories,accessories,No change needed,high
EL13017,Elixir 017 Single Steel String,Elixir,Accessories,accessories,No change needed,high
EL13022,Elixir 022 Single Steel String,Elixir,Accessories,accessories,No change needed,high
EL14102,Elixir Bass Nckl Nw 4St Med 050-105 Set,Elixir,Accessories,accessories,No change needed,high
EL15332,Elixir Nw 0.32 Med. Single Bass String,Elixir,Accessories,accessories,No change needed,high
EL16002,Elixir Acoustic Phos Nw Exlt 010-47 Set,Elixir,Accessories,accessories,No change needed,high
EL16052,Elixir Acoustic Phos Nw Lt 012-53 Set,Elixir,Accessories,accessories,No change needed,high
EL16102,Elixir Acoustic Phos Nw Med 013-56 Set,Elixir,Accessories,accessories,No change needed,high
EL16538,Elixir Acoustic 8020 Nw Custlt 11-52 3 Pack,Elixir,Accessories,accessories,No change needed,high
EL16539,Elixir Acoustic 8020 Nw Lt 12-53 3 Pack,Elixir,Accessories,accessories,No change needed,high
EL16540,Elixir Electric Nw Suplt 9-42 3 Pack,Elixir,Accessories,accessories,No change needed,high
EL16542,Elixir Electric Nw Lt 10-46 3 Pack,Elixir,Accessories,accessories,No change needed,high
EL16544,Elixir Acoustic Phos Cuslt 11-52 3 Pack,Elixir,Accessories,accessories,No change needed,high
EL16545,Elixir Acoustic Phos Nw Lt 12-53 3 Pack,Elixir,Accessories,accessories,No change needed,high
EL16546,Elixir Acoustic Phos Nw Med 13-56 3 Pack,Elixir,Accessories,accessories,No change needed,high
EL16550,Elixir Electric Nckl Ow Suplt 9-42 3 Pack,Elixir,Accessories,accessories,No change needed,high
EL16552,Elixir Electric Nckl Ow Lt 10-46 3 Pack,Elixir,Accessories,accessories,No change needed,high
EL19007,Elixir Electric Nickel 7Str 009 Sup Lt,Elixir,Accessories,accessories,No change needed,high
EL19027,Elixir Electric Nckl Ow Cuslt 009-46 Set,Elixir,Accessories,accessories,No change needed,high
EL19052,Elixir Electric Nckl Ow Lt 010-46 Set,Elixir,Accessories,accessories,No change needed,high
EL19102,Elixir Electric Nckl Ow Med 011-49 Set,Elixir,Accessories,accessories,No change needed,high
EL19106,Elixir Electric Nckl Ow 7St Med 011-59 Set,Elixir,Accessories,accessories,No change needed,high
FZCL103,Fzone Classical Guitar String Set 28-44,F-Zone,Guitars and Ukuleles,strings,No change needed,high
FZK9,Fzone K9 Clip On Tuner Rechargeable Batt,F-Zone,Accessories,accessories,No change needed,high
FZP4,Fzone P4 In Ear Monitor Amp,F-Zone,Pro Audio,pro-audio,No change needed,high
FAFX80,Fluid Audio 8  Studio Monitor Fader,Fluid Audio,Pro Audio,pro-audio,No change needed,high
FASTRUMBUDDY,Fluid Audio Guitar Monitor Amp 3Watt,Fluid Audio,Guitars and Ukuleles,strings,No change needed,high
GCFW-KEY2000X,Gator F/Works Double X Keyboard Stand,Gator,Keyboards,keyboards,No change needed,high
GCFWKEY1000X,Gator F/Works X Braced Keyboard Stand,Gator,Keyboards,keyboards,No change needed,high
GCFWKEY5100X,Gator H/Duty Double Braced Keyboard Stan,Gator,Keyboards,keyboards,No change needed,high
GCFWKEYBENCHSET,Gator F/Works K/Board Bench And Stand Se,Gator,Accessories,accessories,No change needed,high
GCK61,Gator 61 Note Lightweight Keybaord Case,Gator,Accessories,accessories,No change needed,high
GCK61SLIM,Gator Lightweight 61 Slim Case,Gator,Accessories,accessories,No change needed,high
GCK88SLXL,Gator L/Weight Keyboard Case 88Slxl,Gator,Keyboards,keyboards,No change needed,high
GCKB49,Gator Keyboard Bag 49 Key,Gator,Keyboards,keyboards,No change needed,high
GCKB61,Gator Keyboard Bag 61 Key,Gator,Keyboards,keyboards,No change needed,high
GCKB61SLIM,Gator Slim Keyboard Bag 61 Key,Gator,Keyboards,keyboards,No change needed,high
GCKB88,Gator Keyboard Bag 88 Key,Gator,Keyboards,keyboards,No change needed,high
GCKB88SLXL,Gator Keyboard Bag 88 Key Slim Long,Gator,Keyboards,keyboards,No change needed,high
GCKBE61,Gator Economy Keyboard Bag 61 Key,Gator,Keyboards,keyboards,No change needed,high
GCKBE76,Gator Economy Keyboard Bag 76 Key,Gator,Keyboards,keyboards,No change needed,high
GCKBE88,Gator Economy Keyboard Bag 88 Key,Gator,Keyboards,keyboards,No change needed,high
GCKC1540,Gator Keyboard Cover Small Stretch,Gator,Keyboards,keyboards,No change needed,high
GCTSAKEY61,Gator 61 Tsa Latch Poly Keyboard Case,Gator,Keyboards,keyboards,No change needed,high
GCTSAKEY88D,Gator Tsa Latch Poly 88 K/Board Case Dee,Gator,Accessories,accessories,No change needed,high
REG3GCDCP,Gibraltar Cajon Pedal Double Chain,Gibraltar,Drums and Percussion,drums,No change needed,high
REG3GCP,Gibraltar New Chain Cajon Pedal,Gibraltar,Drums and Percussion,drums,No change needed,high
REG3GCPRC,Gibraltar Cajon Pedal Cable,Gibraltar,Drums and Percussion,drums,No change needed,high
REG4707,Gibraltar L/Weight Hihat Stand,Gibraltar,Drums and Percussion,drums,No change needed,high
REG4709,Gibraltar L/Weight Boom Cymbal Stand,Gibraltar,Drums and Percussion,drums,No change needed,high
REG4711SC,Gibraltar Velocity S/Chain Drive Pedal,Gibraltar,Accessories,drums,"Brand ""Gibraltar"" + drum product name",high
REG4711ST,Gibraltar Single Strap Style Drum Pedal,Gibraltar,Drums and Percussion,drums,No change needed,high
REG5608,Gibraltar Drum Throne Round Seat,Gibraltar,Drums and Percussion,drums,No change needed,high
REG5707,Gibraltar Med D/Braced Hihat Stand,Gibraltar,Drums and Percussion,drums,No change needed,high
REG5709,Gibraltar Med D/Braced Cymbal Boom Stand,Gibraltar,Drums and Percussion,drums,No change needed,high
REG5711DB,Gibraltar Double Bass Drum Pedal,Gibraltar,Drums and Percussion,drums,No change needed,high
REG5711S,Gibraltar Single Bass Drum Pedal,Gibraltar,Drums and Percussion,drums,No change needed,high
REG6608,Gibraltar Motorcycle Drum Throne,Gibraltar,Drums and Percussion,drums,No change needed,high
REG6700PK,Gibraltar 6700 Series Hardware Pack,Gibraltar,Accessories,accessories,No change needed,high
REG6706E,Gibraltar Multipad Floor Stand,Gibraltar,Accessories,drums,"Brand ""Gibraltar"" + drum product name",high
REG9608MB,Gibraltar Drum Throne Moto Seat With Back R,Gibraltar,Drums and Percussion,drums,No change needed,high
REG9709BT,Gibraltar Cymbal Boom Stand,Gibraltar,Drums and Percussion,drums,No change needed,high
REGBDP,Gibraltar 8  Practise Bass Drum,Gibraltar,Drums and Percussion,drums,No change needed,high
REGDJGEMAT,Gibraltar Table Mount Dj Electronics,Gibraltar,Accessories,accessories,No change needed,high
REGDMS,Gibraltar Drum Monitor Prac System Modul,Gibraltar,Drums and Percussion,drums,No change needed,high
REGGDS5,Gibraltar 24X66  Sound Shield 5 Panel,Gibraltar,Accessories,accessories,No change needed,high
REGGP0016,Gibraltar Hihat Upper Pull Rod,Gibraltar,Drums and Percussion,drums,No change needed,high
REGGRC5S,Gibraltar Single Drum Pedal Road Class,Gibraltar,Drums and Percussion,drums,No change needed,high
REGHPMR,Gibraltar Monitor Headphones Red Logo,Gibraltar,Pro Audio,pro-audio,No change needed,high
REGKSKT75,Gibraltar Single Tier Keyboard Tree Stan,Gibraltar,Keyboards,keyboards,No change needed,high
REGRK107,Gibraltar Rock Series Hihat Stand,Gibraltar,Drums and Percussion,drums,No change needed,high
REGRK108,Gibraltar Rock Series Round Drum Throne,Gibraltar,Drums and Percussion,drums,No change needed,high
REGSC0009,Gibraltar Wing Screws 8Mm,Gibraltar,Accessories,accessories,No change needed,high
REGSC0052,Gibraltar Spring With Triangle Hook Bass Dr,Gibraltar,Accessories,accessories,No change needed,high
REGSC1316,Gibraltar 13  Snappy Snare 16 Strand,Gibraltar,Drums and Percussion,drums,No change needed,high
REGSC4244,Gibraltar Drum Key,Gibraltar,Drums and Percussion,drums,No change needed,high
REGSC4421,Gibraltar Economy Hihat Clutch,Gibraltar,Drums and Percussion,drums,No change needed,high
REGSC4421D,Gibraltar Hihat Clutch,Gibraltar,Drums and Percussion,drums,No change needed,high
REGSC4425G,Gibraltar Attachment Clamp,Gibraltar,Accessories,accessories,No change needed,high
REGSC4425STMB,Gibraltar Splash Tree Boom Arm,Gibraltar,Accessories,accessories,No change needed,high
REGSC4425XHMB,Gibraltar X Hat On Mini Boom Arm,Gibraltar,Accessories,accessories,No change needed,high
REGSC4459,Gibraltar 14  Snappy Snare 16 Strand,Gibraltar,Drums and Percussion,drums,No change needed,high
REGSC4467,Gibraltar 14  Snappy Snare 20 Strand,Gibraltar,Drums and Percussion,drums,No change needed,high
REGSC4471,Gibraltar 14  Snappy Snare 42 Strand,Gibraltar,Drums and Percussion,drums,No change needed,high
REGSC4B,Gibraltar Tension Rod 52Mm With Washer,Gibraltar,Accessories,drums,"Brand ""Gibraltar"" + drum product name",high
REGSC4C,Gibraltar 42Mm Tension Rod,Gibraltar,Accessories,drums,"Brand ""Gibraltar"" + drum product name",high
REGSC4E,Gibraltar 57Mm Tension Rod With Washer,Gibraltar,Accessories,drums,"Brand ""Gibraltar"" + drum product name",high
REGSC4J,Gibraltar 35Mm Tension Rod With Washer,Gibraltar,Accessories,drums,"Brand ""Gibraltar"" + drum product name",high
REGSCBDHMM,Gibraltar 8  G/Neck Bass Drum Microphone Mount,Gibraltar,Drums and Percussion,drums,No change needed,high
REGSCBDKRL,Gibraltar 6Mm Bass Drum Tension Rod,Gibraltar,Drums and Percussion,drums,No change needed,high
REGSCBDKRS,Gibraltar Bass Drum Tension Rod With Washer,Gibraltar,Drums and Percussion,drums,No change needed,high
REGSCBDTRL,Gibraltar 135Mm Bass Drum Tension Rod 6,Gibraltar,Drums and Percussion,drums,No change needed,high
REGSCBDTRS,Gibraltar Bass Drum Tension Rod With Washer,Gibraltar,Drums and Percussion,drums,No change needed,high
REGSCBPL,Gibraltar Leather Bass Drum Beater Pad,Gibraltar,Drums and Percussion,drums,No change needed,high
REGSCCAM,Gibraltar Cymbal Arm Mount,Gibraltar,Drums and Percussion,drums,No change needed,high
REGSCCFL4,Gibraltar Large Cymbal Felt Pack 4Pcs,Gibraltar,Drums and Percussion,drums,No change needed,high
REGSCCMBAC,Gibraltar Med Cymbal Boom Attach Clamp,Gibraltar,Drums and Percussion,drums,No change needed,high
REGSCDACMPH,Gibraltar Dual Phone Holder Clamp,Gibraltar,Accessories,accessories,No change needed,high
REGSCDPP,Gibraltar Double Pedal Pad Pack,Gibraltar,Accessories,drums,"Brand ""Gibraltar"" + drum product name",high
REGSCEMARM,Gibraltar Multipad Extension Arm,Gibraltar,Accessories,drums,"Brand ""Gibraltar"" + drum product name",high
REGSCEXDGC,Gibraltar Extended Dual Grabber Clamp,Gibraltar,Accessories,accessories,No change needed,high
REGSCGCRMC,Gibraltar Chrome Multi Clamp,Gibraltar,Accessories,accessories,No change needed,high
REGSCGFTPR,Gibraltar Floor Tom Pedal Riser,Gibraltar,Drums and Percussion,drums,No change needed,high
REGSCGPHP6B,Gibraltar Gib Port Hole Protector 6  Black,Gibraltar,Accessories,accessories,No change needed,high
REGSCGPHP6C,Gibraltar Gib Port Hole Protector 6  Crm,Gibraltar,Accessories,accessories,No change needed,high
REGSCGPMT,Gibraltar Pocket Multi Tool,Gibraltar,Accessories,accessories,No change needed,high
REGSCRMAADP,Gibraltar Rmaa Inserts,Gibraltar,Accessories,accessories,No change needed,high
REGSCSBLAML,Gibraltar 12.7Mm Single Ball Arm,Gibraltar,Accessories,accessories,No change needed,high
REGSCSBLAMM,Gibraltar 10.5Mm Single Ball Arm,Gibraltar,Accessories,accessories,No change needed,high
REGSCSBLAMS,Gibraltar 9.5Mm Single Ball Arm,Gibraltar,Accessories,accessories,No change needed,high
REGSCSLR,Gibraltar Knurled Rod 26.5Mm,Gibraltar,Accessories,accessories,No change needed,high
REGSCTL1A,Gibraltar 9.5Mm Floor Tom Legs,Gibraltar,Drums and Percussion,drums,No change needed,high
REGSCTL2A,Gibraltar Floor Tom Legs,Gibraltar,Drums and Percussion,drums,No change needed,high
REGSDF,Gibraltar Docking Station Frame Clamp,Gibraltar,Accessories,accessories,No change needed,high
REGVDSH25,Gibraltar Drum Shield Hinge,Gibraltar,Drums and Percussion,drums,No change needed,high
GCGLCLARINETA,Gator Lightweight Clarinet Case,Gator,Wind and Brass,wind,No change needed,high
GCGLTENORSAXA,Gator Lightweight Tenor Sax Case,Gator,Wind and Brass,wind,No change needed,high
GCGLTRUMPETA,Gator Lightweight Trumpet Case,Gator,Wind and Brass,wind,No change needed,high
GCTENORSAX,Gator Tenor Sax Case,Gator,Wind and Brass,wind,No change needed,high
GCRI-MUSICSTD1,Rok It Fold Up Music Stand With Bag Black,Gator,Accessories,accessories,No change needed,high
GCP007A,Gator Stick & Mallet Bag Standard,Gator,Accessories,accessories,No change needed,high
GCP08X08,Gator 8X8 Padded Tom Drum Bag,Gator,Drums and Percussion,drums,No change needed,high
GCP1009,Gator 10X9 Padded Drum Bag,Gator,Drums and Percussion,drums,No change needed,high
GCP1209,Gator 12X9 Tom Bag,Gator,Drums and Percussion,drums,No change needed,high
GCP13055SD,Gator 13X5.5 Snare Bag,Gator,Drums and Percussion,drums,No change needed,high
GCP14X12,Gator 14X12 Tom Bag,Gator,Drums and Percussion,drums,No change needed,high
GCP1814BD,Gator 18X14 Bass Drum Bag,Gator,Drums and Percussion,drums,No change needed,high
GCP2018BD,Gator 20X18 Bass Drum Bag,Gator,Drums and Percussion,drums,No change needed,high
GCP2216BD,Gator 22X16 Bass Drum Bag,Gator,Drums and Percussion,drums,No change needed,high
GCP2218BD,Gator 22X18 Bass Drum Bag,Gator,Drums and Percussion,drums,No change needed,high
GCPC1008,Gator 10X8 Roto Molded Tom Case,Gator,Drums and Percussion,drums,No change needed,high
GCPC1209,Gator 12X9 Roto Molded Tom Case,Gator,Drums and Percussion,drums,No change needed,high
GCPC1408SD,Gator 14X8 Roto Snare Case,Gator,Drums and Percussion,drums,No change needed,high
GCPC1412,Gator 14X12 Roto Molded Tom Case,Gator,Drums and Percussion,drums,No change needed,high
GCPC1455SD,Gator 14X5.5 Roto Snare Case,Gator,Drums and Percussion,drums,No change needed,high
GCPC1465SD,Gator 14X6.5 Roto Snare Case,Gator,Drums and Percussion,drums,No change needed,high
GCPC1614,Gator 16X14 Roto Molded Tom Case,Gator,Drums and Percussion,drums,No change needed,high
GCPC2218BD,Gator Roto Molded 22X18 Bass Drum Case,Gator,Drums and Percussion,drums,No change needed,high
GCPCONGAW,Gator Conga Bag,Gator,Drums and Percussion,drums,No change needed,high
GCPCYMBAK22,Gator 22  Cymbal Backpack Bag,Gator,Drums and Percussion,drums,No change needed,high
GCPEKIT3616BW,Gator Electric Drum Kit Bag With Wheels,Gator,Drums and Percussion,drums,No change needed,high
GCPFUSION100,Gator Fusion 5 Piece Drum Bag Set,Gator,Drums and Percussion,drums,No change needed,high
GCPFUSION16,Gator  Fusion 16 Drum Bag Set,Gator,Drums and Percussion,drums,No change needed,high
GCPSTANDARD100,Gator 5 Piece Standard Drum Bag Set,Gator,Drums and Percussion,drums,No change needed,high
GCPSTICKBAGDLX,Gator Deluxe Stick Bag,Gator,Accessories,accessories,No change needed,high
GBEUKECON,Gator Concert Ukulele Gig Bag,Gator,Guitars and Ukuleles,strings,No change needed,high
GBEUKESOP,Gator Soprano Ukulele Gig Bag,Gator,Guitars and Ukuleles,strings,No change needed,high
GBEUKETEN,Gator Tenor Ukulele Gig Bag,Gator,Guitars and Ukuleles,strings,No change needed,high
GCBASS4PK,Gator Bass Case Deluxe,Gator,Accessories,accessories,No change needed,high
GCBEBASS,Gator Padded Bass Guitar Bag With Straps,Gator,Guitars and Ukuleles,strings,No change needed,high
GCBECLASSIC,Gator Padded Classic Guitar Bag With Straps,Gator,Guitars and Ukuleles,strings,No change needed,high
GCBEDREAD,Gator Padded Dread Guitar Bag With Straps,Gator,Guitars and Ukuleles,strings,No change needed,high
GCBEELECT,Gator Padded Electric Guitar Bag With Straps,Gator,Guitars and Ukuleles,strings,No change needed,high
GCCLASSIC4PK,Gator Classic Deluxe Case 4Pk,Gator,Accessories,accessories,No change needed,high
GCDREAD,Gator Dreadnaught Guitar Case Deluxe,Gator,Guitars and Ukuleles,strings,No change needed,high
GCDREAD-12,Gator 12 String D/Naught Guitar Case,Gator,Guitars and Ukuleles,strings,No change needed,high
GCGLBASS,Gator Lightweight Bass Case,Gator,Accessories,accessories,No change needed,high
GCGLELECTRIC,Gator Lightweight Electric Case,Gator,Accessories,accessories,No change needed,high
GCGTRFRETMUTELG,Gator Guitar Fret Mute 1 Pack Large Black,Gator,Guitars and Ukuleles,strings,No change needed,high
GCGTRFRETMUTEMD,Gator Guitar Fret Mute 1 Pack Medium Black,Gator,Guitars and Ukuleles,strings,No change needed,high
GCGTRFRETMUTESM,Gator Guitar Fret Mute 1 Pack Small Black,Gator,Guitars and Ukuleles,strings,No change needed,high
GCGTRPWRDCP40,Gator Pedal Power Cable 40,Gator,Accessories,accessories,No change needed,high
GCTRPWR2XCURREN,Gator Power Supply Doubler Cable,Gator,Accessories,accessories,No change needed,high
GCTSAGTRDREAD,Gator Tsa Latch Dreadnaught Guitar Case,Gator,Guitars and Ukuleles,strings,No change needed,high
GCWBASS,Gator Traditional Bass Case,Gator,Accessories,accessories,No change needed,high
GCWDREAD,Gator Traditional Dread Case,Gator,Accessories,accessories,No change needed,high
GCWEBASS,Gator Traditional Wooden Bass Case Rect,Gator,Accessories,accessories,No change needed,high
GCWECLASSIC,Gator Economy Style Classic Case,Gator,Accessories,accessories,No change needed,high
GCWEELEC,Gator Traditional Wooden Electric Case Rect,Gator,Accessories,accessories,No change needed,high
GCWELECTRIC,Gator Deluxe Electric Wood Case,Gator,Accessories,accessories,No change needed,high
GCWELECTRIC-TW,Gator Traditional Electric Guitar Case,Gator,Guitars and Ukuleles,strings,No change needed,high
GCWELECTVIN,Gator Dlx Wood Electric Case Vintage Bro,Gator,Accessories,accessories,No change needed,high
GCWELPSBLK,Gator Les Paul Style Guitar Case Wooden,Gator,Guitars and Ukuleles,strings,No change needed,high
GCWEUKESOP,Gator Soprano Ukulele Case,Gator,Guitars and Ukuleles,strings,No change needed,high
GCWLPBROWN,Gator Traditional Les Paul Case Brown,Gator,Accessories,accessories,No change needed,high
GCFW-GTRHNGRBLK,Frameworks Guitar Wall Hanger Black,Gator,Guitars and Ukuleles,strings,No change needed,high
GCFW-GTRHNGRMHG,Frameworks Guitar Wall Hanger Mahog,Gator,Guitars and Ukuleles,strings,No change needed,high
GCFW-GTRHNGRMPL,Frameworks Guitar Wall Hanger Maple,Gator,Guitars and Ukuleles,strings,No change needed,high
GCFW-GTRHNGRSCH,Frameworks Guitar Wall Hanger Sat Chrome,Gator,Guitars and Ukuleles,strings,No change needed,high
GCFW-MICUKEHNGR,Frameworks Uke & Mandolin Hanger,Gator,Guitars and Ukuleles,strings,No change needed,high
GCFW-UKEHNGRBLK,Frameworks Ukulele Wall Hanger Black,Gator,Guitars and Ukuleles,strings,No change needed,high
GCFW-UKEHNGRMPL,Frameworks Uke Wall Hanger Maple,Gator,Guitars and Ukuleles,strings,No change needed,high
GCFW-UKEHNGRMPL,Frameworks Uke Wall Hanger Maple,Gator,Guitars and Ukuleles,strings,No change needed,high
GCFWCLOSHNGRDLX,Frameworks Dlx Closet Yoke Guitar Hanger,Gator,Guitars and Ukuleles,strings,No change needed,high
GCFWGTRCLOSETHN,Frameworks Closet Guitar Yoke Hanger,Gator,Guitars and Ukuleles,strings,No change needed,high
GCRI-GTRAU,Gator Rok It A Frame Dual Guitar Stand,Gator,Guitars and Ukuleles,strings,No change needed,high
GCRI-GTRAU2X,Gator Rok It A-Frame 2X Guitar Stand,Gator,Guitars and Ukuleles,strings,No change needed,high
GCRIGTRRACK3,Rok It 3 Guitar Rack Stand,Gator,Guitars and Ukuleles,strings,No change needed,high
GCPASTAND1B,Gator Speaker Stand Cover Stretcy Black,Gator,Pro Audio,pro-audio,No change needed,high
GCPATRANSLG,Gator Case Lrg Pa Passport System,Gator,Accessories,accessories,No change needed,high
GCRR4L,Gator 4U Rolling Rack Case,Gator,Accessories,accessories,No change needed,high
GCRR8L,Gator 8U Rolling Rack,Gator,Accessories,accessories,No change needed,high
GCRSTUDIO8U,Gator 8U Studio Rack,Gator,Accessories,accessories,No change needed,high
GCTSAUTL203008,Gator Tsa Latch Utility Case 20X30X8,Gator,Accessories,accessories,No change needed,high
GCFW-ISOPAD-LG,Frameworks Studio Isolation Pad Large,Gator,Accessories,accessories,No change needed,high
GCFW-ISOPAD-MD,Frameworks Studio Isolation Pad Medium,Gator,Accessories,accessories,No change needed,high
GCFW-ISOPAD-SM,Frameworks Studio Isolation Pad Small,Gator,Accessories,accessories,No change needed,high
GCFW-MIC-CLIP,Frameworks Standard Microphone Clip Holder,Gator,Pro Audio,pro-audio,No change needed,high
GCFW-MIC-CLIPW,Frameworks Wireless Microphone Holder,Gator,Pro Audio,pro-audio,No change needed,high
GCFW-MIC-SM1855,Frameworks Dlx Uni S/Mount 18-55Mm,Gator,Accessories,accessories,No change needed,high
GCFW-MICSM5560,Frameworks Shockmount For Microphone 55-60Mm,Gator,Pro Audio,pro-audio,No change needed,high
GCFWCABLEHNGR,Frameworks Wall Mount Cable Hanger,Gator,Accessories,accessories,No change needed,high
GCFWCABLEHNGRTR,Frameworks Microphone Stand Cable Hanger Tray,Gator,Pro Audio,pro-audio,No change needed,high
GCFWDESKTOPRK6U,Frameworks Collapible 6U D/Top Rack,Gator,Accessories,accessories,No change needed,high
GCFWLAPTOP2500,Frameworks Clamp On Laptop Stand,Gator,Accessories,accessories,No change needed,high
GCFWMIC0250,Frameworks Mini D/Top Tripod Microphone Stan,Gator,Pro Audio,pro-audio,No change needed,high
GCFWMICCAMERAMT,Frameworks Camera Mount For Microphone Stand,Gator,Pro Audio,pro-audio,No change needed,high
GCFWSINGLECUP,Frameworks Clamp On Cup Holder,Gator,Accessories,accessories,No change needed,high
GCFWSINGLECUPDS,Frameworks Desk Edge Cup Holder,Gator,Accessories,accessories,No change needed,high
GCFWSPKMNTDSKWD,Frameworks Angled Wedge Monitor Stand,Gator,Pro Audio,pro-audio,No change needed,high
GCFWSPKSTCMP,Frameworks Clamp On Studio Monitor Stand,Gator,Pro Audio,pro-audio,No change needed,high
GCMPOPFILTER,Frameworks Microphone Pop Filter,Gator,Pro Audio,pro-audio,No change needed,high
GCRI-MICRB10,Gator Rok It Roundbase Microphone Stand,Gator,Pro Audio,pro-audio,No change needed,high
GCRI-MICTP-FBM,Gator Rok It Boom Tripod Microphone Stand Black,Gator,Pro Audio,pro-audio,No change needed,high
GCRI-POPFILTER,Gator Rok It Single Layer Microphone Pop Filter,Gator,Pro Audio,pro-audio,No change needed,high
GCRISPKRSTDSET,Gator Rok It Speaker Stand Pair With Bag,Gator,Pro Audio,pro-audio,No change needed,high
GCK1610,Gator Midi Keyboard Bag Small,Gator,Keyboards,keyboards,No change needed,high
GCK2110,Gator Micro Keyboard Bag,Gator,Keyboards,keyboards,No change needed,high
GCK61,Gator 61 Note Lightweight Keybaord Case,Gator,Accessories,accessories,No change needed,high
GCK61SLIM,Gator Lightweight 61 Slim Case,Gator,Accessories,accessories,No change needed,high
GCK76,Gator L/Weight Keyboard Case 76 Key,Gator,Keyboards,keyboards,No change needed,high
GCK88,Gator 88 Note Lightweight Keyboard Case,Gator,Keyboards,keyboards,No change needed,high
GCK88SLIM,Gator L/Weight 88 Slim K/Board Case,Gator,Accessories,accessories,No change needed,high
GCK88SLXL,Gator L/Weight Keyboard Case 88Slxl,Gator,Keyboards,keyboards,No change needed,high
GCKB49,Gator Keyboard Bag 49 Key,Gator,Keyboards,keyboards,No change needed,high
GCKB61,Gator Keyboard Bag 61 Key,Gator,Keyboards,keyboards,No change needed,high
GCKB61SLIM,Gator Slim Keyboard Bag 61 Key,Gator,Keyboards,keyboards,No change needed,high
GCKB76,Gator Keyboard Bag 76 Key,Gator,Keyboards,keyboards,No change needed,high
GCKB76SLIM,Gator Keyboard Bag Slim 76 Key,Gator,Keyboards,keyboards,No change needed,high
GCKB88,Gator Keyboard Bag 88 Key,Gator,Keyboards,keyboards,No change needed,high
GCKB88SLIM,Gator Keyboard Bag Slim 88 Key,Gator,Keyboards,keyboards,No change needed,high
GCKB88SLXL,Gator Keyboard Bag 88 Key Slim Long,Gator,Keyboards,keyboards,No change needed,high
GCKBE49,Gator Economy Keyboard Bag 49 Key,Gator,Keyboards,keyboards,No change needed,high
GCKBE61,Gator Economy Keyboard Bag 61 Key,Gator,Keyboards,keyboards,No change needed,high
GCKBE76,Gator Economy Keyboard Bag 76 Key,Gator,Keyboards,keyboards,No change needed,high
GCKBE88,Gator Economy Keyboard Bag 88 Key,Gator,Keyboards,keyboards,No change needed,high
GCKC1540,Gator Keyboard Cover Small Stretch,Gator,Keyboards,keyboards,No change needed,high
GCKC1648,Gator Keyboard Cover Large Stretch,Gator,Keyboards,keyboards,No change needed,high
GCTSAKEY88,Gator Tsa Latch Poly 88 Keyboard Case,Gator,Keyboards,keyboards,No change needed,high
GCTSAKEY88SL,Gator Tsa Latch Poly 88 Kboard Case Slim,Gator,Accessories,accessories,No change needed,high
GCTSAKEY88SLXL,Gator Tsa Latch Poly 88 Kboard Case Slxl,Gator,Accessories,accessories,No change needed,high
GCFW-KEY2000X,Frameworks Double X Keyboard Stand,Gator,Keyboards,keyboards,No change needed,high
GCFWKEY1000X,Frameworks X Braced Keyboard Stand,Gator,Keyboards,keyboards,No change needed,high
GCFWKEY5100X,Frameworks H/Duty D/Brace Keyboard Stand,Gator,Keyboards,keyboards,No change needed,high
GCRI-KEYX1,Rok It Single X Keyboard Stand 2 Piece,Gator,Keyboards,keyboards,No change needed,high
GE409690,Gewa Mute Magnetic Vln,Gewa,Accessories,accessories,No change needed,high
GE414873,Gewa 4/4 Violin Fingerboard Marking,Gewa,Strings,strings,No change needed,high
GE414875,Gewa 1/2 Violin Fingerboard Marking,Gewa,Strings,strings,No change needed,high
GE414876,Gewa 1/4 Violin Fingerboard Marking,Gewa,Strings,strings,No change needed,high
GE414877,Gewa 1/8 Violin Fingerboard Marking,Gewa,Strings,strings,No change needed,high
GE464800,Gewa Viol Cleaner,Gewa,Accessories,accessories,No change needed,high
GE730735,Gewa Flute Pad Set Pearl F430,Gewa,Wind and Brass,wind,No change needed,high
GE730800,Gewa Clarinet Pad Set Cl80,Gewa,Wind and Brass,wind,No change needed,high
GE730907,Gewa Clarinet Pad 10Mm,Gewa,Wind and Brass,wind,No change needed,high
GE730908,Gewa Clarinet Pad 10.5Mm,Gewa,Wind and Brass,wind,No change needed,high
GE730911,Gewa Clarinet Pad 12Mm,Gewa,Wind and Brass,wind,No change needed,high
GE731156,Gewa Sax Pad 9Mm,Gewa,Wind and Brass,wind,No change needed,high
GE731157,Gewa Sax Pad 9.5Mm,Gewa,Wind and Brass,wind,No change needed,high
GE731167,Gewa Sax Pad 14.5Mm,Gewa,Wind and Brass,wind,No change needed,high
GE731168,Gewa Sax Pad 15Mm,Gewa,Wind and Brass,wind,No change needed,high
GE731169,Gewa Sax Pad 15.5Mm,Gewa,Wind and Brass,wind,No change needed,high
GE731170,Gewa Sax Pad 16Mm,Gewa,Wind and Brass,wind,No change needed,high
GE731173,Gewa Sax Pad 17.5Mm,Gewa,Wind and Brass,wind,No change needed,high
GE731174,Gewa Sax Pad 18Mm,Gewa,Wind and Brass,wind,No change needed,high
GE731175,Gewa Sax Pad 18.5Mm,Gewa,Wind and Brass,wind,No change needed,high
GE731176,Gewa Sax Pad 19Mm,Gewa,Wind and Brass,wind,No change needed,high
GE731182,Gewa Sax Pad 22Mm,Gewa,Wind and Brass,wind,No change needed,high
GE731184,Gewa Sax Pad 23Mm,Gewa,Wind and Brass,wind,No change needed,high
GE731188,Gewa Sax Pad 25Mm,Gewa,Wind and Brass,wind,No change needed,high
GE731189,Gewa Sax Pad 25.5Mm,Gewa,Wind and Brass,wind,No change needed,high
GE731198,Gewa Sax Pad 30Mm,Gewa,Wind and Brass,wind,No change needed,high
GE731206,Gewa Sax Pad 34Mm,Gewa,Wind and Brass,wind,No change needed,high
GE731208,Gewa Sax Pad 35Mm,Gewa,Wind and Brass,wind,No change needed,high
GE731212,Gewa Sax Pad 37Mm,Gewa,Wind and Brass,wind,No change needed,high
GE731216,Gewa Sax Pad 39Mm,Gewa,Wind and Brass,wind,No change needed,high
GE731220,Gewa Sax Pad 41Mm,Gewa,Wind and Brass,wind,No change needed,high
GE731222,Gewa Sax Pad 42Mm,Gewa,Wind and Brass,wind,No change needed,high
GE731226,Gewa Sax Pad 44Mm,Gewa,Wind and Brass,wind,No change needed,high
GE731228,Gewa Sax Pad 45Mm,Gewa,Wind and Brass,wind,No change needed,high
GE731415,Gewa Flute Pad 17.5Mm,Gewa,Wind and Brass,wind,No change needed,high
GE731416,Gewa Flute Pad 18Mm,Gewa,Wind and Brass,wind,No change needed,high
GE731417,Gewa Flute Pad 18.5Mm,Gewa,Wind and Brass,wind,No change needed,high
HF1103BK,Halifax 60  Gold Plated Mace Black Shaft,Halifax,Accessories,accessories,No change needed,high
HF18,Halifax Calfskin 18,Halifax,Accessories,accessories,No change needed,high
HF20,Halifax 20,Halifax,Accessories,accessories,No change needed,high
HF22,Halifax Calfskin 22,Halifax,Accessories,accessories,No change needed,high
HF26,Halifax Calfskin 26,Halifax,Accessories,accessories,No change needed,high
HF28,Halifax 28,Halifax,Accessories,accessories,No change needed,high
HF30,Halifax 30,Halifax,Accessories,accessories,No change needed,high
HF32,Halifax Calfskin 32,Halifax,Accessories,accessories,No change needed,high
HF34,Halifax Calfskin 34,Halifax,Accessories,accessories,No change needed,high
HF36,Halifax Calfskin 36,Halifax,Accessories,accessories,No change needed,high
HF38,Halifax Calfskin 38,Halifax,Accessories,accessories,No change needed,high
HFWCGM,Halifax White Cotton Gloves Medium,Halifax,Accessories,accessories,No change needed,high
HFWCGS,Halifax White Cotton Gloves Small,Halifax,Accessories,accessories,No change needed,high
HFBA,Hanflag Stick Bottle Opener,Han Flag Percussion,Accessories,accessories,No change needed,high
HFBF5ANAT,Hanflag 5A Blue Fire Natural Hickory Wood,Han Flag Percussion,Accessories,accessories,No change needed,high
HFBF5BW,Hanflag 5B Blue Fire  Hickory Wood,Han Flag Percussion,Accessories,accessories,No change needed,high
HFBF7ANAT,Hanflag 7A Blue Fire Wood  Hickory,Han Flag Percussion,Accessories,accessories,No change needed,high
HFBF7AWWHT,Hanflag 7A Blue Fire  White Hickory Wood,Han Flag Percussion,Accessories,accessories,No change needed,high
HFPR10,Hanflag 10  Practise Pad Octagon Single,Han Flag Percussion,Accessories,accessories,No change needed,high
HFPR12,Hanflag 12  Practise Pad Octagon Single,Han Flag Percussion,Accessories,accessories,No change needed,high
BM10HX,Hidersine Violin Varnish Cleaner,Hidersine,Strings,strings,No change needed,high
BM12VX,Hidersine Violin Rosin Junior,Hidersine,Strings,strings,No change needed,high
BM1670,Hidersine 3/4-4/4 Oxbury Violin Shoulder Rest,Hidersine,Strings,strings,No change needed,high
BM2984,Hidersine Tourte Violin Mute,Hidersine,Strings,strings,No change needed,high
BM2986,Hidersine Cello Mute,Hidersine,Strings,strings,No change needed,high
BM30H,Hidersine Peg Paste Compound,Hidersine,Accessories,accessories,No change needed,high
BM6B,Hidersine D/Bass Rosin,Hidersine,Strings,strings,No change needed,high
BM6CX,Hidersine Cello Rosin Deluxe,Hidersine,Strings,strings,No change needed,high
BMH100C,Hidersine 1/2 Violin String Set,Hidersine,Strings,strings,No change needed,high
BMH101,Hidersine Violin E String,Hidersine,Strings,strings,No change needed,high
BMH102,Hidersine Violin A String,Hidersine,Strings,strings,No change needed,high
BMH103,Hidersine Violin D String,Hidersine,Strings,strings,No change needed,high
BMH104,Hidersine Violin G String,Hidersine,Strings,strings,No change needed,high
BMHVSP1BK,Hidersine Violin Shoulder Pad,Hidersine,Strings,strings,No change needed,high
BMWVSR01,Hidersine Maesbury Violin Shoulder Rest,Hidersine,Strings,strings,No change needed,high
JSCELLOAM,Jargar Cello Single A (Medium) I,Jargar,Strings,strings,No change needed,high
JSCELLOAR,Jargar Cello A1 Red Forte,Jargar,Strings,strings,No change needed,high
JSCELLOC,Jargar Cello C Medium Iv,Jargar,Strings,strings,No change needed,high
JSCELLOCR,Jargar Cello C4 Red Forte,Jargar,Strings,strings,No change needed,high
JSCELLODM,Jargar Cello Single D Medium Ii,Jargar,Strings,strings,No change needed,high
JSCELLODR,Jargar Cello D2 Red Forte,Jargar,Strings,strings,No change needed,high
JSCELLOG,Jargar Cello G Medium Iii,Jargar,Strings,strings,No change needed,high
JSCELLOGR,Jargar Cello G3 Red Forte,Jargar,Strings,strings,No change needed,high
JSCELLOSILCR,Jargar Cello C Silver Red Forte,Jargar,Strings,strings,No change needed,high
JSCELLOSILGR,Jargar Cello G String Silver Red Forte,Jargar,Strings,strings,No change needed,high
JSVIOLA,Jarger Viola A String,Jargar,Strings,strings,No change needed,high
JSVIOLAG,Jarger Viola G String,Jargar,Strings,strings,No change needed,high
BM841A,Josef Teller 4/4 Voilin Bridge Uncut,Joseph Teller,Strings,strings,No change needed,high
BM846A,Josef Teller 4/4 Violin Bridge Cut,Joseph Teller,Strings,strings,No change needed,high
JT01042,Josef Teller 4/4 Violin Bridge Uncut,Joseph Teller,Strings,strings,No change needed,high
JT01042B,Josef Teller 3/4 Violin Bridge Uncut,Joseph Teller,Strings,strings,No change needed,high
JT01042C,Josef Teller 1/2 Violin Bridge Uncut,Joseph Teller,Strings,strings,No change needed,high
JT0302A,Josef Teller 4/4 Cello Bridge Uncut,Joseph Teller,Strings,strings,No change needed,high
JT0303F,Josef Teller 4/4 Cello Bridge Fitted,Joseph Teller,Strings,strings,No change needed,high
JT05,Josef Teller Violin Tailgut 3/4 -4/4,Joseph Teller,Strings,strings,No change needed,high
JT05C,Josef Teller Violin Tailgut 1/2,Joseph Teller,Strings,strings,No change needed,high
JT05D,Josef Teller Violin Tailgut 1/4,Joseph Teller,Strings,strings,No change needed,high
JT06,Josef Teller Tailgut,Joseph Teller,Accessories,accessories,No change needed,high
JT07,Josef Teller Tailgut Cello,Joseph Teller,Strings,strings,No change needed,high
JT08,Josef Teller Tailhang D/ Bass 3/4 Metal,Joseph Teller,Accessories,accessories,No change needed,high
JT0909,Josef Teller 4/4 Ebony Violin Pegs,Joseph Teller,Strings,strings,No change needed,high
JT0909B,Josef Teller 3/4 Ebony Violin Peg,Joseph Teller,Strings,strings,No change needed,high
JT0909D,Josef Teller 1/4 Ebony Violin Peg,Joseph Teller,Strings,strings,No change needed,high
JT1009,Josef Teller Viola Pegs French Style Ebo,Joseph Teller,Strings,strings,No change needed,high
JT1042F,Josef Teller 4/4  Violin Bridge Cut,Joseph Teller,Strings,strings,No change needed,high
JT1042FB,Josef Teller Violin Bridge 3/4 Cut,Joseph Teller,Strings,strings,No change needed,high
JT1042FC,Josef Teller 1/2 Violin Bridge Cut,Joseph Teller,Strings,strings,No change needed,high
JT1042FD,Josef Teller 1/4 Violin Bridge Fitted,Joseph Teller,Strings,strings,No change needed,high
JT1042FE,Josef Teller 1/8 Violin Bridge Fitted,Joseph Teller,Strings,strings,No change needed,high
JT105,Josef Teller Cello Pegss Ebony,Joseph Teller,Strings,strings,No change needed,high
JT139C,Josef Teller 1/2 Chinrest Bakelite,Joseph Teller,Accessories,accessories,No change needed,high
JT139V,Josef Teller Viola 4/4 Chinrest,Joseph Teller,Strings,strings,No change needed,high
JT2042,Josef Teller  Viola Bridge,Joseph Teller,Strings,strings,No change needed,high
JT24050,Josef Teller Viola Mute Rosewood,Joseph Teller,Strings,strings,No change needed,high
JT27013,Josef Teller Cello E-String Adjuster,Joseph Teller,Strings,strings,No change needed,high
JT2705,Josef Teller 3/4 - 4/4 Violin Fine Tuner,Joseph Teller,Strings,strings,No change needed,high
JT2705A,Josef Teller 1/2 -1/4 Violin Fine Tuner,Joseph Teller,Strings,strings,No change needed,high
JT2705V,Josef Teller 4/4 Viola Fine Tuner Nickel,Joseph Teller,Strings,strings,No change needed,high
JT302C,Josef Teller Cello Bridge Bausch 1/2,Joseph Teller,Strings,strings,No change needed,high
JT302D,Josef Teller Cello Bridge Bausch 1/4,Joseph Teller,Strings,strings,No change needed,high
JT302E,Josef Teller Cello Bridge Uncut 1/8,Joseph Teller,Strings,strings,No change needed,high
JT302FC,Josef Teller Cello Bridge Fitted 1/2,Joseph Teller,Strings,strings,No change needed,high
JT302FD,Josef Teller Cello Bridge Fitted 1/4,Joseph Teller,Strings,strings,No change needed,high
JT302FE,Josef Teller Cello Bridge 1/8 Uncut,Joseph Teller,Strings,strings,No change needed,high
JT330139A,Josef Teller 1/2 Violin Chinrest Bakelit,Joseph Teller,Strings,strings,No change needed,high
JT3402/6L,Josef Teller Cello End Pin 52Cm Wood,Joseph Teller,Strings,strings,No change needed,high
JT360I,Josef Teller B-Quality Violin Soundpost,Joseph Teller,Strings,strings,No change needed,high
JT380I,Josef Teller B Quality Cello Soundpost,Joseph Teller,Strings,strings,No change needed,high
JT390,Josef Teller Bass Sound Post 4/4-3/4,Joseph Teller,Accessories,accessories,No change needed,high
JT401,Josef Teller D/Bass Bridge 4/4 Deseden,Joseph Teller,Strings,strings,No change needed,high
JT403,Josef Teller 4/4 Dresden Bass Bridge,Joseph Teller,Strings,strings,No change needed,high
JT50C,Josef Teller Cello Mutes Rosewood Flat,Joseph Teller,Strings,strings,No change needed,high
JT60,Josef Teller Endpin Pearwood,Joseph Teller,Accessories,accessories,No change needed,high
JT6055,Josef Teller Bass Mutes Shaped Ebony,Joseph Teller,Accessories,accessories,No change needed,high
JT60L,Josef Teller Endpin Cello Hardwood 52Cm,Joseph Teller,Strings,strings,No change needed,high
JT7013A,Josef Teller E-String Adjuster Cello,Joseph Teller,Strings,strings,No change needed,high
JT705,Josef Teller Cello Tailpieces Hill Ebony,Joseph Teller,Strings,strings,No change needed,high
JBM5G,Jupiter 5G Trombone/Euphomium Mouthpiece,Jupiter,Wind and Brass,wind,No change needed,high
JBMTR5C,Jupiter 5C Trumpet Mouthpiece,Jupiter,Wind and Brass,wind,No change needed,high
JCMCLK1,Jupiter Clarinet Care Kit,Jupiter,Wind and Brass,wind,No change needed,high
JCMFLK1,Jupiter Flute Care Kit,Jupiter,Wind and Brass,wind,No change needed,high
JCMFLS01,Jupiter  Flute Swab Cloth,Jupiter,Wind and Brass,wind,No change needed,high
JCMKO2,Jupiter Key Oil,Jupiter,Accessories,accessories,No change needed,high
JCMSLK1,Jupiter Slide Trombone Care Kit,Jupiter,Wind and Brass,wind,No change needed,high
JCMVO2,Jupiter Valve & Rotor Oil,Jupiter,Accessories,accessories,No change needed,high
JFL700A,Jupiter 700 Series Flute Outfit,Jupiter,Wind and Brass,wind,No change needed,high
JFL700E,Jupiter Fl700E Series Flute,Jupiter,Wind and Brass,wind,No change needed,high
JTS500Q,Jupiter 500 Q Series Tenor Saxophone,Jupiter,Wind and Brass,wind,No change needed,high
JWMCLK1,Jupiter Clarinet Mouthpiece,Jupiter,Wind and Brass,wind,No change needed,high
KEYEBALL,Kaotica Eyeball,Kaotica,Accessories,accessories,No change needed,high
SUN-SPONGE,Santa Fe Studio Insulation Foam,Kaotica,Accessories,accessories,No change needed,high
KZ903CABLE,Kz Ofc Silver Type C 90-3 Cable,KZ-Audio,Accessories,accessories,No change needed,high
KZABSCASEBK,Kz Abs Case Black,KZ-Audio,Accessories,accessories,No change needed,high
KZAS10BLACK,Kz As10 In Ear Black,KZ-Audio,Pro Audio,pro-audio,No change needed,high
KZAS16BLACK,Kz As16 In Ears Black,KZ-Audio,Pro Audio,pro-audio,No change needed,high
KZAS16BLUE,Kz As16 In Ears Blue,KZ-Audio,Pro Audio,pro-audio,No change needed,high
KZAS24BK,Kz As24 In Ears Black,KZ-Audio,Pro Audio,pro-audio,No change needed,high
KZDQ6GRAY,Kz Dq6 In Ears Gray,KZ-Audio,Pro Audio,pro-audio,No change needed,high
KZDQ6SILVER,Kz Dq6 Inears Silver,KZ-Audio,Accessories,accessories,No change needed,high
KZEDXBLACK,Kz Edx In Ears Black,KZ-Audio,Pro Audio,pro-audio,No change needed,high
KZEVACASESILVER,Kz Eva Case Silver,KZ-Audio,Accessories,accessories,No change needed,high
KZMEMORYFOAM1,Kz Memory Foam 1 Pair,KZ-Audio,Accessories,accessories,No change needed,high
KZMEMORYFOAM3,Kz Memory Foam 3 Pairs,KZ-Audio,Accessories,accessories,No change needed,high
KZOFCFLATCABLE,Kz Ofc Flat Cable No Microphone Type C,KZ-Audio,Pro Audio,pro-audio,No change needed,high
KZOFCFLATCABLEB,Kz Ofc Flat Cable With Microphone Type B,KZ-Audio,Pro Audio,pro-audio,No change needed,high
KZOFCFLATCABLEM,Kz Ofc Flat Cable With Microphone Type C,KZ-Audio,Pro Audio,pro-audio,No change needed,high
KZOVALCASEBLACK,Kz In Earphone Case Oval Black,KZ-Audio,Pro Audio,pro-audio,No change needed,high
KZSILTIPWHITE,Kz Silicone Tips White,KZ-Audio,Accessories,accessories,No change needed,high
KZSILVERCABLEB,Kz Silver  Cable Type B No Microphone Upgrade,KZ-Audio,Pro Audio,pro-audio,No change needed,high
KZZS10PRO2BK,Kz Zs10Pro 2 In-Ears Black,KZ-Audio,Accessories,accessories,No change needed,high
KZZS10PROBK,Kz Zs10Pro In-Ears Black,KZ-Audio,Accessories,accessories,No change needed,high
KZZS10PROGBLUE,Kz Zs10 Professional In-Ears Blue,KZ-Audio,Accessories,accessories,No change needed,high
KZZS10PROGGOLD,Kz Zs10 Professional In-Ears Gold,KZ-Audio,Accessories,accessories,No change needed,high
KZZS10PROXST,Kz Zs10 Professional X In-Ears Stone Black,KZ-Audio,Accessories,accessories,No change needed,high
KZZSNPROBLUE,Kz Zsn Professional In-Ears Blue,KZ-Audio,Accessories,accessories,No change needed,high
KZZSNPROPURPL,Kz Zsn Professional In-Ears Purple,KZ-Audio,Accessories,accessories,No change needed,high
KZZSNPROXBK,Kz Zsn Professional X In-Ears Black,KZ-Audio,Accessories,accessories,No change needed,high
KZZSTBLACK,Kz Zst In-Ear  Black,KZ-Audio,Accessories,accessories,No change needed,high
KZZSTXBLACK,Kz Zst X In-Ears Black,KZ-Audio,Accessories,accessories,No change needed,high
KYKG12B,Kyser Guitar 12 String Capo Black,Kyser,Guitars and Ukuleles,strings,No change needed,high
KYKG3B,Kyser Short Cut Black,Kyser,Accessories,accessories,No change needed,high
KYKG6B,Kyser Guitar 6 String Capo Black,Kyser,Guitars and Ukuleles,strings,No change needed,high
KYKG6BC,Kyser  Guitar 6Str Capo Black Chrome,Kyser,Guitars and Ukuleles,strings,No change needed,high
KYKG6G,Kyser Guitar 6 String Capo Gold,Kyser,Guitars and Ukuleles,strings,No change needed,high
KYKG6R,Kyser Guitar 6 String Capo Red,Kyser,Guitars and Ukuleles,strings,No change needed,high
KYKG6S,Kyser Guitar 6 String Capo Silver,Kyser,Guitars and Ukuleles,strings,No change needed,high
KYKG6TDA,Kyser 6 String Guitar Capo Tie Dye,Kyser,Guitars and Ukuleles,strings,No change needed,high
KYKG6U,Kyser 6 String Cap Blue,Kyser,Accessories,accessories,No change needed,high
KYKG6WH,Kyser 6 String Capo White,Kyser,Accessories,accessories,No change needed,high
KYKGCB,Kyser Guitar Classic Capo Black,Kyser,Guitars and Ukuleles,strings,No change needed,high
LANACST-S,Lanikai Soprano Ukulele Acasia Solid Top,Lanikai,Guitars and Ukuleles,strings,No change needed,high
LANMA6T,Lanikai 6Str Soprano Ukulele Mahogany,Lanikai,Guitars and Ukuleles,strings,No change needed,high
LANMACEC,Lanikai Concert Ukulele Mahogany With Picku,Lanikai,Guitars and Ukuleles,strings,No change needed,high
LANTKBLT,Lanikai Tenor Ukulele Thick Bag,Lanikai,Guitars and Ukuleles,strings,No change needed,high
LANTNBLT,Lanikai Tenor Ukulele Thin Bag,Lanikai,Guitars and Ukuleles,strings,No change needed,high
LS-DM1PD-BRG,Levy'S 3  Leather Strap Foam Pad Burgund,Levy's,Accessories,accessories,No change needed,high
LS-L3,Levy Strap Display Stand,Levy's,Accessories,accessories,No change needed,high
LS-M26-WAL,Levy 2.5  Leather Guitar Strap Walnut,Levy's,Guitars and Ukuleles,strings,No change needed,high
LS-M4WP005,Levy Strap 3  Padded Leather Decor Embos,Levy's,Accessories,accessories,No change needed,high
LS-M8HTV-13,Levy 2  Jackguard Weave Guitar Strap Vint,Levy's,Guitars and Ukuleles,strings,No change needed,high
LS-M8HTV-21,Levy 2  J/Guard Weave Strap Vintage,Levy's,Accessories,accessories,No change needed,high
LS-M8P3-BLK,Levy'S 3   Poly Guitar Strap Black,Levy's,Guitars and Ukuleles,strings,No change needed,high
LS-M8POLY-BLK,Levy 2  Poly Guitar Strap Black,Levy's,Guitars and Ukuleles,strings,No change needed,high
LS-M8POLY-GRY,Levy 2  Poly Strap Grey,Levy's,Accessories,accessories,No change needed,high
LS-M8POLY-NAV,Levy 2  Poly Strap Navy Blue,Levy's,Accessories,accessories,No change needed,high
LS-M8POLY-PRP,Levy 2  Poly Strap Purple,Levy's,Accessories,accessories,No change needed,high
LS-M8POLY-RED,Levy'S 2  Poly Guitar Strap Red,Levy's,Guitars and Ukuleles,strings,No change needed,high
LS-M8POLY-RNB,Levy 2  Poly Guitar Sprap Rainbow,Levy's,Guitars and Ukuleles,strings,No change needed,high
LS-M8POLY-ROY,Levy'S 2  Poly Guitar Strap Royal Blue,Levy's,Guitars and Ukuleles,strings,No change needed,high
LS-M8POLY-TAN,Levy 2  Poly Strap Tan,Levy's,Accessories,accessories,No change needed,high
LS-M8POLY-WHT,Levy 2  Poly Guitar Strap White,Levy's,Guitars and Ukuleles,strings,No change needed,high
LS-M8POLYGRN,Levy Straps 2  Poly Strap Green,Levy's,Accessories,accessories,No change needed,high
LS-M8POLYPNK,Levy Straps 2  Nylon Strap Pink,Levy's,Accessories,accessories,No change needed,high
LS-M8SB-BLK,Levy 2  Black Seatbelt Guitar Strap,Levy's,Guitars and Ukuleles,strings,No change needed,high
LS-M8TF-001,Levy 2  Thailand Fabric Strap Burgundy,Levy's,Accessories,accessories,No change needed,high
LS-MC8-RED,Levy 2  Cotton Guitar Strap Suede Ends Red,Levy's,Guitars and Ukuleles,strings,No change needed,high
LS-MC8C-BLK,Levy 2  Cotton Cross Emblem Strap Black,Levy's,Accessories,accessories,No change needed,high
LS-MC8C-TAN,Levy 2  Cotton Cross Emblam Strap Tan,Levy's,Accessories,accessories,No change needed,high
LS-MC8DS-BLU,Levy 2  Distressed Cotton Antique Brass,Levy's,Accessories,accessories,No change needed,high
LS-MCP-001,Levy 2  Professional Case Guitar Strap,Levy's,Guitars and Ukuleles,strings,No change needed,high
LS-MCP-002,Levy 2  Professional Case Guitar Strap Black,Levy's,Guitars and Ukuleles,strings,No change needed,high
LS-MCP-003,Levy 2  Professional Case Guitar Strap Printed,Levy's,Guitars and Ukuleles,strings,No change needed,high
LS-MCS-001,Levy Spirit Case Guitar Strap Maroon,Levy's,Guitars and Ukuleles,strings,No change needed,high
LS-MCS-002,Levy 2  Spirit Case  Guitar Strap Red,Levy's,Guitars and Ukuleles,strings,No change needed,high
LS-MCS-003,Levy 2  Spirit Case Guitar Strap Black Prin,Levy's,Guitars and Ukuleles,strings,No change needed,high
LS-MCS-004,Levy 2  Spirit Case Guitar Strap,Levy's,Guitars and Ukuleles,strings,No change needed,high
LS-MCS-005,Levy 2  Spirit Case Guitar Strap Black,Levy's,Guitars and Ukuleles,strings,No change needed,high
LS-MCS-006,Levy 2  Spirit Case Guitar Strap Navy,Levy's,Guitars and Ukuleles,strings,No change needed,high
LS-MCS-007,Levy 2  Spirit Case Guitar Strap Navy Blue,Levy's,Guitars and Ukuleles,strings,No change needed,high
LS-MDPUK,Levy 2  Poly Subliminal Print Strap,Levy's,Accessories,accessories,No change needed,high
LS-MGS26L-004,Levy Strap 2.5 Decorative Inlay,Levy's,Accessories,accessories,No change needed,high
LS-MH8P-001,Levy 2  Hemp Web Guitar Strap Printed Ink,Levy's,Guitars and Ukuleles,strings,No change needed,high
LS-MH8P-002,Levy 2  Hemp Web Guitar Strap Printed Ink,Levy's,Guitars and Ukuleles,strings,No change needed,high
LS-MH8P-007,Levy 2  Hemp Webbing Strap Printed Ink,Levy's,Accessories,accessories,No change needed,high
LS-MH8P-009,Levy 2  Hemp Vegan Strap With Rosa,Levy's,Accessories,accessories,No change needed,high
LS-MH8P-010,Levy 2  Hemp Vegan Strap With Rosa,Levy's,Accessories,accessories,No change needed,high
LS-MH8P-NAT,Levy 2  Hemp Strap Natural,Levy's,Accessories,accessories,No change needed,high
LS-MJ12GSC-BLU,Levy 1.5  Kids Leather Galaxy Punch Stra,Levy's,Accessories,accessories,No change needed,high
LS-MJ12LBC-RED,Levy 1.5  Kids Leather Lightning Bolt St,Levy's,Accessories,accessories,No change needed,high
LS-MM18CH-BLK,Levy Acoustic Adaptor Black,Levy's,Accessories,accessories,No change needed,high
LS-MM18CH-BRN,Levy Acoustic Strap Adaptor Brown,Levy's,Accessories,accessories,No change needed,high
LS-MM18X-NAT,Levy Natural Cork Headstock Strap Adaptor,Levy's,Accessories,accessories,No change needed,high
LS-MP-18,Levy'S 2  Poly Guitar Strap Print Design,Levy's,Guitars and Ukuleles,strings,No change needed,high
LS-MP-28,Levy'S 2  Poly Guitar Strap Print Design,Levy's,Guitars and Ukuleles,strings,No change needed,high
LS-MP2-009,Levy 2  Poly Print Strap Suede Ends,Levy's,Accessories,accessories,No change needed,high
LS-MP2FS006,Levy Strap 2  Sublim Citrus Suede Ends,Levy's,Accessories,accessories,No change needed,high
LS-MPD2-013,Levy'S 2  Poly Guitar Strap Sublim Print,Levy's,Guitars and Ukuleles,strings,No change needed,high
LS-MPD2-016,Levy'S 2  Poly Guitar Strap Sublim Print,Levy's,Guitars and Ukuleles,strings,No change needed,high
LS-MPD2-036,Levy 2  Poly Guitar Strap Sublime Print,Levy's,Guitars and Ukuleles,strings,No change needed,high
LS-MPD2-104,Levy 2  Poly Guitar Strap Sublime Print,Levy's,Guitars and Ukuleles,strings,No change needed,high
LS-MPD2-120,Levy 2  Poly Guitar Strap Sonic Art Doghnut,Levy's,Guitars and Ukuleles,strings,No change needed,high
LS-MPD2-123,Levy 2  Poly Strap Traditional Dragon,Levy's,Accessories,accessories,No change needed,high
LS-MPD2-124,Levy 2  Poly Strap Traditional Tiger,Levy's,Accessories,accessories,No change needed,high
LS-MPJG-SUN-GRN,Levy'S 2  Poly Strap With Jack Guard Grn,Levy's,Accessories,accessories,No change needed,high
LS-MPJG-SUN-RED,Levy'S 2  Poly Strap With Jack Guard Red,Levy's,Accessories,accessories,No change needed,high
LS-MPJR-001,Levy 1.5 Kids Shooting Print Guitar Strap,Levy's,Guitars and Ukuleles,strings,No change needed,high
LS-MPJR-002,Levy 1.5 Kids Skull Print Guitar Strap,Levy's,Guitars and Ukuleles,strings,No change needed,high
LS-MPJR-003,Levy 1.5  Kids Dinosaur Print Guitar Strap,Levy's,Guitars and Ukuleles,strings,No change needed,high
LS-MPJR-004,Levy 1.5  Kids Purple Print Guitar Strap,Levy's,Guitars and Ukuleles,strings,No change needed,high
LS-MPJR-005,Levy 1.5  Kids Flying Print Guitar Strap,Levy's,Guitars and Ukuleles,strings,No change needed,high
LS-MPJR-006,Levy 1.5  Kids Red Print Guitar Strap,Levy's,Guitars and Ukuleles,strings,No change needed,high
LS-MPJR-007,Levy 1.5  Kids Diagonal Print Guitar Strap,Levy's,Guitars and Ukuleles,strings,No change needed,high
LS-MPS2-121,Levy 2  Poly Guitar Strap Sonic Art,Levy's,Guitars and Ukuleles,strings,No change needed,high
LS-MRHC-BLK,Levy 2.5  Right Height Garment Leath Black,Levy's,Accessories,accessories,No change needed,high
LS-MRHC-RED,Levy 2  Right Height Red Cotton Leather,Levy's,Accessories,accessories,No change needed,high
LS-MRHSS-CRM,Levy 3  Right Height Garment Leather Chm,Levy's,Accessories,accessories,No change needed,high
LS-MS12-GRN,Levy 2  Suede Guitar Strap Green,Levy's,Guitars and Ukuleles,strings,No change needed,high
LS-MS12-HNY,Levy'S 2  Suede Guitar Strap Honey,Levy's,Guitars and Ukuleles,strings,No change needed,high
LS-MS12-TAN,Levy 2  Suede Guitar Strap Tan,Levy's,Guitars and Ukuleles,strings,No change needed,high
LS-MSSBC4-BLK,Levy 3  Cotton Bass Guitar Strap Black,Levy's,Guitars and Ukuleles,strings,No change needed,high
LS-MX23001,Levy Strap 1  Ukulele Printed Cork,Levy's,Guitars and Ukuleles,strings,No change needed,high
LS-MX23002,Levy Strap 1  Ukulele Printed Cork,Levy's,Guitars and Ukuleles,strings,No change needed,high
LS-MX23004,Levy Strap 1  Ukulele Printed Cork,Levy's,Guitars and Ukuleles,strings,No change needed,high
LS-MX23005,Levy Strap 1  Ukulele Printed Cork,Levy's,Guitars and Ukuleles,strings,No change needed,high
LS-MX23ALL002,Levy Strap 1  Mandolin Printed Cork,Levy's,Accessories,accessories,No change needed,high
LS-MX23ALL003,Levy Strap 1  Mandolin Printed Cork,Levy's,Accessories,accessories,No change needed,high
LS-MX23ALL004,Levy Strap 1  Mandolin Printed Cork,Levy's,Accessories,accessories,No change needed,high
LS-MX23ALL005,Levy Strap 1  Mandolin Printed Cork,Levy's,Accessories,accessories,No change needed,high
LS-MX8-001,Levy 2  Cork Wildflower On Black Guitar Strap,Levy's,Guitars and Ukuleles,strings,No change needed,high
LS-MX8-002,Levy 2  Cork Zanzibar On Natural Guitar Strap,Levy's,Guitars and Ukuleles,strings,No change needed,high
LS-MX8-003,Levy 2  Cork Nantucket Pattern On Tan,Levy's,Accessories,accessories,No change needed,high
LS-MX8-004,Levy 2  Cork Orleans Pattern On Black Strap,Levy's,Accessories,accessories,No change needed,high
LVY-FGHNGR-BKBK,Levy Guitar Wall Hanger Leather Black,Levy's,Guitars and Ukuleles,strings,No change needed,high
LVY-FGHNGR-BKBN,Levy Guitar Hanger Black Metal Brown Leather,Levy's,Guitars and Ukuleles,strings,No change needed,high
LVY-FGHNGR-BKTN,Levy Guitar Hanger Black Met Tan Leather,Levy's,Guitars and Ukuleles,strings,No change needed,high
LVY-FGHNGR-BRBK,Levy Guitar Hanger Brown Met Black Leather,Levy's,Guitars and Ukuleles,strings,No change needed,high
LVY-FGHNGR-BRBN,Levy Guitar Hanger Bronze Met Brown Leather,Levy's,Guitars and Ukuleles,strings,No change needed,high
LVY-FGHNGR-BRTN,Levy Guitar Wall Hanger Bronze Tan Leather,Levy's,Guitars and Ukuleles,strings,No change needed,high
LVY-FGHNGR-SMBK,Levy Guitar Hanger Silver Met Black Leather,Levy's,Guitars and Ukuleles,strings,No change needed,high
LVY-FGHNGR-SMBN,Levy Guitar Hanger Silver Met Brown Leather,Levy's,Guitars and Ukuleles,strings,No change needed,high
LVY-FGHNGR-SMTN,Levy Guitar Hanger Silver Met Tan Leather,Levy's,Guitars and Ukuleles,strings,No change needed,high
LVY-RINGBLOCKBK,Levy Rubber Guitar Strap Block Pair Black,Levy's,Guitars and Ukuleles,strings,No change needed,high
LP001GLO,Lp Egg Shakers Glow In Dark,LP,Accessories,accessories,No change needed,high
LP001MXI,Lp Egg Shakers Mix,LP,Accessories,accessories,No change needed,high
LP009N,Lp Classic Rock Ridge Rider 8.5  Cowbell,LP,Accessories,accessories,No change needed,high
LP1425DR,Lp Prism Cajon Red Snare With Pad,LP,Drums and Percussion,drums,No change needed,high
LP1425FW,Lp Prism Cajon White Snare With Pad,LP,Drums and Percussion,drums,No change needed,high
LP1425LG,Lp Prism Cajon Green Snare With Pad,LP,Drums and Percussion,drums,No change needed,high
LP1425SB,Lp Prism Cajon Blue Snare With Pad,LP,Drums and Percussion,drums,No change needed,high
LP1442BL,Lp Festivo Cajon Blue,LP,Drums and Percussion,drums,No change needed,high
LP1442GN,Lp Festivo Cajon Green,LP,Drums and Percussion,drums,No change needed,high
LP188,Lp Foot Tambourine,LP,Accessories,accessories,No change needed,high
LP2010BK,Lp World 10  Rope Circ Djembe Black,LP,Drums and Percussion,drums,No change needed,high
LP2010BM,Lp 10  World Rope Circ Djembe Blue Marbl,LP,Drums and Percussion,drums,No change needed,high
LP2010GM,Lp 10  World Rope Circ Djembe Green Marb,LP,Drums and Percussion,drums,No change needed,high
LP2010OM,Lp 10  World Rope Circ Djembe Orange Mar,LP,Drums and Percussion,drums,No change needed,high
LP201BK,Lp Conga Shaker Black,LP,Drums and Percussion,drums,No change needed,high
LP204AN,Lp Black Beauty Cowbell 1/2  Mount,LP,Accessories,accessories,No change needed,high
LP234BK,Lp Afuche Cabasa Mini Black,LP,Accessories,accessories,No change needed,high
LP263A,Lp Small Matador Bongo Rawhide Head,LP,Accessories,accessories,No change needed,high
LP264A,Lp Large Matador Bongo Rawhide Head,LP,Accessories,accessories,No change needed,high
LP267A,Lp 10  City Conga Head,LP,Drums and Percussion,drums,No change needed,high
LP267B,Lp 11  City Conga Head,LP,Drums and Percussion,drums,No change needed,high
LP267C,Lp 12  City Conga Head,LP,Drums and Percussion,drums,No change needed,high
LP303,Lp Mini Merengue Guiro With Scraper,LP,Accessories,accessories,No change needed,high
LP316,Lp Worship 10 Double Row Syn Head Tamour,LP,Accessories,accessories,No change needed,high
LP451,Lp Multi Guiro Ii,LP,Accessories,accessories,No change needed,high
LP4512S,Lp 4.5X12 Salsa Snare  Stainless Steel,LP,Drums and Percussion,drums,No change needed,high
LP452,Lp Multi Guiro,LP,Accessories,accessories,No change needed,high
LP480,Lp Traditional Cabasa,LP,Accessories,accessories,No change needed,high
LP5513S,Lp 5.5X13 Salsa Snare Drum,LP,Drums and Percussion,drums,No change needed,high
LP601NYAW,Lp City Bongo Set Aw,LP,Accessories,accessories,No change needed,high
LP601NYDW,Lp City Bongo Set Dark Wood,LP,Accessories,accessories,No change needed,high
LP601NYVSB,Lp City Bongo Set Vsb,LP,Accessories,accessories,No change needed,high
LP646NYAW,Lp City 10+11  Conga Set Aw,LP,Drums and Percussion,drums,No change needed,high
LP646NYDW,Lp City 10+11  Conga Set Dw,LP,Drums and Percussion,drums,No change needed,high
LP646NYVSB,Lp City 10+11  Conga Set Vsb,LP,Drums and Percussion,drums,No change needed,high
LP663A,Lp Small City Bongo Head,LP,Accessories,accessories,No change needed,high
LP663B,Lp Large City Bongo Head,LP,Accessories,accessories,No change needed,high
LPA256,Lp Aspire Timbale Set,LP,Accessories,accessories,No change needed,high
LPA521,Lp Aspire Trap Table,LP,Accessories,accessories,No change needed,high
LPM750SABW,Lp Mat 11 Quinto Oak Almond Brown,LP,Accessories,accessories,No change needed,high
TE-MA1DR,Mahalo Art Series Soprano Ukulele Darts,Mahalo,Guitars and Ukuleles,strings,No change needed,high
TE-MA1GR,Mahalo Art Series Soprano Ukulele Grafitti,Mahalo,Guitars and Ukuleles,strings,No change needed,high
TE-MA1HEBK,Mahalo Soprano Ukulele Heart Black,Mahalo,Guitars and Ukuleles,strings,No change needed,high
TE-MA1MT,Mahalo Soprano Ukulele Monstera,Mahalo,Guitars and Ukuleles,strings,No change needed,high
TE-MA1NJ,Mahalo Art Series Soprano Ukulele Ninja,Mahalo,Guitars and Ukuleles,strings,No change needed,high
TE-MA1RD,Mahalo Art Series Soprano Ukulele Russian Do,Mahalo,Guitars and Ukuleles,strings,No change needed,high
TE-MA1SKBK,Mahalo Soprano Ukulele Skull Colours,Mahalo,Guitars and Ukuleles,strings,No change needed,high
TE-MA1TK,Mahalo Art Series Soprano Ukulele Tiki,Mahalo,Guitars and Ukuleles,strings,No change needed,high
TE-MA1WL,Mahalo Art Series Soprano Ukulele Owl,Mahalo,Guitars and Ukuleles,strings,No change needed,high
TE-MA1ZE,Mahalo Art Series Soprano Ukulele Zebra,Mahalo,Guitars and Ukuleles,strings,No change needed,high
TE-MA2KA,Mahalo Elite Series Concert Ukulele Koa,Mahalo,Guitars and Ukuleles,strings,No change needed,high
TE-MA2PH,Mahalo Elite Series Concert Uke Pharoah,Mahalo,Guitars and Ukuleles,strings,No change needed,high
TE-MA3KA,Mahalo Elite Series Tenor Ukulele Koa,Mahalo,Guitars and Ukuleles,strings,No change needed,high
TE-MC1SKBK,Mahalo Soprano Ukulele Skull Black,Mahalo,Guitars and Ukuleles,strings,No change needed,high
TE-MC1SKVTBK,Mahalo Soprano Ukulele With Pick Up Black,Mahalo,Guitars and Ukuleles,strings,No change needed,high
TE-MD1HBBUB,Mahalo Soprano Ukulele Hibiscus Blue Burst,Mahalo,Guitars and Ukuleles,strings,No change needed,high
TE-MD1HBORB,Mahalo Soprano Ukulele Hibuscis Orange Burst,Mahalo,Guitars and Ukuleles,strings,No change needed,high
TE-MD1HBPPB,Mahalo Soprano Ukulele Hibuscis Purple,Mahalo,Guitars and Ukuleles,strings,No change needed,high
TE-MD1HBRDB,Mahalo Soprano Ukulele Hibuscis Red Burst,Mahalo,Guitars and Ukuleles,strings,No change needed,high
TE-MH1VNA,Mahalo Soprano Ukulele Vintage Natural,Mahalo,Guitars and Ukuleles,strings,No change needed,high
TE-MH2VNA,Mahalo Concert Ukulele Vintage Natural,Mahalo,Guitars and Ukuleles,strings,No change needed,high
TE-MH3CVTVNA,Mahalo Tenor Uke Ac/Electric V/Natural,Mahalo,Guitars and Ukuleles,strings,No change needed,high
TE-MH3VNA,Mahalo Tenor Ukulele Vintage Natural,Mahalo,Guitars and Ukuleles,strings,No change needed,high
TE-MJ1TBR,Mahalo Soprano Ukulele Trans Brown,Mahalo,Guitars and Ukuleles,strings,No change needed,high
TE-MJ2TBR,Mahalo Concert Ukulele Transparent Brown,Mahalo,Guitars and Ukuleles,strings,No change needed,high
TE-MJ2VTTBR,Mahalo Concert Ukulele Brown With Pickup,Mahalo,Guitars and Ukuleles,strings,No change needed,high
TE-MJ33TS,Mahalo Tenor Ukulele 3 Tone Sunburst,Mahalo,Guitars and Ukuleles,strings,No change needed,high
TE-MJ3CEVNA,Mahalo Ten Ukulele Vintage Natural + Pickup,Mahalo,Guitars and Ukuleles,strings,No change needed,high
TE-MJ3TBR,Mahalo Tenor Ukulele Trans Brown,Mahalo,Guitars and Ukuleles,strings,No change needed,high
TE-MJ3VNA,Mahalo Tenor Ukulele Vintage Natural,Mahalo,Guitars and Ukuleles,strings,No change needed,high
TE-MJ3VT3TS,Mahalo Tenor Ukulele With Pickup 3Ts,Mahalo,Guitars and Ukuleles,strings,No change needed,high
TE-MJ3VTTBR,Mahalo Tenor Ukulele Brown With Pickup,Mahalo,Guitars and Ukuleles,strings,No change needed,high
TE-MJ4TBE,Mahalo Baritone Ukulele Natural,Mahalo,Guitars and Ukuleles,strings,No change needed,high
TE-MK1BATBK,Mahalo Batik Soprano Uke Trans Black,Mahalo,Guitars and Ukuleles,strings,No change needed,high
TE-MK1BATBR,Mahalo Batik Soprano Uke Trans Brown With Bag,Mahalo,Guitars and Ukuleles,strings,No change needed,high
TE-MK1BATBU,Mahalo Batik Soprano Uke Trans Blue With Bag,Mahalo,Guitars and Ukuleles,strings,No change needed,high
TE-MK1BATRD,Mahalo Batik Soprano Uke Trans Red With Bag,Mahalo,Guitars and Ukuleles,strings,No change needed,high
TE-MK1PTBK,Mahalo Soprano Ukulele Trans Black,Mahalo,Guitars and Ukuleles,strings,No change needed,high
TE-MK1PTPP,Mahalo Soprano Ukulele Trans Purple,Mahalo,Guitars and Ukuleles,strings,No change needed,high
TE-MKA17CH,Mahalo 17 Key Kalimba Cheetah,Mahalo,Accessories,accessories,No change needed,high
TE-MKA17PH,Mahalo 17 Key Kalimba Pharoah,Mahalo,Accessories,accessories,No change needed,high
TE-MKA17TD,Mahalo Traditional Kalimba + Bag,Mahalo,Accessories,accessories,No change needed,high
TE-MKA17ZE,Mahalo 17 Key Kalimba Zebra Design,Mahalo,Accessories,accessories,No change needed,high
TE-ML1AB,Mahalo Soprano Ukulele Aqua Blue,Mahalo,Guitars and Ukuleles,strings,No change needed,high
TE-ML1CP,Mahalo Soprano Ukulele Coral Pink,Mahalo,Guitars and Ukuleles,strings,No change needed,high
TE-ML1CR,Mahalo Soprano Ukulele Cherry Red,Mahalo,Guitars and Ukuleles,strings,No change needed,high
TE-ML1SH,Mahalo Soprano Ukulele Smoke Haze,Mahalo,Guitars and Ukuleles,strings,No change needed,high
TE-ML2AB,Mahalo Island Con Ukulele Aqua Blue,Mahalo,Guitars and Ukuleles,strings,No change needed,high
TE-ML2BC,Mahalo Island Series Con Uke Berry Crush,Mahalo,Guitars and Ukuleles,strings,No change needed,high
TE-ML2CR,Mahalo Island Series Con Uke Cherry Red,Mahalo,Guitars and Ukuleles,strings,No change needed,high
TE-ML3AB,Mahalo Tenor Ukulele Aqua Blue,Mahalo,Guitars and Ukuleles,strings,No change needed,high
TE-ML3BC,Mahalo Tenor Ukulele Berry Crush,Mahalo,Guitars and Ukuleles,strings,No change needed,high
TE-ML3SD,Mahalo Island Ten Ukulele Sand Dune,Mahalo,Guitars and Ukuleles,strings,No change needed,high
TE-ML3SH,Mahalo Tenor Ukulele Smoke Haze,Mahalo,Guitars and Ukuleles,strings,No change needed,high
TE-MO3,Mahalo Ten Solid Wood Uke Hist Brown,Mahalo,Guitars and Ukuleles,strings,No change needed,high
TE-MP1,Mahalo Pearl Series Soprano Ukulele Natural,Mahalo,Guitars and Ukuleles,strings,No change needed,high
TE-MP1E,Mahalo Pearl Series Soprano Uke Natural + Pickup,Mahalo,Guitars and Ukuleles,strings,No change needed,high
TE-MPJ1PR,Mahalo Lap Top Cajon Pirate,Mahalo,Drums and Percussion,drums,No change needed,high
TE-MPJ1TD,Mahalo Lap Top Cajon Traditional,Mahalo,Drums and Percussion,drums,No change needed,high
TE-MR1BK,Mahalo Soprano Ukulele Black,Mahalo,Guitars and Ukuleles,strings,No change needed,high
TE-MR1BU,Mahalo Soprano Ukulele Blue,Mahalo,Guitars and Ukuleles,strings,No change needed,high
TE-MR1GN,Mahalo Soprano Ukulele Green,Mahalo,Guitars and Ukuleles,strings,No change needed,high
TE-MR1OR,Mahalo Soprano Ukulele Orange,Mahalo,Guitars and Ukuleles,strings,No change needed,high
TE-MR1PK,Mahalo Soprano Ukulele Pink,Mahalo,Guitars and Ukuleles,strings,No change needed,high
TE-MR1PP,Mahalo Soprano Ukulele Purple,Mahalo,Guitars and Ukuleles,strings,No change needed,high
TE-MR1RD,Mahalo Soprano Ukulele Red,Mahalo,Guitars and Ukuleles,strings,No change needed,high
TE-MR1TBR,Mahalo Soprano Ukulele Trans Brown,Mahalo,Guitars and Ukuleles,strings,No change needed,high
TE-MR1YW,Mahalo Soprano Ukulele Yellow,Mahalo,Guitars and Ukuleles,strings,No change needed,high
TE-MS1TBR,Mahalo Slimline Soprano Ukulele Trans Brown,Mahalo,Guitars and Ukuleles,strings,No change needed,high
TE-MS1TBU,Mahalo Slimline Soprano Ukulele Trans Blue,Mahalo,Guitars and Ukuleles,strings,No change needed,high
TE-MS1TRD,Mahalo Slimline Soprano Ukulele Trans Red,Mahalo,Guitars and Ukuleles,strings,No change needed,high
TE-MZCP2,Mahalo Ukulele Capo,Mahalo,Guitars and Ukuleles,strings,No change needed,high
TE-U-SMILEOR,Mahalo U Smile Ukulele Orange,Mahalo,Guitars and Ukuleles,strings,No change needed,high
TE-U-SMILETBR,Mahalo Soprano Ukulele Smile Trans Brown,Mahalo,Guitars and Ukuleles,strings,No change needed,high
TE-U-SMILETBS,Mahalo Smile Soprano Ukulele Trans Buttescot,Mahalo,Guitars and Ukuleles,strings,No change needed,high
TE-U-SMILETBU,Mahalo Soprano Ukulele Smile Trans Blue,Mahalo,Guitars and Ukuleles,strings,No change needed,high
TE-U-SMILETRD,Mahalo Soprano Ukulele Smile Trans Red,Mahalo,Guitars and Ukuleles,strings,No change needed,high
TE-U-SMILINOYW,Mahalo Sopranissimo Uke Yellow +Bag,Mahalo,Guitars and Ukuleles,strings,No change needed,high
TE-U/LTD2,Mahalo Soprano Ukulele Limited 2 + Bag,Mahalo,Guitars and Ukuleles,strings,No change needed,high
TE-U400,Mahalo Akasia Ukulele Natural,Mahalo,Guitars and Ukuleles,strings,No change needed,high
MO-AIRP10,Mooer P10 Guitar Wireless System,Mooer,Guitars and Ukuleles,strings,No change needed,high
MO-AIRSWITCHC4,Mooer Wireless Footswitch Controller,Mooer,Accessories,accessories,No change needed,high
MO-BLADE,Mooer Distortion Pedal,Mooer,Accessories,accessories,No change needed,high
MO-BLUESMOOD,Mooer Blues Drive Pedal,Mooer,Accessories,accessories,No change needed,high
MO-BROWNSOUND,Mooer Evh150 Simulation Pedal,Mooer,Accessories,accessories,No change needed,high
MO-CALIMK3,Mooer Cali Pedal Mesa Mk3,Mooer,Accessories,accessories,No change needed,high
MO-D7DELAYX2,Mooer X2 Series Digital Delay Pedal,Mooer,Accessories,accessories,No change needed,high
MO-E7SYNTH,Mooer E7 Polyphonic Synth Guitar Pedal,Mooer,Guitars and Ukuleles,strings,No change needed,high
MO-ELADY,Mooer Flanger Pedal,Mooer,Accessories,accessories,No change needed,high
MO-ENVELOPE,Mooer Analog Auto Wah Pedal,Mooer,Accessories,accessories,No change needed,high
MO-FPT,Mooer Guitar Picks Thick 1.37Mm 10Pk,Mooer,Guitars and Ukuleles,strings,No change needed,high
MO-FREESTEP,Mooer Wah & Volume Pedal,Mooer,Accessories,accessories,No change needed,high
MO-FTBU,Mooer Footswitch Topper Blue,Mooer,Accessories,accessories,No change needed,high
MO-FTGR,Mooer Footswitch Topper Green,Mooer,Accessories,accessories,No change needed,high
MO-FTJAR,Mooer Footswitch Topper Candy Jat 100Pcs,Mooer,Accessories,accessories,No change needed,high
MO-FTPP,Mooer Footswitch Topper Purple,Mooer,Accessories,accessories,No change needed,high
MO-FTRE,Mooer Footswitch Topper Red,Mooer,Accessories,accessories,No change needed,high
MO-FTRV,Mooer Footswitch Topper Rose Violet,Mooer,Accessories,accessories,No change needed,high
MO-FTYG,Mooer Footswitch Topper Yellow Green,Mooer,Accessories,accessories,No change needed,high
MO-FUNKEYMONKEY,Mooer Digital Auto Wah Pedal,Mooer,Accessories,accessories,No change needed,high
MO-GE100,Mooer Multi Effects Guitar Pedal,Mooer,Guitars and Ukuleles,strings,No change needed,high
MO-GE150,Mooer Ge150 Multi Effects Guitar Pedal,Mooer,Guitars and Ukuleles,strings,No change needed,high
MO-GE250,Mooer Ge250 Multi Effects Guitar Pedal,Mooer,Guitars and Ukuleles,strings,No change needed,high
MO-GE300,Mooer Ge300 Multi Effects Pedal,Mooer,Accessories,accessories,No change needed,high
MO-GREENMILE,Mooer Green Mile Overdrive Pedal,Mooer,Accessories,accessories,No change needed,high
MO-GROOVELOOP,Mooer Drum Machine Looper Pedal,Mooer,Drums and Percussion,drums,No change needed,high
MO-GROOVELOOPX2,Mooer Grooveloop X2 Series,Mooer,Accessories,accessories,No change needed,high
MO-HUSTLEDRIVE,Mooer Distortion Pedal,Mooer,Accessories,accessories,No change needed,high
MO-LEVELINE,Mooer Volume Pedal,Mooer,Accessories,accessories,No change needed,high
MO-LOFIMACHINE,Mooer 3 Mode Decimator Effects Pedal,Mooer,Accessories,accessories,No change needed,high
MO-LOOPERX2,Mooer X2 Looper Pedal,Mooer,Accessories,accessories,No change needed,high
MO-M810,Mooer Gtrs Electric Guitar Blue Busrt,Mooer,Guitars and Ukuleles,strings,No change needed,high
MO-MACROPOWERS1,Mooer 12 Port Power Supply,Mooer,Accessories,accessories,No change needed,high
MO-MACROPOWERS8,Mooer 8 Port Power Supply,Mooer,Accessories,accessories,No change needed,high
MO-MICROABYMKII,Mooer Micro Aby Pedal Mkii,Mooer,Accessories,accessories,No change needed,high
MO-MICRODI,Mooer Direct Input Box,Mooer,Accessories,accessories,No change needed,high
MO-MICRODRUMMER,Mooer Micro Drum Machine Pedal,Mooer,Drums and Percussion,drums,No change needed,high
MO-MICROLOOPER,Mooer Loop Recording Pedal,Mooer,Accessories,accessories,No change needed,high
MO-NOISEKILLER,Mooer Noise Reduction Pedal,Mooer,Accessories,accessories,No change needed,high
MO-P1INTELLIGEN,Mooer P1 Intelligent Pedal Black,Mooer,Accessories,accessories,No change needed,high
MO-P801,Mooer Intelligent Electric Guitar Dark Night,Mooer,Guitars and Ukuleles,strings,No change needed,high
MO-PC-S,Mooer Straight Pedal Connecter Jack Plug,Mooer,Accessories,accessories,No change needed,high
MO-PC-Z,Mooer Z Shape Pedal Connector Jack Plug,Mooer,Accessories,accessories,No change needed,high
MO-PDC-5S,Mooer 5 Straight Multi Dc Power Cable,Mooer,Accessories,accessories,No change needed,high
MO-PDC-8A,Mooer 8 Plug Angled Multi Dc Power Cable,Mooer,Accessories,accessories,No change needed,high
MO-PITCHBOX,Mooer Harmony Shifting Pedal,Mooer,Accessories,accessories,No change needed,high
MO-PITCHSTEP,Mooer Octave Pedal,Mooer,Accessories,accessories,No change needed,high
MO-PREAMPLIVE,Mooer Digital Multi Preamp Pedal,Mooer,Accessories,accessories,No change needed,high
MO-PUREBOOST,Mooer Boost Pedal,Mooer,Accessories,accessories,No change needed,high
MO-PUREOCTAVE,Mooer Multi Mode Clean Octave Pedal,Mooer,Accessories,accessories,No change needed,high
MO-R7REVERBX2,Mooer Reverb Pedal X2 Series,Mooer,Accessories,accessories,No change needed,high
MO-RADAR,Mooer Speaker Cab Simulator Pedal,Mooer,Pro Audio,pro-audio,No change needed,high
MO-RAGEMACHINE,Mooer Metal Distortion Pedal,Mooer,Accessories,accessories,No change needed,high
MO-REECHO,Mooer Digital Delay Pedal,Mooer,Accessories,accessories,No change needed,high
MO-SHIMVERB,Mooer Digital Reverb Pedal,Mooer,Accessories,accessories,No change needed,high
MO-SKYVERB,Mooer Digital Reverb Pedal,Mooer,Accessories,accessories,No change needed,high
MO-SLOWENGINE,Mooer Slow Engine,Mooer,Accessories,accessories,No change needed,high
MO-SOULSHIVER,Mooer Univibe Chorus & Vibrato Pedal,Mooer,Accessories,accessories,No change needed,high
MO-THEWAHTER,Mooer Wah Pedal,Mooer,Accessories,accessories,No change needed,high
MO-TONECAPTURE,Mooer Tone Capture Pedal,Mooer,Accessories,accessories,No change needed,high
MO-TRELICOPTER,Mooer Tremelo Pedal,Mooer,Accessories,accessories,No change needed,high
MO-TRESCAB,Mooer Cab Simulated Pedal,Mooer,Accessories,accessories,No change needed,high
MO-UKGOLD900,Mooer Jcm900 Micro Pedal,Mooer,Accessories,accessories,No change needed,high
MO-UKGOLDPLX,Mooer Marshall Plexi 50 Simulator Pedal,Mooer,Accessories,accessories,No change needed,high
MO-W900,Mooer Headless Electric Guitar Aurora Purple,Mooer,Guitars and Ukuleles,strings,No change needed,high
MO-YELLOWCOMP,Mooer Compressor Pedal,Mooer,Accessories,accessories,No change needed,high
MYCL2011,Mypad Clarinet 11Mm,Mypad,Wind and Brass,wind,No change needed,high
MYCL20115,Mypads Clarinet 115,Mypad,Wind and Brass,wind,No change needed,high
MYCL2012,Mypad Clarinet 12Mm,Mypad,Wind and Brass,wind,No change needed,high
MYCL20125,Mypads Clarinet 12.5,Mypad,Wind and Brass,wind,No change needed,high
MYCL2014,Mypads Clarinet Pads 140,Mypad,Wind and Brass,wind,No change needed,high
MYCL2015,Mypads Clarinet 15.0,Mypad,Wind and Brass,wind,No change needed,high
MYCL20155,Mypad Clarinet Pads 155,Mypad,Wind and Brass,wind,No change needed,high
MYCL2016,Mypad Clarinet 16Mm,Mypad,Wind and Brass,wind,No change needed,high
MYCL20165,Mypad Clarinet 16.5Mm,Mypad,Wind and Brass,wind,No change needed,high
MYCL2017,Mypad Clarinet 17Mm,Mypad,Wind and Brass,wind,No change needed,high
MYCL20175,Mypads Clarinet Pads 17.5,Mypad,Wind and Brass,wind,No change needed,high
MYCL2018,Mypad Clarinet Pad Transparent,Mypad,Wind and Brass,wind,No change needed,high
MYCL20185,Mypads Clarinet Pads 18.5,Mypad,Wind and Brass,wind,No change needed,high
MYCL2019,Mypads Clarinet Pads 190,Mypad,Wind and Brass,wind,No change needed,high
MYCL207,Mypads Clarinet Pads Np 7,Mypad,Wind and Brass,wind,No change needed,high
MYCL2075,Mypad Clarinet Pads 7.5 Dbl,Mypad,Wind and Brass,wind,No change needed,high
MYCL208,Mypads Clarinet Pads No.8,Mypad,Wind and Brass,wind,No change needed,high
MYCL2085,Mypads Clarinet Pads No. 8.5,Mypad,Wind and Brass,wind,No change needed,high
MYCL209,Mypad Clarinet 9Mm,Mypad,Wind and Brass,wind,No change needed,high
MYDP120,Mypad Deluxe Piccolo Set,Mypad,Accessories,accessories,No change needed,high
MYFL4011,Mypad Flute 11Mm,Mypad,Wind and Brass,wind,No change needed,high
MYFL40115,Mypads Flute Pads 115,Mypad,Wind and Brass,wind,No change needed,high
MYFL4012,Mypad Flute 12Mm,Mypad,Wind and Brass,wind,No change needed,high
MYFL4015,Mypad Flute Pad Yellow Bladder 15Mm,Mypad,Wind and Brass,wind,No change needed,high
MYFL4016,Mypads Flute Pad 16Mm,Mypad,Wind and Brass,wind,No change needed,high
MYFL40165,Mypad Flute 16.5Mm,Mypad,Wind and Brass,wind,No change needed,high
MYFL4019,Mypads Flute 19Mm,Mypad,Wind and Brass,wind,No change needed,high
MYFL40195,Mypads Flute Pads No 195,Mypad,Wind and Brass,wind,No change needed,high
MYRT15,Mypad Alto Reed Trimmer,Mypad,Wind and Brass,wind,No change needed,high
MYS100105,Mypads Sax Pad No. 105,Mypad,Wind and Brass,wind,No change needed,high
MYS10011,Mypad Sax Pad,Mypad,Wind and Brass,wind,No change needed,high
MYS10012,Mypad Sax Pad 12Mm,Mypad,Wind and Brass,wind,No change needed,high
MYS100125,Mypad Sax Pad 12.5Mm,Mypad,Wind and Brass,wind,No change needed,high
MYS10013,Mypad Sax Pad 13,Mypad,Wind and Brass,wind,No change needed,high
MYS100135,Mypad Sax Pad 13.5Mm,Mypad,Wind and Brass,wind,No change needed,high
MYS100165,Mypad Sax Pad 16.5Mm,Mypad,Wind and Brass,wind,No change needed,high
MYS1008,Mypad Sax Pad 8Mm,Mypad,Wind and Brass,wind,No change needed,high
MYS10085,Mypad Sax Pads 8.5,Mypad,Wind and Brass,wind,No change needed,high
MYS11011.5,Mypad Sax Pads 11.5Mm,Mypad,Wind and Brass,wind,No change needed,high
MYS110145,Mypad Sax Pad 14.5Mm,Mypad,Wind and Brass,wind,No change needed,high
MYS11015,Mypads Sax Single Pad 15Mm,Mypad,Wind and Brass,wind,No change needed,high
MYS110155,Mypads Sax 15.5Mm,Mypad,Wind and Brass,wind,No change needed,high
MYS11016,Mypad Sax 16Mm,Mypad,Wind and Brass,wind,No change needed,high
MYS11017,Mypad Sax Pads 17Mm,Mypad,Wind and Brass,wind,No change needed,high
MYS110175,Mypad Sax 17.5Mm,Mypad,Wind and Brass,wind,No change needed,high
MYS110195,Mypad Sax Pad 19.5Mm,Mypad,Wind and Brass,wind,No change needed,high
MYS11020,Mypad Sax 20Mm,Mypad,Wind and Brass,wind,No change needed,high
MYS110205,Mypad Sax Pad 20.5Mm,Mypad,Wind and Brass,wind,No change needed,high
MYS11021,Mypad Sax Pad 21Mm,Mypad,Wind and Brass,wind,No change needed,high
MYS11022,Mypad Sax 22Mm,Mypad,Wind and Brass,wind,No change needed,high
MYS110225,Mypad Sax Pad 22.5Mm,Mypad,Wind and Brass,wind,No change needed,high
MYS11024,Mypad  Sax 24Mm,Mypad,Wind and Brass,wind,No change needed,high
MYS110245,Mypads Sax 24.5Mm,Mypad,Wind and Brass,wind,No change needed,high
MYS11026,Mypad Sax 26Mm,Mypad,Wind and Brass,wind,No change needed,high
MYS110265,Mypads Sax 26.5Mm,Mypad,Wind and Brass,wind,No change needed,high
MYS11027,Mypad Sax 27Mm,Mypad,Wind and Brass,wind,No change needed,high
MYS11029,Mypad Sax Pad 29Mm,Mypad,Wind and Brass,wind,No change needed,high
MYS110295,Mypad Sax Pads 29.5Mm,Mypad,Wind and Brass,wind,No change needed,high
MYS110305,Mypad Sax 30.5 Mm,Mypad,Wind and Brass,wind,No change needed,high
MYS110315,Mypad Sax Pads 31.5Mm,Mypad,Wind and Brass,wind,No change needed,high
MYS11032,Mypad Sax 32Mm,Mypad,Wind and Brass,wind,No change needed,high
MYS110325,Mypads Saxophone 32.5Mm,Mypad,Wind and Brass,wind,No change needed,high
MYS11033,Mypad Sax 33Mm,Mypad,Wind and Brass,wind,No change needed,high
MYS110335,Mypad Sax 33.5Mm,Mypad,Wind and Brass,wind,No change needed,high
MYS11035,Mypad Sax Pad 35Mm,Mypad,Wind and Brass,wind,No change needed,high
MYS11036,Mypad Sax 36Mm,Mypad,Wind and Brass,wind,No change needed,high
MYS11037,Mypad Alto Sax 37Mm,Mypad,Wind and Brass,wind,No change needed,high
MYS110375,Mypad Sax Pads 37.5Mm,Mypad,Wind and Brass,wind,No change needed,high
MYS11038,Mypad Sax 38Mm,Mypad,Wind and Brass,wind,No change needed,high
MYS110415,Mypads Sax Pad 41.5Mm,Mypad,Wind and Brass,wind,No change needed,high
MYS11043,Mypad Sax 43Mm,Mypad,Wind and Brass,wind,No change needed,high
MYS110475,Mypad Sax Pads 47.5,Mypad,Wind and Brass,wind,No change needed,high
MYS11048,Mypad Sax 48Mm,Mypad,Wind and Brass,wind,No change needed,high
MYS110485,Mypad Sax Pad 48.5Mm,Mypad,Wind and Brass,wind,No change needed,high
MYS11050,Mypads Sax 50Mm,Mypad,Wind and Brass,wind,No change needed,high
MYS11051,Mypad Sax Pads 51Mm,Mypad,Wind and Brass,wind,No change needed,high
MYS11052,Mypad Sax 52Mm,Mypad,Wind and Brass,wind,No change needed,high
MYS11053,Mypad Sax Pads 53Mm,Mypad,Wind and Brass,wind,No change needed,high
MYS11054,Mypad Sax 54Mm,Mypad,Wind and Brass,wind,No change needed,high
MYS11056,Mypads Sax 56Mm,Mypad,Wind and Brass,wind,No change needed,high
MYS110A-YANA,Mypad Alto Pad Set - Yanagisawa,Mypad,Accessories,accessories,No change needed,high
MYS110AJUP,Mypad Alto Jupiter Set,Mypad,Accessories,accessories,No change needed,high
MYS110SBUN,Mypad Soprano Sax Pad Set - Bundy Style,Mypad,Wind and Brass,wind,No change needed,high
MYS110SJUP,Mypad Soprano Sax Pad Set - Jupiter,Mypad,Wind and Brass,wind,No change needed,high
MYS110SSEL,Mypad Soprano Sax Pad Set Selmer,Mypad,Wind and Brass,wind,No change needed,high
MYS110SYANA,Mypads Soprano Sax - Yanagisawa,Mypad,Wind and Brass,wind,No change needed,high
MYS110TCONN,Mypad Tenor Sax Pad Set Conn Selmer,Mypad,Wind and Brass,wind,No change needed,high
MYS110TJUP,Mypads Tenor Pad Set (Jupiter),Mypad,Accessories,accessories,No change needed,high
MYS110TSEL,Mypads Tenor Sax  Pad Set Selmer,Mypad,Wind and Brass,wind,No change needed,high
MYSPS-FL,Mypad Flute Springs,Mypad,Wind and Brass,wind,No change needed,high
NUONAS4,Nuova Alto Sax Eb Laquer With Case,Nuova,Wind and Brass,wind,No change needed,high
NUONTR4,Nuova Bb Trumpet Laquer With Case,Nuova,Wind and Brass,wind,No change needed,high
OMCALMBLACK,Omete Calm Series Cymbal Set Black,Omete,Drums and Percussion,drums,No change needed,high
OMCALMBLUE,Omete Calm Series Cymbal Set Blue,Omete,Drums and Percussion,drums,No change needed,high
OMCALMCOLOUR,Omete Calm Series Cymbal Set Colours,Omete,Drums and Percussion,drums,No change needed,high
OMCALMGOLD,Omete Calm Series Cymbal Set Gold,Omete,Drums and Percussion,drums,No change needed,high
OMCALMRED,Omete Calm Series Cymbal Set Red,Omete,Drums and Percussion,drums,No change needed,high
OMCALMSILVER,Omete Calm Series Cymbal Set Silver,Omete,Drums and Percussion,drums,No change needed,high
OP1112,Optech Pucker Pouch Small Black,Optech,Accessories,accessories,No change needed,high
OP1901162,Optech Regular Sax Swivel Strap Black,Optech,Wind and Brass,wind,No change needed,high
OP1901172,Optech Regular Swivel Sax Strap Xl Black,Optech,Wind and Brass,wind,No change needed,high
OP1902162,Optech Regular Swivel Sax Strap Red,Optech,Wind and Brass,wind,No change needed,high
OP1903162,Optech Regular Swivel Sax Strap Navy,Optech,Wind and Brass,wind,No change needed,high
OP1904162,Optech Regular Swivel Sax Strap Royal Hc,Optech,Wind and Brass,wind,No change needed,high
OP1906162,Optech Sax Strap Regular Swivel Wine Red,Optech,Wind and Brass,wind,No change needed,high
OP2001152,Optech Classic Strap Junior Swivel Black,Optech,Accessories,accessories,No change needed,high
OP2001162,Optech Classic Sax Strap Regular Black,Optech,Wind and Brass,wind,No change needed,high
OP2201182,Optech Tux Strap Junior Black,Optech,Accessories,accessories,No change needed,high
OP2201232,Optech Tux Strap Xl Black,Optech,Accessories,accessories,No change needed,high
OP2301192,Optech Ceo Comfort Strap Black,Optech,Accessories,accessories,No change needed,high
OP2601162,Optech Super Harnass Reg. Swivel Black,Optech,Accessories,accessories,No change needed,high
OP5001342,Optech Banjo Adaptor Loop,Optech,Guitars and Ukuleles,strings,No change needed,high
OP5001432,Optech Trombone Guard Black,Optech,Wind and Brass,wind,No change needed,high
OP5101222,Optech Sousaphone Shoulder Pad,Optech,Accessories,accessories,No change needed,high
OP5101232,Optech Sousaphone Cradle Pad,Optech,Accessories,accessories,No change needed,high
OP5131001,Optech Trombone Grip,Optech,Wind and Brass,wind,No change needed,high
OP5401152,Optech Tuba Harness Junior Black,Optech,Accessories,accessories,No change needed,high
OP5401172,Optech Pad It Tuba Harness Reg,Optech,Accessories,accessories,No change needed,high
OP8401192,Optech Wick To Sax Reg. Metal Black,Optech,Wind and Brass,wind,No change needed,high
OR30HV2,Orange Or30 Guitar Amp,Orange,Guitars and Ukuleles,strings,No change needed,high
ORBASSBUTLER,Orange Bass Butler Bi-Amp Preamp Pedal,Orange,Accessories,accessories,No change needed,high
ORCA034,Orange Crush Cable 10Ft Straight Jack,Orange,Accessories,accessories,No change needed,high
ORCA035,Orange Crush Instr Cable 10 Ft Angled,Orange,Accessories,accessories,No change needed,high
ORCA036,Orange Crush Instr Cable 20Ft Straight,Orange,Accessories,accessories,No change needed,high
ORCA037,Orange Crush Instr Cable 20Ft Angled,Orange,Accessories,accessories,No change needed,high
ORCAJSSTSPOR3,Orange Speaker Cable Jack-Speakon 30Ft.,Orange,Pro Audio,pro-audio,No change needed,high
ORCASSSPOR3,Orange Speaker Cable Speakon 3Ft.,Orange,Pro Audio,pro-audio,No change needed,high
ORCRUSH12,Orange Crush 12Watt Guitar Amp Combo,Orange,Guitars and Ukuleles,strings,No change needed,high
ORCRUSH20,Orange Crush 20Watt Guitar Amp Combo,Orange,Guitars and Ukuleles,strings,No change needed,high
ORCRUSH20RT,Orange Crush 20W Guitar Amp Combo With Reve,Orange,Guitars and Ukuleles,strings,No change needed,high
ORCRUSH20RTORI,Orange 20Watt Amp White With Black Grill,Orange,Accessories,accessories,No change needed,high
ORCRUSH35RT,Orange Crush 35W Guitar Amp Combo With Reve,Orange,Guitars and Ukuleles,strings,No change needed,high
ORCRUSHACOUST30,Orange 30Watt Crush Acoustic Guitar Amp,Orange,Guitars and Ukuleles,strings,No change needed,high
ORCRUSHMINI,Orange 3Watt Crush Mini Amp,Orange,Accessories,accessories,No change needed,high
ORFSMINI,Orange Mini Single Footswitch,Orange,Accessories,accessories,No change needed,high
ORMT,Orange Micro Terror 20Watt Amp Head,Orange,Accessories,accessories,No change needed,high
ORPPC108,Orange Micro Terror 1X8 Cab,Orange,Accessories,accessories,No change needed,high
DWPDAX2014,Pdp Felts For Hihat Clutch 4Pack,PDP,Drums and Percussion,drums,No change needed,high
DWPDAX379A,Pdp Hi Hat Clutch,PDP,Accessories,drums,"Brand ""PDP"" makes drum/percussion products only",high
DWPDAX801,Pdp Drum Key,PDP,Drums and Percussion,drums,No change needed,high
DWPDAX9212,Pdp Closed Hh Mount With Mg3 & Long Arm,PDP,Accessories,drums,"Brand ""PDP"" makes drum/percussion products only",high
DWPDAXCFKIT,Pdp Cymbal Felt & Seat Kit 6Pce,PDP,Drums and Percussion,drums,No change needed,high
DWPDAXRES10,Pdp Receiver Zinc 12-24 10Pk,PDP,Accessories,drums,"Brand ""PDP"" makes drum/percussion products only",high
DWPDAXRETP10,Pdp Reciever Zinc True Pitch 10Pk,PDP,Accessories,drums,"Brand ""PDP"" makes drum/percussion products only",high
DWPDAXTRTP11008,Pdp Tension Rods Tru Pitch Cr 110Mm 8Pk,PDP,Accessories,drums,"Brand ""PDP"" makes drum/percussion products only",high
DWPDAXTRTP4208,Pdp Tension Rods Cr Tru Pitch 42Mm 8Pk,PDP,Accessories,drums,"Brand ""PDP"" makes drum/percussion products only",high
DWPDAXTRTP5008,Pdp Tension Rods Cr Tru Pitch 50Mm 8Pk,PDP,Accessories,drums,"Brand ""PDP"" makes drum/percussion products only",high
DWPDAXTRTP5508,Pdp Tension Rods Cr Tru Pitch 55Mm 8Pk,PDP,Accessories,drums,"Brand ""PDP"" makes drum/percussion products only",high
DWPDCE2215KTRR,Pdp Centerstage With Hardware Cym Ruby,PDP,Accessories,drums,"Brand ""PDP"" makes drum/percussion products only",high
DWPDCE2215KTSS,Pdp Centerstage 5Pcs Kit Silver,PDP,Accessories,drums,"Brand ""PDP"" makes drum/percussion products only",high
DWPDCM2217PW,Pdp Concept 7Pce Maple Pearlecent White,PDP,Accessories,drums,"Brand ""PDP"" makes drum/percussion products only",high
DWPDCM2217SCB,Pdp Concept 7Pce Maple Satin Charcoal Br,PDP,Accessories,drums,"Brand ""PDP"" makes drum/percussion products only",high
DWPDCM2217SF,Pdp Concept 7Pce Maple Satin Seafoam,PDP,Accessories,drums,"Brand ""PDP"" makes drum/percussion products only",high
DWPDCM2217SO,Pdp Concept Maple 7Pce  Satin Olive,PDP,Accessories,drums,"Brand ""PDP"" makes drum/percussion products only",high
DWPDCM2217TI,Pdp Concept Maple 7Pce Twisted Ivory,PDP,Accessories,drums,"Brand ""PDP"" makes drum/percussion products only",high
DWPDHW815,Pdp 800 Series Hardware Pack,PDP,Accessories,drums,"Brand ""PDP"" makes drum/percussion products only",high
DWPDHWC15,Pdp Conept Hardware Pack 5Pce,PDP,Accessories,drums,"Brand ""PDP"" makes drum/percussion products only",high
DWPDMA2215KTBS,Pdp Mainstage 5Pce Black Spark Hw+ Paist,PDP,Accessories,drums,"Brand ""PDP"" makes drum/percussion products only",high
DWPDSN6514NAWH,Pdp Thick Snare 6.5X14 Wood Hoop Maple,PDP,Drums and Percussion,drums,No change needed,high
EK-BS402,Quik Lok Studio Monitor Stand Adjstable,Quiklok,Pro Audio,pro-audio,No change needed,high
EK-GS4498,Quik Lok Guitar Wall Hanger With Yoke Lok,Quiklok,Guitars and Ukuleles,strings,No change needed,high
EK-GS508,Quik Lok Universal Guitar Stand Locking,Quiklok,Guitars and Ukuleles,strings,No change needed,high
EK-MP892,Quik Lok Microphone Clip Rubber,Quiklok,Pro Audio,pro-audio,No change needed,high
EK-MP900,Quik Lok Adjustable Dual Microphone Holder,Quiklok,Pro Audio,pro-audio,No change needed,high
EK-MS330,Quik Lok Music Stand And Bag,Quiklok,Accessories,accessories,No change needed,high
EK-PS25,Quik Lok Sustain Pedal,Quiklok,Accessories,accessories,No change needed,high
EK-S213,Quik Lok Speaker Stand Extension Tube,Quiklok,Pro Audio,pro-audio,No change needed,high
EK-SSAT10,Quik Lok Alto-Tenor Sax Tall Stand,Quiklok,Wind and Brass,wind,No change needed,high
EK-STB1,Quik Lok Trombone Stand,Quiklok,Wind and Brass,wind,No change needed,high
EK-WI994,Quik Lok Trumpet/Cornet Stand,Quiklok,Wind and Brass,wind,No change needed,high
EK-Z2,Quik Lok Adj. Keyboard Second Tier,Quiklok,Keyboards,keyboards,No change needed,high
EK-Z612,Quik Lok 12U Rack Stand Cherry Wood,Quiklok,Accessories,accessories,No change needed,high
GCSHMICBAG04,Gator Shure 4 Microphone Bag,SHURE,Pro Audio,pro-audio,No change needed,high
GCSHMICBAG12,Gator Shure 12 Microphone Bag,SHURE,Pro Audio,pro-audio,No change needed,high
GCSHRBMICSTAND1,Gator Shure Round Base Microphone Stand,SHURE,Pro Audio,pro-audio,No change needed,high
GCSHSTANDBAG,Gator Shure 3 Microphone Stand 5 Microphone Bag,SHURE,Pro Audio,pro-audio,No change needed,high
GCSHTRIPODSTAND,Gator Shure Telescopic Tripod Microphone Stand,SHURE,Pro Audio,pro-audio,No change needed,high
GCSHWRLSCARRYBA,Gator Shure  2 Wireless Microphone Bag,SHURE,Pro Audio,pro-audio,No change needed,high
GCSHWSYSBAG,Gator Shure Wireless Microphone Bag,SHURE,Pro Audio,pro-audio,No change needed,high
SA-22187XB,Sabian 11  Aax Xplosion Splash,Sabian,Accessories,drums,"Brand ""Sabian"" makes drum/percussion products only",high
SA-42012X,Sabian 20 B8X Ride Cymbal,Sabian,Drums and Percussion,drums,No change needed,high
SA-45003XG,Sabian B8X Perf Set Plus With Free 18  Cras,Sabian,Accessories,drums,"Brand ""Sabian"" makes drum/percussion products only",high
SA-61008,Sabian Standard Cymbal Bag 22,Sabian,Drums and Percussion,drums,No change needed,high
SA-61010-12,Sabian Rivets 12 Pack,Sabian,Accessories,drums,"Brand ""Sabian"" makes drum/percussion products only",high
SA-61011,Sabian Drum Key,Sabian,Drums and Percussion,drums,No change needed,high
SA-61015PR,Sabian Nylon Cymbal Straps,Sabian,Drums and Percussion,drums,No change needed,high
SA-61142,Sabian Standard Stick Bag,Sabian,Accessories,drums,"Brand ""Sabian"" makes drum/percussion products only",high
SA-61143,Sabian Premium Xl Stick Bag,Sabian,Accessories,drums,"Brand ""Sabian"" makes drum/percussion products only",high
SA-61144,Sabian Econo Stick Bag,Sabian,Accessories,drums,"Brand ""Sabian"" makes drum/percussion products only",high
SA-CCHM,Sabian Camber Chime Mount,Sabian,Accessories,drums,"Brand ""Sabian"" makes drum/percussion products only",high
SA-CRISISKIT,Sabian Crisis Kit,Sabian,Accessories,drums,"Brand ""Sabian"" makes drum/percussion products only",high
SA-CSTK242,Sabian Camber Tilt Stacker,Sabian,Accessories,drums,"Brand ""Sabian"" makes drum/percussion products only",high
SA-CTLH,Sabian Camber Triangle L-Holder,Sabian,Accessories,drums,"Brand ""Sabian"" makes drum/percussion products only",high
SA-EXS1BG,Sabian Express Stick Bag,Sabian,Accessories,drums,"Brand ""Sabian"" makes drum/percussion products only",high
SA-FELTPACK,Sabian Felt Pack,Sabian,Accessories,drums,"Brand ""Sabian"" makes drum/percussion products only",high
SA-HC-14,Sabian Hc-14 14 Hoop Crasher,Sabian,Accessories,drums,"Brand ""Sabian"" makes drum/percussion products only",high
SA-LOGOREPAIR,Sabian Logo Repair Kit,Sabian,Accessories,drums,"Brand ""Sabian"" makes drum/percussion products only",high
SA-MAXP,Sabian Max Protect 22  Cymbal Case,Sabian,Drums and Percussion,drums,No change needed,high
SA-S12CS,Sabian Stratus Cirro Stax,Sabian,Accessories,drums,"Brand ""Sabian"" makes drum/percussion products only",high
SA-S1402,Sabian 14  Stratus Hihats,Sabian,Drums and Percussion,drums,No change needed,high
SA-S1502,Sabian 15  Stratus Crash,Sabian,Accessories,drums,"Brand ""Sabian"" makes drum/percussion products only",high
SA-S1806,Sabian 18  Stratus Crash,Sabian,Accessories,drums,"Brand ""Sabian"" makes drum/percussion products only",high
SA-S18ZE,Sabian 18  Stratus Zero Crash,Sabian,Accessories,drums,"Brand ""Sabian"" makes drum/percussion products only",high
SA-S1906,Sabian 19  Stratus Crash,Sabian,Accessories,drums,"Brand ""Sabian"" makes drum/percussion products only",high
SA-S2006,Sabian 20  Stratus Crash,Sabian,Accessories,drums,"Brand ""Sabian"" makes drum/percussion products only",high
SA-S20ZE,Sabian 20  Stratus Zero,Sabian,Accessories,drums,"Brand ""Sabian"" makes drum/percussion products only",high
SA-SBR1005,Sabian Sbr 10 Splash,Sabian,Accessories,drums,"Brand ""Sabian"" makes drum/percussion products only",high
SA-SBR1402,Sabian Sbr 14 Hihats,Sabian,Drums and Percussion,drums,No change needed,high
SA-SBR1422,Sabian 14 Sbr Band,Sabian,Accessories,drums,"Brand ""Sabian"" makes drum/percussion products only",high
SA-SBR1606,Sabian Sbr 16 Crash,Sabian,Accessories,drums,"Brand ""Sabian"" makes drum/percussion products only",high
SA-SBR1616,Sabian Sbr 16  China,Sabian,Accessories,drums,"Brand ""Sabian"" makes drum/percussion products only",high
SA-SBR2012,Sabian Sbr 20 Ride,Sabian,Accessories,drums,"Brand ""Sabian"" makes drum/percussion products only",high
SA-SBR5001,Sabian Sbr First Pack 13  Hats 16  Crash,Sabian,Accessories,drums,"Brand ""Sabian"" makes drum/percussion products only",high
SA-SBR5002,Sabian Sbr Two Pack 14  Hats 18  Crash,Sabian,Accessories,drums,"Brand ""Sabian"" makes drum/percussion products only",high
SA-SBR5003,Sabian Sbr 14 Hats 16 Crash 20 Ride Set,Sabian,Accessories,drums,"Brand ""Sabian"" makes drum/percussion products only",high
SA-SBR50071,Sabian Sbr Super Cymbal Set,Sabian,Drums and Percussion,drums,No change needed,high
SA-SSB360,Sabian 360 Stick Bag,Sabian,Accessories,drums,"Brand ""Sabian"" makes drum/percussion products only",high
SA-SSF11,Sabian Flip Stick Bag,Sabian,Accessories,drums,"Brand ""Sabian"" makes drum/percussion products only",high
SNR-AG16-1W,Sandner Dreadnaught Guitar Natural,Sandner,Guitars and Ukuleles,strings,No change needed,high
SNR-CS12,Sandner Cello String Set 1/2,Sandner,Strings,strings,No change needed,high
SNR-CS14,Sandner Cello String Set 1/4,Sandner,Strings,strings,No change needed,high
SNR-CS34,Sandner Cello String Set 3/4,Sandner,Strings,strings,No change needed,high
SNR-CVS12,Sandner Concert 1/2 -1/4 Violin Strings,Sandner,Strings,strings,No change needed,high
SNR-CVS44,Sandner Concert 4/4 Violin String Set,Sandner,Strings,strings,No change needed,high
SNR-ROSIN5,Sandner Violin Rosin #5,Sandner,Strings,strings,No change needed,high
SNR-RS120,Sandner Rs120 Upright Piano Black Satin,Sandner,Keyboards,keyboards,No change needed,high
SNR-VS14,Sandner Violin String Set 1/4,Sandner,Strings,strings,No change needed,high
SNR-VS44,Sandner Violin String Set 4/4,Sandner,Strings,strings,No change needed,high
SNR300A,Sandner Violin 4/4 Outfit,Sandner,Strings,strings,No change needed,high
SNR300D,Sandner Violin 1/4 Outfit,Sandner,Strings,strings,No change needed,high
SNR301A,Sandner 4/4 Violin Outfit,Sandner,Strings,strings,No change needed,high
SNR301D,Sandner 1/4 Violin Outfit,Sandner,Strings,strings,No change needed,high
SNRB11A,Sandner Violin Bow B11,Sandner,Strings,strings,No change needed,high
SNRB25-B,Sandner Cello Bow 3/4,Sandner,Strings,strings,No change needed,high
SNRB25-D,Sandner Cello Bow 1/4,Sandner,Strings,strings,No change needed,high
SNRB25A,Sandner B25 Cello Bow 4/4,Sandner,Strings,strings,No change needed,high
SNRB27,Sandner Bow Cello B27 4/4,Sandner,Strings,strings,No change needed,high
SNRB5A,Sandner Bow Vln B5 4/4,Sandner,Strings,strings,No change needed,high
SNRB5B,Sandner Violin Bow B5 3/4,Sandner,Strings,strings,No change needed,high
SNRB5C,Sandner Violin Bow B5 1/2,Sandner,Strings,strings,No change needed,high
SNRB7,Sandner 4/4 Violin Bow,Sandner,Strings,strings,No change needed,high
SNRB75F,Sandner D/Bass Bow 4/4 French Style,Sandner,Strings,strings,No change needed,high
SNRCC6,Sandner Concert 4/4 Cello Outfit + Bag,Sandner,Strings,strings,No change needed,high
SNRSA108C,Sandner 1/2 Violin Case Shaped,Sandner,Strings,strings,No change needed,high
SNRSA208,Sandner 4/4 Violin Case,Sandner,Strings,strings,No change needed,high
SNRSA260,Sandner 4/4 Violin Case,Sandner,Strings,strings,No change needed,high
SNRSA260V,Sandner 16  Viola Case,Sandner,Strings,strings,No change needed,high
SNRSB57,Sandner 4/4 Cello Bag,Sandner,Strings,strings,No change needed,high
SNRSPB-32B,Sandner Piano Bench Adjustable Black,Sandner,Keyboards,keyboards,No change needed,high
SNRSPB-32M,Sandner Piano Bench Mahogany,Sandner,Keyboards,keyboards,No change needed,high
SNRSPB-32RW,Sandner Adjustable Piano Bench Rosewood,Sandner,Keyboards,keyboards,No change needed,high
SNRSPB-32W,Sandner Piano Bench Wallnut Matt,Sandner,Keyboards,keyboards,No change needed,high
SNRSRL,Sandner Violin Shoulder Rest Large 4/4 - 3-4,Sandner,Strings,strings,No change needed,high
SNRSRM,Sandner Violin Shoulder Rest Medium 1/2 - 3/4,Sandner,Strings,strings,No change needed,high
SNRSRS,Sandner Violin Shoulder Rest Small 1/8 - 1/4,Sandner,Strings,strings,No change needed,high
SUN-B-BIRDC,Santa Fe B-Bird Capo Chrome,Santa Fe,Accessories,accessories,No change needed,high
SUN-CC-500M,Santa Fe Classic Wood Case Flat Top,Santa Fe,Accessories,accessories,No change needed,high
SUN-CG1001/2-PK,Santa Fe 1/2 Classic Guitar Pink,Santa Fe,Guitars and Ukuleles,strings,No change needed,high
SUN-LEMONOIL,Santa Fe Guitar Lemon Oil Bottle,Santa Fe,Guitars and Ukuleles,strings,No change needed,high
SUN-POLISH,Santa Fe Guitar Polish Bottle,Santa Fe,Guitars and Ukuleles,strings,No change needed,high
SUN-STRINGCLEAN,Santa Fe Guitar String & Fret Cleaner,Santa Fe,Guitars and Ukuleles,strings,No change needed,high
MUDPS-C033,Tornado Double Sax Stand,Santa Fe,Wind and Brass,wind,No change needed,high
MUDPS-C050,Tornado Baritone Sax Stand,Santa Fe,Wind and Brass,wind,No change needed,high
MUSDST0601,Tornado Steel Snappy Snare Strainer,Santa Fe,Drums and Percussion,drums,No change needed,high
SUN-07WD034,Santa Fe Baritone Horn Mouthpiece,Santa Fe,Wind and Brass,wind,No change needed,high
SUN-101K,Santa Fe Orchestral Stand Black,Santa Fe,Accessories,accessories,No change needed,high
SUN-11ML006,Santa Fe Melodica 37 Keys,Santa Fe,Accessories,accessories,No change needed,high
SUN-6PAD,Santa Fe 6  Drum Mute Pad,Santa Fe,Drums and Percussion,drums,No change needed,high
SUN-A100034,Santa Fe 3/4 Double Bass String Set,Santa Fe,Strings,strings,No change needed,high
SUN-A80312,Santa Fe 1/2 Cello String Set,Santa Fe,Strings,strings,No change needed,high
SUN-B-BIRDC,Santa Fe B-Bird Capo Chrome,Santa Fe,Accessories,accessories,No change needed,high
SUN-CC-500M,Santa Fe Classic Wood Case Flat Top,Santa Fe,Accessories,accessories,No change needed,high
SUN-CG1001/2-PK,Santa Fe 1/2 Classic Guitar Pink,Santa Fe,Guitars and Ukuleles,strings,No change needed,high
SUN-EBOTCAP,Santa Fe Euphonium Bottom Cap,Santa Fe,Drums and Percussion,drums,No change needed,high
SUN-HM10A,Santa Fe 10 Key Harmonica A,Santa Fe,Accessories,accessories,No change needed,high
SUN-HM10D,Santa Fe 10 Key Harmonica D,Santa Fe,Accessories,accessories,No change needed,high
SUN-HM10G,Santa Fe 10 Key Harmonica G,Santa Fe,Accessories,accessories,No change needed,high
SUN-HM24A,Santa Fe 24 Key Harmonica A,Santa Fe,Accessories,accessories,No change needed,high
SUN-HM24C,Santa Fe 24 Key Harmonica C,Santa Fe,Accessories,accessories,No change needed,high
SUN-HM24G,Santa Fe 24 Key Harmonica G,Santa Fe,Accessories,accessories,No change needed,high
SUN-LEMONOIL,Santa Fe Guitar Lemon Oil Bottle,Santa Fe,Guitars and Ukuleles,strings,No change needed,high
SUN-MTMA,Santa Fe Metal Tenor Sax Mouthpiece Gold,Santa Fe,Wind and Brass,wind,No change needed,high
SUN-POLISH,Santa Fe Guitar Polish Bottle,Santa Fe,Guitars and Ukuleles,strings,No change needed,high
SUN-PTBMPBK,Santa Fe Plastic Trombone Mouthpiece Black,Santa Fe,Wind and Brass,wind,No change needed,high
SUN-PTBMPWH,Santa Fe Plastic Trombone Mouthpiece White,Santa Fe,Wind and Brass,wind,No change needed,high
SUN-PTRBLUE,Santa Fe Zo Plastic Trumpet Blue,Santa Fe,Wind and Brass,wind,No change needed,high
SUN-PTRMPBK,Santa Fe Plastic Trumpet Mouthpiece Black,Santa Fe,Wind and Brass,wind,No change needed,high
SUN-PTRMPWH,Santa Fe Plastic Trumpet Mouthpiece White,Santa Fe,Wind and Brass,wind,No change needed,high
SUN-PTRRED,Santa Fe Plastic Trumpet Red,Santa Fe,Wind and Brass,wind,No change needed,high
SUN-SAX-ALH,Santa Fe Eb Alto Saxophone - Laq,Santa Fe,Wind and Brass,wind,No change needed,high
SUN-SPONGE,Santa Fe Studio Insulation Foam,Santa Fe,Accessories,accessories,No change needed,high
SUN-STRINGCLEAN,Santa Fe Guitar String & Fret Cleaner,Santa Fe,Guitars and Ukuleles,strings,No change needed,high
SUN112-13L,Santa Fe Alto/Tenor Horn Bb - Laq,Santa Fe,Accessories,accessories,No change needed,high
SU-D107B,Superlux Compact Vocal Microphone,Superlux,Accessories,accessories,No change needed,high
SU-D112,Superlux Omni Directional Harmonica Microphone,Superlux,Accessories,accessories,No change needed,high
SU-DMC03,Superlux Drum Microphone Clip,Superlux,Drums and Percussion,drums,No change needed,high
SU-DRKA5C2,Superlux 7Pce Drum Microphone Set,Superlux,Drums and Percussion,drums,No change needed,high
SU-E102,Superlux Instrument Microphone,Superlux,Pro Audio,pro-audio,No change needed,high
SU-E205,Superlux Studio Condensor Microphone Black,Superlux,Pro Audio,pro-audio,No change needed,high
SU-E205U,Superlux Studio Condenser Microphone Silver Usb,Superlux,Pro Audio,pro-audio,No change needed,high
SU-ECO88S,Superlux Dynamic Microphone Sonato 6Pcs,Superlux,Pro Audio,pro-audio,No change needed,high
SU-FS6,Superlux Snare Drum Microphone,Superlux,Drums and Percussion,drums,No change needed,high
SU-HA1D,Superlux In Ear Headphone Amp,Superlux,Pro Audio,pro-audio,No change needed,high
SU-HD662,Superlux  Studio Headphones,Superlux,Pro Audio,pro-audio,No change needed,high
SU-HD662B,Superlux Studio Headphones,Superlux,Pro Audio,pro-audio,No change needed,high
SU-HD662EVOBK,Superlux Closed Back Studio Headphones,Superlux,Pro Audio,pro-audio,No change needed,high
SU-HD662EVOWHT,Superlux Studio Headphones White,Superlux,Pro Audio,pro-audio,No change needed,high
SU-HD667,Superlux Professional Drummers Headphones,Superlux,Drums and Percussion,drums,No change needed,high
SU-HD668B,Superlux Open Studio Headphones Black,Superlux,Pro Audio,pro-audio,No change needed,high
SU-HD669,Superlux Professional Studio Headphones,Superlux,Pro Audio,pro-audio,No change needed,high
SU-HD681,Superlux Studio Headphones,Superlux,Pro Audio,pro-audio,No change needed,high
SU-HD681EVO,Superlux Evo Studio Headphones Black,Superlux,Pro Audio,pro-audio,No change needed,high
SU-HD681EVOWHT,Superlux Studio Headphones White,Superlux,Pro Audio,pro-audio,No change needed,high
SU-HM12A,Superlux Drum Microphone Clamp,Superlux,Drums and Percussion,drums,No change needed,high
SU-HM25,Superlux Drum Microphone Clamp,Superlux,Drums and Percussion,drums,No change needed,high
SU-HM56,Superlux Shockmount For E205 E205U,Superlux,Accessories,accessories,No change needed,high
SU-HM58B,Superlux Studio Broadcast Microphone Boom Arm,Superlux,Pro Audio,pro-audio,No change needed,high
SU-PRA218B,Superlux Bass Drum Microphone,Superlux,Drums and Percussion,drums,No change needed,high
SU-PRO268B,Superlux Overhead Condensor Microphone,Superlux,Accessories,accessories,No change needed,high
SU-S40BK,Superlux Microphone Windshield Black,Superlux,Pro Audio,pro-audio,No change needed,high
SU-TM58,Superlux Tm58 Dynamic Microphone Black,Superlux,Pro Audio,pro-audio,No change needed,high
SU-TM58S,Superlux Tm58S Microphone With Switch,Superlux,Pro Audio,pro-audio,No change needed,high
TE-BMH1530GDR4,Sx Doctor Parts Bass Guitar M/Heads Gold Ri,SX Doctor Parts,Guitars and Ukuleles,strings,No change needed,high
TE-CMH0350/GD,Sx Dr Parts Classic M/Head Gold - Oval,SX Doctor Parts,Accessories,accessories,No change needed,high
TE-CMH0351/GD,Sx Dr Parts Classic M/Head Gold - Star,SX Doctor Parts,Accessories,accessories,No change needed,high
TE-DR0701/BK,Sx Dr Parts Bass Drum Ring Pair,SX Doctor Parts,Drums and Percussion,drums,No change needed,high
TE-EE3VS,Sx Les Paul Electric Guitar Vintage Sunburst,SX Doctor Parts,Guitars and Ukuleles,strings,No change needed,high
TE-EH3/GD,Sx Les Paul Eletric Guitar Gold Top,SX Doctor Parts,Guitars and Ukuleles,strings,No change needed,high
TE-EH3DCS,Sx Les Paul Electric Guitar Cherry S/Burst,SX Doctor Parts,Guitars and Ukuleles,strings,No change needed,high
TE-EH3DDS,Sx Les Paul Electric Guitar Desert Burst,SX Doctor Parts,Guitars and Ukuleles,strings,No change needed,high
TE-EMH7004CRRL,Sx Dr Parts Electric Guitar M/Heads Chrome R/L,SX Doctor Parts,Guitars and Ukuleles,strings,No change needed,high
TE-FST/ADLER/3T,Sx Strat Electric Guitar 3Ts,SX Doctor Parts,Guitars and Ukuleles,strings,No change needed,high
TE-FST/ADLER/NA,Sx Strat Electric Guitar Adler Natural,SX Doctor Parts,Guitars and Ukuleles,strings,No change needed,high
TE-SBM2/PT,Sx 4Str Electric Bass Guitar Twilight Pink,SX Doctor Parts,Guitars and Ukuleles,strings,No change needed,high
TE-SE3-SK/BK,Sx Les Paul Electric Guitar Black + Bag,SX Doctor Parts,Guitars and Ukuleles,strings,No change needed,high
TE-SE3-SK/VS,Sx Les Paul Electric Guitar  Vsb + Bag,SX Doctor Parts,Guitars and Ukuleles,strings,No change needed,high
TE-SEM2/BF,Sx Tele Electric Guitar Burning Fire + Bag,SX Doctor Parts,Guitars and Ukuleles,strings,No change needed,high
TE-SJB75/3TS,Sx Jazz Bass 4Str 3Ts,SX Doctor Parts,Accessories,accessories,No change needed,high
TE-SPB62/3TS,Sx 4Str Precision Bass Guitar 3Ts,SX Doctor Parts,Guitars and Ukuleles,strings,No change needed,high
TE-SPB62/5LH/3T,Sx 5Str Precision Bass Guitar L/Hand 3Ts,SX Doctor Parts,Guitars and Ukuleles,strings,No change needed,high
TE-SPB62/LH/BK,Sx 4Str Precision Bass Guitar L/Hand Black,SX Doctor Parts,Guitars and Ukuleles,strings,No change needed,high
TE-SST/ALDER/3T,Sx Strat Electric Guitar Alder 3Ts,SX Doctor Parts,Guitars and Ukuleles,strings,No change needed,high
TE-SST/ALDER/NA,Sx Strat Electric Guitar Alder Natural,SX Doctor Parts,Guitars and Ukuleles,strings,No change needed,high
TE-SST/ALDERH3T,Sx Strat Electric Guitar Alder H/Body 3Ts,SX Doctor Parts,Guitars and Ukuleles,strings,No change needed,high
TE-SST/ALDERHNA,Sx Strat Electric Guitar Alder H/Body Natural,SX Doctor Parts,Guitars and Ukuleles,strings,No change needed,high
TE-SST/ALDERHVW,Sx Strat Electric Guitar Alder H/Body V/White,SX Doctor Parts,Guitars and Ukuleles,strings,No change needed,high
TE-SST/ASH/H/NA,Sx Strat Electric Guitar Ash H/Body Natural,SX Doctor Parts,Guitars and Ukuleles,strings,No change needed,high
TE-SST/ASH/H3TS,Sx Strat Electric Guitar Ash H/Body 3Ts,SX Doctor Parts,Guitars and Ukuleles,strings,No change needed,high
TE-SST/ASH/NA,Sx Strat Electric Guitar Ash Natural,SX Doctor Parts,Guitars and Ukuleles,strings,No change needed,high
TE-SST/ASH/TBU,Sx Strat Electric Guitar Ash Trans Blue,SX Doctor Parts,Guitars and Ukuleles,strings,No change needed,high
TE-STBODY,Sx Strat Body,SX Doctor Parts,Accessories,accessories,No change needed,high
TE-STL/ALDER/NA,Sx Tele Electric Guitar Alder Natural,SX Doctor Parts,Guitars and Ukuleles,strings,No change needed,high
TE-STL/ALDER3TS,Sx Tele Electric Guitar Alder 3Ts,SX Doctor Parts,Guitars and Ukuleles,strings,No change needed,high
TE-STL/ASH/NA,Sx Tele Electric Guitar Ash Body Natural,SX Doctor Parts,Guitars and Ukuleles,strings,No change needed,high
TE-STL/H/3TS,Sx Tele Electric Guitar H/Body 3Ts,SX Doctor Parts,Guitars and Ukuleles,strings,No change needed,high
TE-STL/H/NA,Sx Tele Electric Guitar H/Body Natural,SX Doctor Parts,Guitars and Ukuleles,strings,No change needed,high
TE-STNECK/M,Sx Start Neck Maple Fingerboeard,SX Doctor Parts,Accessories,accessories,No change needed,high
TE-SZPB350FBK,Sx Pedal Board 35X15X4 With Bag,SX Doctor Parts,Accessories,accessories,No change needed,high
TE-SZPB450BK,Sx Pedal Board 45X31X9 With Bag,SX Doctor Parts,Accessories,accessories,No change needed,high
TE-SZPB450FBK,Sx Pedal Board 45X15X4 With Bag,SX Doctor Parts,Accessories,accessories,No change needed,high
TE-SZPB600BK,Sx Pedal Board 60X37X90 With Bag,SX Doctor Parts,Accessories,accessories,No change needed,high
TE-SZPB800BK,Sx Pedal Board 80X41X90 With Bag,SX Doctor Parts,Accessories,accessories,No change needed,high
TE-TLBODY,Sx Tele Body,SX Doctor Parts,Accessories,accessories,No change needed,high
TE-TLNECK/M,Sx Tele Neck Maple Fingerboard,SX Doctor Parts,Accessories,accessories,No change needed,high
TH10,Thomastik Superflexible Violin  A String,Thomastik,Strings,strings,No change needed,high
TH12,Thomastik Superflexible Violin D String,Thomastik,Strings,strings,No change needed,high
TH13,Thomastik Superflexible Violin G String,Thomastik,Strings,strings,No change needed,high
TH130,Thomastik Dominant Violin E String,Thomastik,Strings,strings,No change needed,high
TH131,Thomastik Dominant Violin A String,Thomastik,Strings,strings,No change needed,high
TH132,Thomastik Dominant Violin D String,Thomastik,Strings,strings,No change needed,high
TH135,Thomastik Dominant Violin Set 4/4,Thomastik,Strings,strings,No change needed,high
TH136,Thomastik Dominant Viola A String,Thomastik,Strings,strings,No change needed,high
TH137,Thomastik Dominant Viola D String,Thomastik,Strings,strings,No change needed,high
TH138,Thomastik Dominant Viola G String,Thomastik,Strings,strings,No change needed,high
TH139,Thomastik Dominant Viola C,Thomastik,Strings,strings,No change needed,high
TH142,Thomastik Cello Dominant A String,Thomastik,Strings,strings,No change needed,high
TH144,Thomastik Cello Dominant G String,Thomastik,Strings,strings,No change needed,high
TH145,Thomastik Cello Dominant C String,Thomastik,Strings,strings,No change needed,high
TH147,Thomastik  Dominant Cello Set,Thomastik,Strings,strings,No change needed,high
TH15,Thomastik  Violin Superflexible Set,Thomastik,Strings,strings,No change needed,high
TH18,Thomastik Superflxible Viola  A String,Thomastik,Strings,strings,No change needed,high
TH19,Thomastik Viola Super Flex D String,Thomastik,Strings,strings,No change needed,high
TH20,Thomastik Viola Superflex G String,Thomastik,Strings,strings,No change needed,high
TH21,Thomastik Viola Superflex C String,Thomastik,Strings,strings,No change needed,high
TH211,Thomastik Violin T/Piece 1/2-3/4,Thomastik,Strings,strings,No change needed,high
TH214A,Thomastik Cello T/Piece 1/2,Thomastik,Strings,strings,No change needed,high
TH22,Thomastik  Viola Superflexi  C String,Thomastik,Strings,strings,No change needed,high
TH222,Thomastik Violin T/Piece 1/4,Thomastik,Strings,strings,No change needed,high
TH23,Thomastik Viola Superflex Set,Thomastik,Strings,strings,No change needed,high
TH25,Thomastik Cello Superflex A String,Thomastik,Strings,strings,No change needed,high
TH28,Thomastik Cello Superflex G String,Thomastik,Strings,strings,No change needed,high
TH29,Thomastik Cello Superflex  C String,Thomastik,Strings,strings,No change needed,high
TH31,Thomastik  Cello Superflex Set,Thomastik,Strings,strings,No change needed,high
TH36,Thomastik  D/Bass Superflex G String,Thomastik,Accessories,accessories,No change needed,high
TH37,Thomastik D/Bass Superflex String D,Thomastik,Accessories,accessories,No change needed,high
TH38,Thomastik D/ Bass Superflex A String,Thomastik,Accessories,accessories,No change needed,high
TH39,Thomastik  D/Bass Superfelx  E String,Thomastik,Accessories,accessories,No change needed,high
THAC111,Thomastik Plectrum Guitar String Set,Thomastik,Guitars and Ukuleles,strings,No change needed,high
THAL200,Thomastik Aplpahyue Viola String Set,Thomastik,Strings,strings,No change needed,high
THAL400,Thomastik Alphayue Cello String Set,Thomastik,Strings,strings,No change needed,high
THAL41,Thomastik Alphayue Cello A String,Thomastik,Strings,strings,No change needed,high
THCF127,Thomastik Super Flat Wound 027-045,Thomastik,Accessories,accessories,No change needed,high
THCR127,Thomastik Super Round Wound 027-043,Thomastik,Accessories,accessories,No change needed,high
THGR112,Thomastik George Benson Guitar Strings,Thomastik,Guitars and Ukuleles,strings,No change needed,high
THKF110,Thomastik  Classic S  Flat Wound Set,Thomastik,Accessories,accessories,No change needed,high
THKR116,Thomastik  Classic S  Rope Core Flat Wou,Thomastik,Accessories,accessories,No change needed,high
THP13,Thomastik Single .013 String,Thomastik,Accessories,accessories,No change needed,high
THP16,Thomastik Single  .016 String,Thomastik,Accessories,accessories,No change needed,high
THS26,Thomastik Spirocore Cello A String,Thomastik,Strings,strings,No change needed,high
THSB110,Thomastik Guitar Spectrum Set 10-46,Thomastik,Guitars and Ukuleles,strings,No change needed,high
THSB111,Thomastik Guitar Spectrum Set,Thomastik,Guitars and Ukuleles,strings,No change needed,high
THSP400,Thomastik Spiriti Cello String Set,Thomastik,Strings,strings,No change needed,high
THSP41,Thomastik Spiriti Cello A String,Thomastik,Strings,strings,No change needed,high
THTB109,Thomastik Techno Brights String Set,Thomastik,Strings,strings,No change needed,high
THTB110,Thomastik Techno Brights String Set,Thomastik,Strings,strings,No change needed,high
THTB111,Thomastik Techo Brights 011-046 Set,Thomastik,Accessories,accessories,No change needed,high
THVIT100,Thomastik Titanium Vision  Violin Solo,Thomastik,Strings,strings,No change needed,high
TE-VC201,Valencia 1/4 Classic Guitar Natural,Valencia,Guitars and Ukuleles,strings,No change needed,high
TE-VC201TBU,Valencia 1/4 Classic Guitar Trans Blue,Valencia,Guitars and Ukuleles,strings,No change needed,high
TE-VC201TWR,Valencia 1/4 Classic Guitar Trans Red,Valencia,Guitars and Ukuleles,strings,No change needed,high
TE-VC202,Valencia 1/2 Classic Guitar Natural,Valencia,Guitars and Ukuleles,strings,No change needed,high
TE-VC202TBU,Valencia 1/2 Classic Guitar Trans Blue,Valencia,Guitars and Ukuleles,strings,No change needed,high
TE-VC202TWR,Valencia 1/2 Classic Guitar Trans Red,Valencia,Guitars and Ukuleles,strings,No change needed,high
TE-VC203,Valencia 3/4 Classical Guitar Vintage Na,Valencia,Guitars and Ukuleles,strings,No change needed,high
TE-VC203CSB,Valencia 3/4 Classic Guitar Sunburst,Valencia,Guitars and Ukuleles,strings,No change needed,high
TE-VC204L,Valencia 4/4 Classic Guitar L/Hand Natural,Valencia,Guitars and Ukuleles,strings,No change needed,high
TE-VC304CE,Valencia 4/4 Classic Guitar Cutaway Pickup,Valencia,Guitars and Ukuleles,strings,No change needed,high
TE-VTP10044,Valencia 4/4 Ebony Violin Tailpiece,Valencia,Strings,strings,No change needed,high
TE-VTP50-1/2,Valencia 1/2 Metal Violin Tailpiece,Valencia,Strings,strings,No change needed,high
VDCM1405,Vandoren Black Diamond Clarinet Mouthpiece Bd5,Vandoren,Wind and Brass,wind,No change needed,high
VDCR101,Vandoren Clarinet Reeds 1,Vandoren,Wind and Brass,wind,No change needed,high
VDCR1015,Vandoren Clarinet Reeds 1.5,Vandoren,Wind and Brass,wind,No change needed,high
VDCR102,Vandoren Clarinet Reeds 2,Vandoren,Wind and Brass,wind,No change needed,high
VDCR1025,Vandoren Clarinet Reeds 2.5,Vandoren,Wind and Brass,wind,No change needed,high
VDCR1035,Vandoren Clarinet Reeds 3.5,Vandoren,Wind and Brass,wind,No change needed,high
VDCR105,Vandoren Clarinet Reeds 5,Vandoren,Wind and Brass,wind,No change needed,high
VDCR112,Vandoren Eb Clarinet Reeds 2,Vandoren,Wind and Brass,wind,No change needed,high
VDCR113,Vandoren Eb Clarinet Reeds 3,Vandoren,Wind and Brass,wind,No change needed,high
VDCR1135,Vandoren Eb Clarinet Reeds 3.5,Vandoren,Wind and Brass,wind,No change needed,high
VDCR121,Vandoren Bass Clarinet Reeds 1,Vandoren,Wind and Brass,wind,No change needed,high
VDCR1215,Vandoren Bass Clarinet Reeds 1.5,Vandoren,Wind and Brass,wind,No change needed,high
VDCR122,Vandoren Bass Clarinet Reeds 2,Vandoren,Wind and Brass,wind,No change needed,high
VDCR1225,Vandoren Bass Clarinet Reeds 2.5,Vandoren,Wind and Brass,wind,No change needed,high
VDCR1235,Vandoren Bass Clarinet Reeds 3.5,Vandoren,Wind and Brass,wind,No change needed,high
VDCR124,Vandoren Bass Clarinet Reeds 4,Vandoren,Wind and Brass,wind,No change needed,high
VDCR125,Vandoren Bass Clarinet Reeds 5,Vandoren,Wind and Brass,wind,No change needed,high
VDCR141,Vandoren Alto/Clarinet Reeds 1,Vandoren,Wind and Brass,wind,No change needed,high
VDCR1435,Vandoren Alto/Clarinet Reeds 3.5,Vandoren,Wind and Brass,wind,No change needed,high
VDCR144,Vandoren Alto/Clarinet Reeds 4,Vandoren,Wind and Brass,wind,No change needed,high
VDCR1925,Vandoren Clarinet V12 Reeds 2.5,Vandoren,Wind and Brass,wind,No change needed,high
VDCR195,Vandoren Clarinet V12 Reeds 5,Vandoren,Wind and Brass,wind,No change needed,high
VDCR5025,Vandoren Clariner  56 Rue  2.5 Reeds,Vandoren,Wind and Brass,wind,No change needed,high
VDCR503,Vandoren Clarinet 56 Rue Lepic Reeds 3,Vandoren,Wind and Brass,wind,No change needed,high
VDCR504,Vandoren 56 Rue Lepit Clarinet Reeds 4,Vandoren,Wind and Brass,wind,No change needed,high
VDCR8025,Vandoren V21 Clarinet Reeds 2.5,Vandoren,Wind and Brass,wind,No change needed,high
VDCR803,Vandoren V21 Clarinet Reeds 3,Vandoren,Wind and Brass,wind,No change needed,high
VDCR8035,Vandoren V21 Clarinet Reeds 3.5,Vandoren,Wind and Brass,wind,No change needed,high
VDJCR0115,Vandoren Juno Clarinet Bb Reeds 1.5,Vandoren,Wind and Brass,wind,No change needed,high
VDJCR012,Vandoren Juno Clarinet Reeds 2,Vandoren,Wind and Brass,wind,No change needed,high
VDJCR0125,Vandoren Juno Bb Calrinet Reeds 2.5,Vandoren,Wind and Brass,wind,No change needed,high
VDJCR013,Vandoren Juno Clarinet Reeds 3,Vandoren,Wind and Brass,wind,No change needed,high
VDJCR0135,Vandoren Juno Clarinet Reeds 3.5,Vandoren,Wind and Brass,wind,No change needed,high
VDJSR512/3,Vandoren Juno Soprano Reeds 2 3 Pack,Vandoren,Wind and Brass,wind,No change needed,high
VDJSR5125/3,Vandoren Juno Soprano Reeds 2.5 3 Pack,Vandoren,Wind and Brass,wind,No change needed,high
VDJSR513/3,Vandoren Juno Soprano Reeds 3 3Pack,Vandoren,Wind and Brass,wind,No change needed,high
VDJSR6115,Vandoren Juno Alto Sax Reeds 1.5,Vandoren,Wind and Brass,wind,No change needed,high
VDJSR612,Vandoren Juno Alto Sax Reeds 2,Vandoren,Wind and Brass,wind,No change needed,high
VDJSR6125,Vandoren Juno Alto Sax Reeds 2.5,Vandoren,Wind and Brass,wind,No change needed,high
VDJSR6135,Vandoren Juno Alto Reeds 3.5,Vandoren,Wind and Brass,wind,No change needed,high
VDJSR7115,Vandoren Juno Tenor Reeds 1.5,Vandoren,Wind and Brass,wind,No change needed,high
VDJSR712,Vandoren Juno Tenor Sax Reeds 2,Vandoren,Wind and Brass,wind,No change needed,high
VDJSR7125,Vandoren Juno Tenor Sax Reeds 2.5,Vandoren,Wind and Brass,wind,No change needed,high
VDLC080P,Vandoren Teno Optimum Lig V16 Metal +Cap,Vandoren,Accessories,accessories,No change needed,high
VDLC08P,Vandoren Optimum Plastique Ligature,Vandoren,Accessories,accessories,No change needed,high
VDLC27P,Vandoren Alto Ligature Leather & Cap,Vandoren,Accessories,accessories,No change needed,high
VDLC28P,Vandoren Cuir Ligature Tenor Sax,Vandoren,Wind and Brass,wind,No change needed,high
VDLC31P,Vandoren Klassik Clarinet Ligature+Cap,Vandoren,Wind and Brass,wind,No change needed,high
VDLC831,Vandoren Optimum Soprano Sax Lig/Cap,Vandoren,Wind and Brass,wind,No change needed,high
VDRC810,Vandoren Clarinet Reed Holder 8 Compartm,Vandoren,Wind and Brass,wind,No change needed,high
VDSM414,Vandoren Alto V5 A27 Mouthpiece,Vandoren,Accessories,accessories,No change needed,high
VDSR201,Vandoren Soprano Reeds 1,Vandoren,Wind and Brass,wind,No change needed,high
VDSR2015,Vandoren Soprano Reeds 1.5,Vandoren,Wind and Brass,wind,No change needed,high
VDSR202,Vandoren Soprano Reeds 2,Vandoren,Wind and Brass,wind,No change needed,high
VDSR2025,Vandoren Soprano Reeds 2.5,Vandoren,Wind and Brass,wind,No change needed,high
VDSR203,Vandoren Soprano Reeds 3,Vandoren,Wind and Brass,wind,No change needed,high
VDSR2035,Vandoren Soprano Reeds 3.5,Vandoren,Wind and Brass,wind,No change needed,high
VDSR2115,Vandoren Alto Reeds 1.5,Vandoren,Wind and Brass,wind,No change needed,high
VDSR212,Vandoren Alto Reeds 2,Vandoren,Wind and Brass,wind,No change needed,high
VDSR2125,Vandoren Alto Reeds 2.5,Vandoren,Wind and Brass,wind,No change needed,high
VDSR213,Vandoren Alto Reeds 3,Vandoren,Wind and Brass,wind,No change needed,high
VDSR2135,Vandoren Alto Reeds 3.5,Vandoren,Wind and Brass,wind,No change needed,high
VDSR215,Vandoren Alto Reeds 5,Vandoren,Wind and Brass,wind,No change needed,high
VDSR221,Vandoren Tenor 1,Vandoren,Accessories,accessories,No change needed,high
VDSR2215,Vandoren Tenor Reeds 1.5,Vandoren,Wind and Brass,wind,No change needed,high
VDSR222,Vandoren Tenor Reeds 2,Vandoren,Wind and Brass,wind,No change needed,high
VDSR2225,Vandoren Tenor Reeds 2.5,Vandoren,Wind and Brass,wind,No change needed,high
VDSR2235,Vandoren Tenor Reeds 3.5,Vandoren,Wind and Brass,wind,No change needed,high
VDSR253,Vandoren Bass Reed 3,Vandoren,Wind and Brass,wind,No change needed,high
VDSR261,Vandoren Java Alto Reeds 1,Vandoren,Wind and Brass,wind,No change needed,high
VDSR2615,Vandoren Java Alto Reeds 1.5,Vandoren,Wind and Brass,wind,No change needed,high
VDSR2615R,Vandoren Alto Java Red Cut 1.5 Reeds,Vandoren,Wind and Brass,wind,No change needed,high
VDSR262,Vandoren Java Alto Reeds 2,Vandoren,Wind and Brass,wind,No change needed,high
VDSR2625,Vandoren Java Alto 2.5,Vandoren,Accessories,accessories,No change needed,high
VDSR2625R,Vandoren Alto Java Red Cut 2.5 Reeds,Vandoren,Wind and Brass,wind,No change needed,high
VDSR262R,Vandoren Alto Java Red Cut 2 Reeds,Vandoren,Wind and Brass,wind,No change needed,high
VDSR2635,Vandoren Java Alto Reeds 3.5,Vandoren,Wind and Brass,wind,No change needed,high
VDSR2635R,Vandoren Java Alto Red Cut 3.5 Reeds,Vandoren,Wind and Brass,wind,No change needed,high
VDSR263R,Vandoren Java Alto Red Cut 3,Vandoren,Accessories,accessories,No change needed,high
VDSR264,Vandoren Alto Reeds 4,Vandoren,Wind and Brass,wind,No change needed,high
VDSR271,Vandoren Java Tenor Reeds 1,Vandoren,Wind and Brass,wind,No change needed,high
VDSR2715,Vandoren Java Tenor Reeds 1.5,Vandoren,Wind and Brass,wind,No change needed,high
VDSR2715R,Vandoren Tenor Java Red Cut 1.5 Reeds,Vandoren,Wind and Brass,wind,No change needed,high
VDSR272,Vandoren Java Tenor Reeds 2,Vandoren,Wind and Brass,wind,No change needed,high
VDSR2725R,Vandoren Tenor Java Red Cut 2.5 Reeds,Vandoren,Wind and Brass,wind,No change needed,high
VDSR272R,Vandoren Tenor Java Red Cut 2 Reeds,Vandoren,Wind and Brass,wind,No change needed,high
VDSR273,Vandoren Java Tenor 3,Vandoren,Accessories,accessories,No change needed,high
VDSR2735,Vandoren Java Tenor Reeds 3.5,Vandoren,Wind and Brass,wind,No change needed,high
VDSR2735R,Vandoren Tenor Sax 3.5,Vandoren,Wind and Brass,wind,No change needed,high
VDSR275,Vandoren Java Tenor Reeds 5,Vandoren,Wind and Brass,wind,No change needed,high
VDSR302,Vandoren Java Soprano Sax Reeds 2,Vandoren,Wind and Brass,wind,No change needed,high
VDSR3025,Vandoren Java Soprano Reeds 2.5,Vandoren,Wind and Brass,wind,No change needed,high
VDSR303,Vandoren Java Soprano Reeds 3,Vandoren,Wind and Brass,wind,No change needed,high
VDSR3035,Vandoren Java Soprano Reeds 3.5,Vandoren,Wind and Brass,wind,No change needed,high
VDSR304,Vandoren Java Soprano Reeds 4,Vandoren,Wind and Brass,wind,No change needed,high
VDSR4115,Vandoren Alto Sax Zz Jazz Reeds 1.5,Vandoren,Wind and Brass,wind,No change needed,high
VDSR4125,Vandoren Alto Sax Zz Jazz Reeds 2.5,Vandoren,Wind and Brass,wind,No change needed,high
VDSR413,Vandoren Alto Sax Zz Jazz Rreds 3,Vandoren,Wind and Brass,wind,No change needed,high
VDSR4135,Vandoren Alto Sax Zz Jazz Reeds 3.5,Vandoren,Wind and Brass,wind,No change needed,high
VDSR414,Vandoren Alto Sax Zz Jazz Reeds 4,Vandoren,Wind and Brass,wind,No change needed,high
VDSR4215,Vandoren Tenor Zz Jazz Sax  Reeds 1.5,Vandoren,Wind and Brass,wind,No change needed,high
VDSR422,Vandoren Tenor Zz Jazz Reeds 2,Vandoren,Wind and Brass,wind,No change needed,high
VDSR4225,Vandoren Tenor Zz Jazz Sax Reeds 2.5,Vandoren,Wind and Brass,wind,No change needed,high
VDSR423,Vandoren Zz  Jazz Tenor Sax Reeds 3,Vandoren,Wind and Brass,wind,No change needed,high
VDSR4235,Vandoren Zz Jazz Tenor Sax Reeds 3.5,Vandoren,Wind and Brass,wind,No change needed,high
VDSR442,Vandoren Zz Baritone Sax 2,Vandoren,Wind and Brass,wind,No change needed,high
VDSR4425,Vandoren Baritone Sax Jazz Reeds 2.5,Vandoren,Wind and Brass,wind,No change needed,high
VDSR4435,Vandoren Zzz Baritone 3.5,Vandoren,Accessories,accessories,No change needed,high
VDSR444,Vandoren Zz Baritone 4 Reeds,Vandoren,Wind and Brass,wind,No change needed,high
VDSR6125,Vandoren V12 2.5 Alto Reeds,Vandoren,Wind and Brass,wind,No change needed,high
VDSR613,Vandoren V12 Alto Reeds 3,Vandoren,Wind and Brass,wind,No change needed,high
VDSR6135,Vandoren V12 Alto Reeds 3.5,Vandoren,Wind and Brass,wind,No change needed,high
VDSR623,Vandoren V12 Tenor 3 Reeds,Vandoren,Wind and Brass,wind,No change needed,high
VDSR7015,Vandoren Alto V16  Reeds 1.5,Vandoren,Wind and Brass,wind,No change needed,high
VDSR702,Vandoren Alto V16 Reeds 2,Vandoren,Wind and Brass,wind,No change needed,high
VDSR7025,Vandoren Alto V16 Reeds 2.5,Vandoren,Wind and Brass,wind,No change needed,high
VDSR7035,Vandoren Alto V16 Reeds 3.5,Vandoren,Wind and Brass,wind,No change needed,high
VDSR704,Vandoren Alto V16 Reeds 4,Vandoren,Wind and Brass,wind,No change needed,high
VDSR705,Vandoren Alto Eb V16 5,Vandoren,Accessories,accessories,No change needed,high
VDSR7125,Vandoren V16 Soprano Reeds 2.5,Vandoren,Wind and Brass,wind,No change needed,high
VDSR713,Vandoren V16 Soprano Reeds 3,Vandoren,Wind and Brass,wind,No change needed,high
VDSR7135,Vandoren V16 Soprano Reeds 3.5,Vandoren,Wind and Brass,wind,No change needed,high
VDSR714,Vandoren V16 Soprano Reeds 4,Vandoren,Wind and Brass,wind,No change needed,high
VDSR7215,Vandoren Tenor V16 Reeds 1.5,Vandoren,Wind and Brass,wind,No change needed,high
VDSR722,Vandoren Tenor V16 Reeds 2,Vandoren,Wind and Brass,wind,No change needed,high
VDSR7235,Vandoren Tenor V16 Reeds 3.5,Vandoren,Wind and Brass,wind,No change needed,high
VDSR8025,Vandoren Soprano V21 Reeds 2.5,Vandoren,Wind and Brass,wind,No change needed,high
VDSR8125,Vandoren Alto Sax V21 Reeds 2.5,Vandoren,Wind and Brass,wind,No change needed,high
VDSR813,Vandoren V21 Alto Sax Reeds 3,Vandoren,Wind and Brass,wind,No change needed,high
VDSR8135,Vandoren V21 Alto Sax Reeds 3.5,Vandoren,Wind and Brass,wind,No change needed,high
VDSR8225,Vandoren Tenor V21 Reeds 2.5,Vandoren,Wind and Brass,wind,No change needed,high
VDH,Vater Drink Holder,Vater,Accessories,drums,"Brand ""Vater"" makes drum/percussion products only",high
VHBB525,Vater Bebop 525 Wood Tip,Vater,Accessories,drums,"Brand ""Vater"" makes drum/percussion products only",high
VHC7AN,Vater Classic 7A Nylon Tip,Vater,Accessories,drums,"Brand ""Vater"" makes drum/percussion products only",high
VHCBBW,Vater Classic Big Band Wood Sabu Satcha,Vater,Accessories,drums,"Brand ""Vater"" makes drum/percussion products only",high
VHCS30,Vater Chad Smith 30Th. Anniversary Sig,Vater,Accessories,drums,"Brand ""Vater"" makes drum/percussion products only",high
VHP3AW,Vater Power 3A Wood,Vater,Accessories,drums,"Brand ""Vater"" makes drum/percussion products only",high
VHVCW,Vater Vinnie Colaiuta Sig Stick,Vater,Accessories,drums,"Brand ""Vater"" makes drum/percussion products only",high
VP1AW,Vater 1A Wood Tip,Vater,Accessories,drums,"Brand ""Vater"" makes drum/percussion products only",high
VP5A,Vater 5A Nylon Tip,Vater,Accessories,drums,"Brand ""Vater"" makes drum/percussion products only",high
VP5AW,Vater 5A Wood Tip,Vater,Accessories,drums,"Brand ""Vater"" makes drum/percussion products only",high
VP5B,Vater 5B Nylon Tip,Vater,Accessories,drums,"Brand ""Vater"" makes drum/percussion products only",high
VP5BW,Vater 5B Wood Tip,Vater,Accessories,drums,"Brand ""Vater"" makes drum/percussion products only",high
VP7A,Vater 7A Nylon Tip,Vater,Accessories,drums,"Brand ""Vater"" makes drum/percussion products only",high
VP7AW,Vater 7A Wood Tip,Vater,Accessories,drums,"Brand ""Vater"" makes drum/percussion products only",high
VPFUSION,Vater Fusion Wood Tip,Vater,Accessories,drums,"Brand ""Vater"" makes drum/percussion products only",high
VPGW5AW,Vater Goodwood 5A Wood,Vater,Accessories,drums,"Brand ""Vater"" makes drum/percussion products only",high
VPGW5B,Vater Goodwood 5B  Nylon,Vater,Accessories,drums,"Brand ""Vater"" makes drum/percussion products only",high
VPGW5BW,Vater Goodwood 5B Wood,Vater,Accessories,drums,"Brand ""Vater"" makes drum/percussion products only",high
VPGW7A,Vater Goodwood 7A Nylon,Vater,Accessories,drums,"Brand ""Vater"" makes drum/percussion products only",high
VPGW7AW,Vater Goodwood 7A Wood,Vater,Accessories,drums,"Brand ""Vater"" makes drum/percussion products only",high
VPMAS,Vater  Accoustic Rods,Vater,Accessories,drums,"Brand ""Vater"" makes drum/percussion products only",high
VPPOWER5B,Vater Power 5B Nylon Tip,Vater,Accessories,drums,"Brand ""Vater"" makes drum/percussion products only",high
VPPOWER5BWMORNE,Vater 5B Wood Power Morne Sig,Vater,Accessories,drums,"Brand ""Vater"" makes drum/percussion products only",high
VPRECW,Vater  Recording Wood,Vater,Accessories,drums,"Brand ""Vater"" makes drum/percussion products only",high
VPRECWANDRIES,Vater Recording Wood A Visser Sig,Vater,Accessories,drums,"Brand ""Vater"" makes drum/percussion products only",high
VSS,Vater Stick Shield,Vater,Accessories,drums,"Brand ""Vater"" makes drum/percussion products only",high
VSSM,Vater Mallet Stiock Shield,Vater,Accessories,drums,"Brand ""Vater"" makes drum/percussion products only",high
VSTGR,Vater Stick & Finger Tape Green,Vater,Accessories,drums,"Brand ""Vater"" makes drum/percussion products only",high
VTIPS,Vater Practise Tips,Vater,Accessories,drums,"Brand ""Vater"" makes drum/percussion products only",high
VTP,Vater Tech Pack,Vater,Accessories,drums,"Brand ""Vater"" makes drum/percussion products only",high
WAR-WRB150401AA,Warwick R/Bass Corv Basic 4Str Natural Activ,Warwick,Accessories,accessories,No change needed,high
WAR-WRB150405AA,Warwick R/Bass Corv Basic 4Str H/Violin,Warwick,Strings,strings,No change needed,high
WAR-WRB150505AA,Warwick R/Bass Corv Basic 5Str H/Violin,Warwick,Strings,strings,No change needed,high
WAR-WRB150559AA,Warwick R/Bass Corv Classic 5Str S/Burst,Warwick,Accessories,accessories,No change needed,high
WAR-WRB151405PA,Warwick R/Bass Streamer Standard 4Str H/Violi,Warwick,Accessories,accessories,No change needed,high
WAR-WRB154531PA,Warwick R/Bass Streamer Lx 5Str Red,Warwick,Accessories,accessories,No change needed,high
WAR-0241405,Warwick Surface Finisher Wax,Warwick,Accessories,accessories,No change needed,high
WAR-1505081000,Warwick R/Bass  Corvette Prem 5Str Natural,Warwick,Accessories,accessories,No change needed,high
WAR-30383D6MBA,Warwick 3M Microphone Cable Male Balanced,Warwick,Pro Audio,pro-audio,No change needed,high
WAR-38210ML4,Warwick Emp Coated Bass 4Str M40-100,Warwick,Accessories,accessories,No change needed,high
WAR-42200M4,Warwick Red Lab Bass Strings 4 St 45-105,Warwick,Accessories,accessories,No change needed,high
WAR-42210ML4,Warwick Red Label Bass Strings 40-100,Warwick,Accessories,accessories,No change needed,high
WAR-42300ML5B,Warwick Red Label Bass Strings 40-130,Warwick,Accessories,accessories,No change needed,high
WAR-42301M5B,Warwick R/Label 5Str Bass Strings 45-135,Warwick,Accessories,accessories,No change needed,high
WAR-42401M6,Warwick Red Lab Bass String 6 String 45-135,Warwick,Accessories,accessories,No change needed,high
WAR-M50100/C,Warwick Mec Prof Input Jack For  Bass,Warwick,Accessories,accessories,No change needed,high
WAR-M85100,Warwick Mec Bass/Trbele Pot 100K,Warwick,Accessories,accessories,No change needed,high
WAR-MULTITOOL,Warwick Guitar Multi Tool With S/Winder,Warwick,Guitars and Ukuleles,strings,No change needed,high
WAR-RB20505B,Warwick  Bass Guitar Bag - Deluxe,Warwick,Guitars and Ukuleles,strings,No change needed,high
WAR-RB20508B,Warwick Classic Guitar Bag Deluxe,Warwick,Guitars and Ukuleles,strings,No change needed,high
WAR-RB20510B,Warwick Ac/Bass Bag - Deluxe,Warwick,Accessories,accessories,No change needed,high
WAR-RB20515B,Warwick  Student Line Bass Bag,Warwick,Accessories,accessories,No change needed,high
WAR-RB20517B,Warwick 4/5 String Banjo Bag Deluxe,Warwick,Guitars and Ukuleles,strings,No change needed,high
WAR-RB20518B,Warwick Student Classic  Guitar Bag,Warwick,Guitars and Ukuleles,strings,No change needed,high
WAR-RB20519B,Warwick Student Western Guitar Bag,Warwick,Guitars and Ukuleles,strings,No change needed,high
WAR-RB20523B,Warwick 1/2 Classic Bag,Warwick,Accessories,accessories,No change needed,high
WAR-RB20524B,Warwick 3/4 Classic Bag,Warwick,Accessories,accessories,No change needed,high
WAR-RB20525B,Warwick Basic Bag Electric Bass,Warwick,Accessories,strings,Bass guitar (not accessory),high
WAR-RB20526B,Warwick Basic Bag Electric,Warwick,Accessories,accessories,No change needed,high
WAR-RB20529B,Warwick Basic  Accoustic Guitar Bag,Warwick,Guitars and Ukuleles,strings,No change needed,high
WAR-RB20534B,Warwick 3/4 Classic Bag Economy Black,Warwick,Accessories,accessories,No change needed,high
WAR-RB20535B,Warwick Economy Bass Bag Black,Warwick,Accessories,accessories,No change needed,high
WAR-RB20536B,Warwick Eco Electric Guitar Bag Black,Warwick,Guitars and Ukuleles,strings,No change needed,high
WAR-RB20538B,Warwick Classic Bag Economy Line,Warwick,Accessories,accessories,No change needed,high
WAR-RB20539B,Warwick Western Bag Economy Line,Warwick,Accessories,accessories,No change needed,high
WAR-RB22160B,Warwick Cymbal Pad Standard,Warwick,Drums and Percussion,drums,No change needed,high
WAR-RB22170B,Warwick Hi Hat Pad,Warwick,Accessories,accessories,No change needed,high
WAR-RB22195B,Warwick Silent Impact Set Starter Ii,Warwick,Accessories,accessories,No change needed,high
WAR-RB22197B,Warwick Silent Impact Fusion 22  Set,Warwick,Accessories,accessories,No change needed,high
WAR-RB22444B,Warwick Student Line 14X5.5  Snare Bag,Warwick,Drums and Percussion,drums,No change needed,high
WAR-RB22501B,Warwick Drummer H/Ware Bag 44,Warwick,Drums and Percussion,drums,No change needed,high
WAR-RB23011B,Warwick Amp Bag For Lwa1000 Watt Amp Hd,Warwick,Accessories,accessories,No change needed,high
WAR-RB24903B,Warwick Velcro Binder 20X300Mm,Warwick,Accessories,accessories,No change needed,high
WAR-RB99051,Warwick Bass Guitar String Display - Dual,Warwick,Guitars and Ukuleles,strings,No change needed,high
WAR-RB99055,Warwick Bass Guitar String Display - 9Vp,Warwick,Guitars and Ukuleles,strings,No change needed,high
WAR-RBO2.2DUOB,Warwick R/Board 61X14.6Cm With Bag,Warwick,Accessories,accessories,No change needed,high
WAR-RBO3.0TRESB,Warwick R/Board 43.2X23.6Cm With Bag,Warwick,Accessories,accessories,No change needed,high
WAR-RBO3.1TRESB,Warwick Rockboard 51X23.6Cm With Bag,Warwick,Accessories,accessories,No change needed,high
WAR-RBO3.2TRESB,Warwick R/Board 59.8X23.6Cm With Bag,Warwick,Accessories,accessories,No change needed,high
WAR-RBO3.3TRESB,Warwick R/Board 3.3Tres 72.2X23.6Cm Bag,Warwick,Accessories,accessories,No change needed,high
WAR-RBO4.3QUADB,Warwick R/Board 61X32.6Cm With Bag,Warwick,Accessories,accessories,No change needed,high
WAR-RBO4.4QUADB,Warwick R/Board 4.4Quad 72.2X33Cm,Warwick,Accessories,accessories,No change needed,high
WAR-RBOB2.0DUOB,Warwick R/Board 2.0 Duo 31.8X142.Cm + Bg,Warwick,Accessories,accessories,No change needed,high
WAR-RBOB2.3DUOB,Warwick R/Board 2.3Duo 72.2X14.2Cm With Bag,Warwick,Accessories,accessories,No change needed,high
WAR-RBOB4.1QUAD,Warwick Rockboard 46X32.6Cm With Gig Bag,Warwick,Accessories,accessories,No change needed,high
WAR-RBOB5.3CINQ,Warwick R/Board + Bag Cinque 5.3 81X41.6,Warwick,Accessories,accessories,No change needed,high
WAR-RBOBMOD1V2,Warwick Rockboard Mod1 Ver.2 Xlr,Warwick,Accessories,accessories,No change needed,high
WAR-RBOBMODUL3,Warwick Rockboard With Xlr Trs For Vocal,Warwick,Accessories,accessories,No change needed,high
WAR-RBOBTHETRAY,Warwick Rockboard The Tray,Warwick,Accessories,accessories,No change needed,high
WAR-RBOCABPCF10,Warwick Rockboard Flat Patch Cable 10Cm,Warwick,Accessories,accessories,No change needed,high
WAR-RBOCABPCF20,Warwick Rockborad Flat Patch Cable 20Cm,Warwick,Accessories,accessories,No change needed,high
WAR-RBOCABPCF30,Warwick Rockboard Flat Patch Cable 30Cm,Warwick,Accessories,accessories,No change needed,high
WAR-RBOCABPCF60,Warwick Rockboard Flat Patch Cable 60Cm,Warwick,Accessories,accessories,No change needed,high
WAR-RBOCABPODC8,Warwick Daisy Chaine Flat Cable 8 Angled,Warwick,Accessories,accessories,No change needed,high
WAR-RBOCABPWSET,Warwick Patch Works Solderless Set,Warwick,Accessories,accessories,No change needed,high
WAR-RBOEHA1,Warwick In Ears Headphone Amplifier,Warwick,Pro Audio,pro-audio,No change needed,high
WAR-RBOENSB,Warwick Rockboard Natural Sound Buffer,Warwick,Accessories,accessories,No change needed,high
WAR-RBOERPA100,Warwick R/Board 100W Power Attenuator,Warwick,Accessories,accessories,No change needed,high
WAR-RBOEST01V2,Warwick Chromatic Stage Pedal Tuner,Warwick,Accessories,accessories,No change needed,high
WAR-RBOFY30BK,Warwick Flat Cable Y Splitter 30Cm,Warwick,Accessories,accessories,No change needed,high
WAR-RBOLEDLIGHT,Warwick Rockboard Led Light,Warwick,Accessories,accessories,No change needed,high
WAR-RBOMODISODC,Warwick Iso Power Dc1,Warwick,Accessories,accessories,No change needed,high
WAR-RBOPOWISO6,Warwick Power Block V6,Warwick,Accessories,accessories,No change needed,high
WAR-RCL20914D4,Warwick Stereo Mini Jack To 2 Mono J 3M,Warwick,Accessories,accessories,No change needed,high
WAR-RCL30203D6,Warwick Instrument Cable 3M Jack To Jack,Warwick,Accessories,accessories,No change needed,high
WAR-RCL30206D6,Warwick Instrument J-J Cable 6M,Warwick,Accessories,accessories,No change needed,high
WAR-RCL30209D6,Warwick Instrument J-J Cable 9M,Warwick,Accessories,accessories,No change needed,high
WAR-RCL30256D6,Warwick Instr Cable Angled 6M,Warwick,Accessories,accessories,No change needed,high
WAR-RCL30301D6,Warwick Microphone Cable Xlr-Xlr 1Metre,Warwick,Pro Audio,pro-audio,No change needed,high
WAR-RCL30303D6,Warwick Xlr- Xlr  Microphone Cable 3M,Warwick,Pro Audio,pro-audio,No change needed,high
WAR-RCL30306D6,Warwick Xlr-Xlr Microphone Cable 6M,Warwick,Pro Audio,pro-audio,No change needed,high
WAR-RCL30309D6,Warwick Xlr-Xlr  Microphone Cable 9M,Warwick,Pro Audio,pro-audio,No change needed,high
WAR-RCL30315D7,Warwick Microphone Cable 15M Xlr-Xlr,Warwick,Pro Audio,pro-audio,No change needed,high
WAR-RCL30320D7,Warwick Microphone Cable 20M Xlr-Xlr,Warwick,Pro Audio,pro-audio,No change needed,high
WAR-RCL30383FBA,Warwick 3M Fxlr - Jack Balanced,Warwick,Accessories,accessories,No change needed,high
WAR-RCL30383MBA,Warwick 3M Mxlr- Jack Balanced,Warwick,Accessories,accessories,No change needed,high
WAR-RCL30401D7,Warwick 1M Speaker Cable J-J Black,Warwick,Pro Audio,pro-audio,No change needed,high
WAR-RS20930B,Warwick Horizontal Guitar Wall Stand Black,Warwick,Guitars and Ukuleles,strings,No change needed,high
WAR-RS24000B,Warwick Foot Rest Black,Warwick,Accessories,accessories,No change needed,high
WAR-RTMT1,Warwick Rock Metronome,Warwick,Accessories,accessories,No change needed,high
WAR-SPRB120,Warwick Active Mec Electronics,Warwick,Accessories,accessories,No change needed,high
WAR-SPW30035B1R,Warwick Machine Head Black Right,Warwick,Accessories,accessories,No change needed,high
WAR-SPW30035PB1,Warwick Machine Heads Black Left,Warwick,Accessories,accessories,No change needed,high
WAR-SPW30038P1L,Warwick Machine Head Chrome Left,Warwick,Accessories,accessories,No change needed,high
WAR-SPW30120N,Warwick Saddle Set Normal Space Narrow,Warwick,Accessories,accessories,No change needed,high
WAR-SPW30120W,Warwick Saddle Set Normal Space Wide,Warwick,Accessories,accessories,No change needed,high
WAR-SPW30244,Warwick Just A Nut Iii 4Str,Warwick,Accessories,accessories,No change needed,high
WAR-SPW30245,Warwick Just A Nut Iii 5Str,Warwick,Accessories,accessories,No change needed,high
WAR-SPW30246,Warwick Just A Nut 6 String,Warwick,Accessories,accessories,No change needed,high
WAR-SPW30315SB,Warwick Strap Lock Set Black,Warwick,Accessories,accessories,No change needed,high
WAR-SPW30318SC,Warwick Strap Lock Set Chrome,Warwick,Accessories,accessories,No change needed,high
WAR-SPW50008,Warwick Plastic Back Cover Black,Warwick,Accessories,accessories,No change needed,high
WAR-SPW70107,Warwick Volume/Balance Stack Knob,Warwick,Accessories,accessories,No change needed,high
WAR-WRB150401AA,Warwick R/Bass Corv Basic 4Str Natural Activ,Warwick,Accessories,accessories,No change needed,high
WAR-WRB150405AA,Warwick R/Bass Corv Basic 4Str H/Violin,Warwick,Strings,strings,No change needed,high
WAR-WRB150505AA,Warwick R/Bass Corv Basic 5Str H/Violin,Warwick,Strings,strings,No change needed,high
WAR-WRB150559AA,Warwick R/Bass Corv Classic 5Str S/Burst,Warwick,Accessories,accessories,No change needed,high
WAR-WRB151405PA,Warwick R/Bass Streamer Standard 4Str H/Violi,Warwick,Accessories,accessories,No change needed,high
WAR-WRB154531PA,Warwick R/Bass Streamer Lx 5Str Red,Warwick,Accessories,accessories,No change needed,high
WKH61,Wolf Maestro Chin Rest Napa Leather,Wolf,Accessories,accessories,No change needed,high
WSR22,Wolf Forte Primo Violin Shoulder Rest 4/4-3/4,Wolf,Strings,strings,No change needed,high
WSR24,Wolf Violin Forte Seconda 1/2 1/4,Wolf,Strings,strings,No change needed,high
XVP3,Xvive P3 Wireless Xlr Audio Adaptor,XVive,Accessories,accessories,No change needed,high
XVPX,Xvive Portable 3 Channles Personal Mixer,XVive,Pro Audio,pro-audio,No change needed,high
XVU3,Xvive U3 Wireless Microphone System,XVive,Pro Audio,pro-audio,No change needed,high
XVU3C,Xvive Condenser Microphone Wireless Sysstem,XVive,Pro Audio,pro-audio,No change needed,high
XVU3D,Xvive Dual Microphone Wireless System,XVive,Pro Audio,pro-audio,No change needed,high
XVU4R2,Xvive Inear Wireless Monitor System Pack,XVive,Pro Audio,pro-audio,No change needed,high
XVU4R4,Xvive Wireless In Ear Monitor System,XVive,Pro Audio,pro-audio,No change needed,high
XVU7,Xvive Sax & Trumpet Wireless System With Ca,XVive,Wind and Brass,wind,No change needed,high
XVU8,Xvive Acoustic Guitar Wireless System,XVive,Guitars and Ukuleles,strings,No change needed,high
XVU9,Xvive Violin Wireless System,XVive,Strings,strings,No change needed,high
